frame,track_id,timestamp,center_x,center_y,x1,y1,x2,y2,x3,y3,x4,y4,class_id
0,1,0.1,15.995919675555342,1168.120750599672,0.0,1153.6992309266975,0.0,1181.6967088585966,47.30517981248627,1182.5422702726464,47.68098488539728,1154.5447923407473,1
0,2,0.1,1948.9145050459786,17.76933956962921,1963.2209282211568,0.0,1935.2222588111997,0.0,1934.6080818708003,49.13135889129791,1962.6067512807574,49.404326420364306,1
1,1,0.2,25.116145318301733,1168.243169735816,0.0,1153.8216500628403,0.0,1181.8191279947393,56.42540545523204,1182.664689408792,56.80121052814425,1154.6672114768928,1
1,2,0.2,1948.8277801799977,26.664832965956293,1963.134203355176,0.0,1935.1355339452189,0.0,1934.5213570048195,58.02685228762499,1962.5200264147766,58.29981981669139,1
2,1,0.30000000000000004,34.36067692823849,1168.3672574084326,3.051416791307524,1153.9457377354584,2.6756117183965884,1181.9432156673572,65.66993706516945,1182.7887770814068,66.04574213808039,1154.791299149508,1
2,2,0.30000000000000004,1948.7398254020572,35.68648018898108,1963.0462485772355,4.324460867312382,1935.0475791672784,4.051493338245983,1934.433402226879,67.04849951064978,1962.432071636836,67.32146703971617,1
3,1,0.4,43.72950183156172,1168.4930134474034,12.420241694630754,1154.0714937744292,12.044436621719818,1182.068971706328,75.03876196849268,1182.9145331203777,75.41456704140361,1154.9170551884788,1
3,2,0.4,1948.6506407121574,44.83428123870374,1962.957063887336,13.472261917035212,1934.9583944773788,13.199294387968479,1934.3442175369787,76.19630056037226,1962.342886946936,76.469268089439,1
4,1,0.5,53.22263270207554,1168.6204380228467,21.913372565144616,1154.1989183498722,21.53756749223361,1182.1963962817713,84.53189283900647,1183.041957695821,84.90769791191748,1155.044479763922,1
4,2,0.5,1948.5602261102981,54.10823611512416,1962.8666492854763,22.746216793455467,1934.8679798755193,22.473249264389054,1934.25380293512,85.47025543679285,1962.252472345077,85.74322296585926,1
5,1,0.6,62.84006953977996,1168.749531134762,31.530809402848995,1154.3280114617878,31.15500432993806,1182.3254893936867,94.14932967671092,1183.1710508077363,94.52513474962186,1155.1735728758374,1
5,2,0.6,1948.4685815964795,63.50834481824228,1962.7750047716577,32.14632549657358,1934.7763353617006,31.873357967507182,1934.1621584213012,94.87036413991098,1962.1608278312583,95.14333166897737,1
6,1,0.7,72.58181234467543,1168.88029278315,41.27255220774446,1154.4587731101758,40.896747134833525,1182.4562510420747,103.89107248160639,1183.3018124561243,104.26687755451732,1155.3043345242254,1
6,2,0.7,1948.3757071707014,73.03460734805827,1962.6821303458796,41.67258802638958,1934.6834609359225,41.39962049732317,1934.0692839955232,104.39662666972697,1962.0679534054802,104.66959419879338,1
7,1,0.7999999999999999,82.44786111676149,1169.0127229680102,51.13860097983121,1154.5912032950343,50.76279590691894,1182.5886812269334,113.75712125369176,1183.434242640986,114.13292632660404,1155.436764709087,1
7,2,0.7999999999999999,1948.2816028329637,82.68702370457197,1962.588026008142,51.32500438290327,1934.5893565981848,51.052036853836874,1933.9751796577855,114.04904302624067,1961.9738490677425,114.32201055530706,1
8,1,0.8999999999999999,92.43794554950273,1169.1468180610673,61.12868541257242,1154.7252983880915,60.75288033966021,1182.7227763199905,123.74720568643303,1183.568337734043,124.12301075934525,1155.570859802144,1
8,2,0.8999999999999999,1948.1862685832668,92.46559388778348,1962.492691758445,61.10357456611479,1934.494022348488,60.83060703704839,1933.8798454080886,123.82761320945218,1961.8785148180457,124.10058073851857,1
9,1,0.9999999999999999,102.55233594943479,1169.2825816905965,71.24307581250449,1154.8610620176207,70.86727073959227,1182.8585399495198,133.8615960863651,1183.7041013635724,134.2374011592773,1155.7066234316733,1
9,2,0.9999999999999999,1948.0897044216103,102.37031789769281,1962.3961275967886,71.00829857602412,1934.3974581868315,70.73533104695771,1933.7832812464321,133.7323372193615,1961.7819506563892,134.00530474842793,1
10,1,1.0999999999999999,112.79103231655768,1169.420013856598,81.48177217962672,1154.9984941836237,81.10596710671578,1182.9959721155226,144.10029245348863,1183.8415335295722,144.47609752639957,1155.8440555976733,1
10,2,1.0999999999999999,1947.9919103479942,112.4011957342999,1962.2983335231725,81.0391764126312,1934.2996641132154,80.7662088835648,1933.685487172816,143.7632150559686,1961.684156582773,144.03618258503502,1
11,1,1.2,123.15403465087138,1169.559114559072,91.84477451394042,1155.1375948860978,91.46896944102949,1183.1350728179966,154.46329478780234,1183.9806342320462,154.83909986071328,1155.9831563001474,1
11,2,1.2,1947.8928882582697,122.55803293746914,1962.199311433448,91.19601361580044,1934.200642023491,90.92304608673405,1933.5864650830915,153.92005225913783,1961.5851344930486,154.19301978820423,1
12,1,1.3,133.64134295237568,1169.6998837980186,102.33208281544472,1155.2783641250444,101.95627774253379,1183.2758420569432,164.95060308930664,1184.1214034709928,165.32640816221758,1156.123925539094,1
12,2,1.3,1947.7926362565859,132.84102396733624,1962.0990594317645,101.47900464566771,1934.1003900218072,101.20603711660098,1933.4862130814072,164.20304328900477,1961.4848824913645,164.4760108180715,1
13,1,1.4000000000000001,144.25295722107103,1169.8423215734372,112.94369708414075,1155.4208019004614,112.56789201122848,1183.4182798323604,175.5622173580013,1184.263841246413,175.93802243091358,1156.266363314514,1
13,2,1.4000000000000001,1947.6911543429424,143.25016882390116,1961.9975775181206,111.88814950223247,1933.9989081081635,111.61518197316606,1933.3847311677641,174.61218814556986,1961.3834005777212,174.88515567463628,1
14,1,1.5000000000000002,154.98887745695697,1169.9864278853283,123.65855503587132,1155.6107227898967,123.32370504209469,1183.6087204947626,186.31919987804264,1184.36213298076,186.65404987181924,1156.3641352758941,1
14,2,1.5000000000000002,1947.5884425173397,153.78546750716373,1961.894865692518,122.42344818549503,1933.8961962825608,122.15048065642863,1933.2820193421614,185.14748682883243,1961.2806887521185,185.42045435789885,1
14,3,1.5000000000000002,2026.0,19.639092610163118,2040.0,0.0,2012.0,0.0,2012.0,51.13909261016312,2040.0,51.13909261016312,1
15,1,1.6000000000000003,165.84950169062927,1170.0981677909365,134.4905940801167,1155.7849251997088,134.21153817257033,1183.783534590185,197.20840930114184,1184.4114103821641,197.4874652086882,1156.412800991688,1
15,2,1.6000000000000003,1947.4845007797774,164.4469200171241,1961.7909239549556,133.08490069545542,1933.7922545449985,132.81193316638903,1933.1780776045991,195.8089393387928,1961.1767470145562,196.0819068678592,1
15,3,1.6000000000000003,2026.0,28.391960283277626,2040.0,0.0,2012.0,0.0,2012.0,59.891960283277626,2040.0,59.891960283277626,1
16,1,1.7000000000000004,176.83447777742253,1170.2076526024327,145.47557016690996,1155.894410011205,145.1965142593636,1183.8930194016812,208.1933853879351,1184.5208951936604,208.47244129548147,1156.5222858031843,1
16,2,1.7000000000000004,1947.3793291302557,175.23452635378237,1961.6857523054339,143.87250703211367,1933.6870828954768,143.59953950304725,1933.0729059550774,206.59654567545107,1961.0715753650345,206.8695132045175,1
16,3,1.7000000000000004,2026.0,37.25826703231661,2040.0,5.75826703231661,2012.0,5.75826703231661,2012.0,68.75826703231661,2040.0,68.75826703231661,1
17,1,1.8000000000000005,187.94376485496855,1170.3183763939032,156.58485724445597,1156.0051338026756,156.3058013369096,1184.0037431931516,219.30267246548112,1184.631618985131,219.5817283730275,1156.6330095946548,1
17,2,1.8000000000000005,1947.2729275687743,186.1482865171384,1961.5793507439525,154.7862671954697,1933.5806813339955,154.5132996664033,1932.966504393596,217.51030583880708,1960.9651738035532,217.78327336787348,1
17,3,1.8000000000000005,2026.0,46.23834884430704,2040.0,14.73834884430704,2012.0,14.73834884430704,2012.0,77.73834884430704,2040.0,77.73834884430704,1
18,1,1.9000000000000006,199.17736292326663,1170.4303391653482,167.81845531275405,1156.1170965741205,167.5393994052077,1184.1157059645966,230.5362705337792,1184.7435817565758,230.81532644132557,1156.7449723660998,1
18,2,1.9000000000000006,1947.1652960953338,197.1882005071921,1961.471719270512,165.8261811855234,1933.473049860555,165.55321365645702,1932.8588729201556,228.5502198288608,1960.8575423301127,228.8231873579272,1
18,3,1.9000000000000006,2026.0132776109267,55.33194027316625,2038.7430978250422,23.29755753654569,2010.7654709808323,24.416662610314074,2013.2834573968112,87.36632300978681,2041.261084241021,86.24721793601843,1
19,1,2.0000000000000004,210.53527198231677,1170.5435409167671,179.1763643718042,1156.2302983255395,178.89730846425783,1184.2289077160156,241.89417959282935,1184.8567835079948,242.1732355003757,1156.8581741175187,1
19,2,2.0000000000000004,1947.0564347099337,208.35426832394364,1961.362857885112,176.99224900227495,1933.3641884751548,176.71928147320855,1932.7500115347555,239.71628764561234,1960.7486809447125,239.98925517467873,1
19,3,2.0000000000000004,2026.3812885973227,64.53221493306654,2039.1111088114383,32.497832196445955,2011.1334819672281,33.61693727021439,2013.6514683832072,96.56659766968713,2041.6290952274173,95.44749259591869,1
20,1,2.1000000000000005,221.91732669196767,1170.6569833225112,190.5584190814551,1156.3437407312836,190.27936317390873,1184.3423501217596,253.27623430248025,1184.970225913739,253.5552902100266,1156.9716165232628,1
20,2,2.1000000000000005,1946.9463434125742,219.646489967393,1961.2527665877524,188.2844706457243,1933.2540971777953,188.0115031166579,1932.639920237396,251.0085092890617,1960.638589647353,251.28147681812808,1
20,3,2.1000000000000005,2026.753846949798,73.84617374494644,2039.4836671639134,41.811791008325855,2011.5060403197033,42.93089608209429,2014.0240267356824,105.88055648156703,2042.0016535798925,104.76145140779859,1
21,1,2.2000000000000006,233.29938140161858,1170.7704257282553,201.940473791106,1156.4571831370276,201.66141788355964,1184.4557925275037,264.65828901213115,1185.083668319483,264.9373449196775,1157.085058929007,1
21,2,2.2000000000000006,1946.8350222032552,231.06486543754016,1961.1414453784334,199.70284611587147,1933.1427759684764,199.42987858680505,1932.528599028077,262.42688475920886,1960.527268438034,262.6998522882753,1
21,3,2.2000000000000006,2027.1309526683522,83.27381670880601,2039.8607728824677,51.239433972185424,2011.8831460382576,52.35853904595386,2014.4011324542366,115.3081994454266,2042.3787592984468,114.18909437165816,1
22,1,2.3000000000000007,244.68143611126948,1170.8838681339994,213.3225285007569,1156.5706255427717,213.04347259321054,1184.5692349332478,276.04034372178205,1185.197110725227,276.3193996293284,1157.198501334751,1
22,2,2.3000000000000007,1946.7224710819767,242.60939473438498,1961.028894257155,211.24737541271628,1933.0302248471978,210.9744078836499,1932.4160479067984,273.9714140560537,1960.4147173167555,274.2443815851201,1
22,3,2.3000000000000007,2027.5126057529858,92.8151438246453,2040.2424259671013,60.78076108802472,2012.2647991228912,61.899866161793156,2014.7827855388703,124.84952656126589,2042.7604123830804,123.73042148749745,1
23,1,2.400000000000001,256.0634908209204,1170.9973105397435,224.7045832104078,1156.6840679485158,224.42552730286144,1184.6826773389919,287.42239843143295,1185.3105531309711,287.7014543389793,1157.311943740495,1
23,2,2.400000000000001,1946.608690048739,254.2800778579276,1960.9151132239172,222.9180585362589,1932.91644381396,222.64509100719252,1932.3022668735607,285.6420971795963,1960.3009362835178,285.9150647086627,1
23,3,2.400000000000001,2027.8988062036985,102.47015509246421,2040.628626417814,70.43577235584362,2012.650999573604,71.55487742961206,2015.168985989583,134.5045378290848,2043.1466128337931,133.38543275531634,1
24,1,2.500000000000001,267.4447274639058,1171.110744791999,236.08581985339322,1156.7975022007713,235.80676394584685,1184.7961115912474,298.80363507441837,1185.4239873832266,299.08269098196473,1157.4253779927506,1
24,2,2.500000000000001,1946.4938925344431,266.05502289569193,1960.8003157096214,234.69300357402324,1932.8016462996643,234.42003604495684,1932.187469359265,297.41704221736063,1960.186138769222,297.69000974642705,1
24,3,2.500000000000001,2027.5981397170863,112.23348509244926,2043.3238902800715,81.55856424119405,2015.3670003903198,80.00540369176346,2011.872389154101,142.90840594370448,2039.8292790438527,144.46156649313505,1
25,1,2.600000000000001,278.82678217355647,1171.224187197743,247.4678745630439,1156.9109446065154,247.18881865549753,1184.9095539969915,310.18568978406904,1185.5374297889707,310.4647456916154,1157.5388203984946,1
25,2,2.600000000000001,1946.3790950201474,277.8299679334562,1960.6855181953256,246.4679486117875,1932.6868487853685,246.1949810827211,1932.0726718449691,309.1919872551249,1960.0713412549262,309.4649547841913,1
25,3,2.600000000000001,2027.0495255629673,122.10853986658606,2042.7752761259526,91.43361901533089,2014.8183862362011,89.88045846590025,2011.323774999982,152.78346071784122,2039.2806648897335,154.33662126727188,1
26,1,2.700000000000001,290.20883688320737,1171.3376296034871,258.8499292726948,1157.0243870122595,258.57087336514843,1185.0229964027355,321.56774449371994,1185.6508721947148,321.8468004012663,1157.6522628042387,1
26,2,2.700000000000001,1946.2642975058516,289.6049129712205,1960.5707206810298,258.2428936495518,1932.5720512710727,257.96992612048535,1931.9578743306733,320.96693229288917,1959.9565437406304,321.2398998219556,1
26,3,2.700000000000001,2026.4946201576317,132.09683716262884,2042.220370720617,101.42191631137364,2014.2634808308653,99.86875576194305,2010.7688695946465,162.77175801388407,2038.7257594843982,164.32491856331464,1
27,1,2.800000000000001,301.589968358443,1171.451062807559,270.2310607479304,1157.1378202163314,269.95200484038406,1185.1364296068075,332.9488759689556,1185.7643053987867,333.22793187650194,1157.7656960083107,1
27,2,2.800000000000001,1946.1494999915558,301.3798580089848,1960.455923166734,270.0178386873161,1932.457253756777,269.7448711582497,1931.8430768163776,332.7418773306535,1959.8417462263346,333.0148448597199,1
27,3,2.800000000000001,2025.9747505069981,142.20009354973877,2040.6342537667142,111.00155249124732,2012.6404490190616,110.41257392601202,2011.315247247282,173.3986346082302,2039.3090519949346,173.98761317346552,1
28,1,2.9000000000000012,312.9720230680939,1171.5645052133032,281.61311545758065,1157.2512626220769,281.3340595500356,1185.2498720125532,344.33093067860716,1185.8777478045295,344.6099865861522,1157.8791384140532,1
28,2,2.9000000000000012,1946.03470247726,313.15480304674907,1960.3411256524382,281.79278372508037,1932.3424562424811,281.51981619601395,1931.7282793020818,344.51682236841776,1959.7269487120388,344.7897898974842,1
28,3,2.9000000000000012,2025.7595414013601,152.4288557471158,2040.4190446610762,121.23031468862435,2012.4252399134236,120.64133612338904,2011.100038141644,183.62739680560722,2039.0938428892966,184.21637537084254,1
29,1,3.0000000000000013,324.35332742315336,1171.67794014043,292.9944198126408,1157.3646975492024,292.7153639050944,1185.3633069396785,355.71223503366593,1185.9911827316578,355.9912909412123,1157.9925733411817,1
29,2,3.0000000000000013,1945.9199049629644,324.92974808451334,1960.2263281381427,293.56772876284464,1932.2276587281856,293.2947612337782,1931.6134817877862,356.29176740618203,1959.6121511977433,356.56473493524845,1
29,3,3.0000000000000013,2025.5419390431032,162.77136783368616,2040.2014423028193,131.57282677519473,2012.2076375551667,130.9838482099594,2010.882435783387,193.96990889217759,2038.8762405310397,194.5588874574129,1
30,1,3.1000000000000014,335.73538213280426,1171.7913825461742,304.3764745222917,1157.4781399549465,304.0974186147453,1185.4767493454226,367.09428974331684,1186.1046251374019,367.3733456508632,1158.1060157469258,1
30,2,3.1000000000000014,1945.8051074486687,336.7046931222776,1960.1115306238469,305.3426738006089,1932.1128612138898,305.0697062715425,1931.4986842734904,368.0667124439463,1959.4973536834475,368.3396799730127,1
30,3,3.1000000000000014,2025.3219434322268,173.2276298094498,2039.9814466919427,142.02908875095832,2011.98764194429,141.44011018572309,2010.662440172511,204.4261708679413,2038.6562449201635,205.01514943317653,1
31,1,3.2000000000000015,347.11743684245516,1171.9048249519183,315.7585292319426,1157.5915823606906,315.4794733243962,1185.5901917511667,378.47634445296774,1186.218067543146,378.7554003605141,1158.2194581526699,1
31,2,3.2000000000000015,1945.6903099343729,348.4796381600419,1959.9967331095515,317.11761883837335,1931.9980636995942,316.84465130930664,1931.3838867591942,379.8416574817104,1959.3825561691515,380.1146250107771,1
31,3,3.2000000000000015,2025.0995545687315,183.7976416744068,2039.7590578284476,152.59910061591538,2011.765253080795,152.01012205068005,2010.4400513090154,214.99618273289823,2038.433856056668,215.58516129813356,1
32,1,3.3000000000000016,358.49949155210584,1172.0182673576621,327.14058394159326,1157.7050247664345,326.8615280340469,1185.7036341569105,389.8583991626184,1186.3315099488898,390.1374550701648,1158.3329005584137,1
32,2,3.3000000000000016,1945.575512420077,360.2545831978062,1959.8819355952553,328.8925638761375,1931.8832661852982,328.6195963470711,1931.2690892448989,391.6166025194749,1959.267758654856,391.8895700485413,1
32,3,3.3000000000000016,2024.874772452617,194.4814034285571,2039.5342757123328,163.2828623700656,2011.5404709646803,162.69388380483036,2010.2152691929011,225.67994448704857,2038.2090739405537,226.2689230522838,1
33,1,3.4000000000000017,369.88154626175674,1172.1317097634062,338.52263865124416,1157.8184671721783,338.2435827436978,1185.8170765626546,401.2404538722693,1186.444952354634,401.5195097798157,1158.4463429641578,1
33,2,3.4000000000000017,1945.4607149057813,372.0295282355705,1959.7671380809595,340.6675089139018,1931.7684686710024,340.3945413848354,1931.154291730603,403.3915475572392,1959.1529611405601,403.66451508630564,1
33,3,3.4000000000000017,2024.6475970838833,205.27891507190077,2039.3071003435991,174.08037401340928,2011.3132955959466,173.49139544817405,2009.9880938241674,236.47745613039226,2037.98189857182,237.0664346956275,1
34,1,3.5000000000000018,381.2636009714074,1172.2451521691503,349.90469336089484,1157.9319095779226,349.6256374533485,1185.9305189683987,412.62250858192,1186.558394760378,412.90156448946635,1158.5597853699019,1
34,2,3.5000000000000018,1945.3459173914855,383.8044732733348,1959.6523405666637,352.4424539516661,1931.6536711567067,352.1694864225997,1931.0394942163073,415.1664925950035,1959.0381636262643,415.4394601240699,1
34,3,3.5000000000000018,2024.4180284625304,216.1901766044378,2039.0775317222462,184.9916355459463,2011.0837269745937,184.40265698071107,2009.7585252028146,247.38871766292928,2037.7523299504671,247.97769622816452,1
34,4,3.5000000000000018,3818.5063668278353,1121.9010428996357,3840.0,1136.379393372351,3840.0,1108.3826440269136,3787.2233463919947,1107.4226924269205,3786.796701236442,1135.419441772358,1
35,1,3.600000000000002,392.6456556810581,1172.3585945748941,361.2867480705455,1158.0453519836665,361.00769216299915,1186.0439613741426,424.00456329157066,1186.6718371661218,424.283619199117,1158.6732277756457,1
35,2,3.600000000000002,1945.23111987719,395.57941831109906,1959.5375430523682,364.21739898943036,1931.538873642411,363.94443146036394,1930.9246967020117,426.94143763276776,1958.9233661119688,427.2144051618342,1
35,3,3.600000000000002,2024.1860665885583,227.2151880261681,2038.8455698482744,196.01664696767668,2010.8517651006218,195.42766840244136,2009.5265633288423,258.41372908465956,2037.5203680764948,259.0027076498949,1
35,4,3.600000000000002,3811.892148476709,1121.8002481901337,3840.0,1136.278598662849,3840.0,1108.2818493174116,3780.609128040868,1107.3218977174186,3780.1824828853155,1135.318647062856,1
36,1,3.700000000000002,404.027710390709,1172.4720369806382,372.6688027801964,1158.1587943894106,372.38974687265005,1186.1574037798866,435.38661800122156,1186.7852795718659,435.66567390876793,1158.7866701813898,1
36,2,3.700000000000002,1945.1163223628942,407.35436334886333,1959.4227455380724,375.99234402719463,1931.4240761281153,375.7193764981282,1930.809899187716,438.716382670532,1958.808568597673,438.98935019959845,1
36,3,3.700000000000002,2023.951711461967,238.35394933709176,2038.611214721683,207.15540827860028,2010.6174099740304,206.56642971336504,2009.2922082022512,269.5524903955832,2037.2860129499038,270.1414689608185,1
36,4,3.700000000000002,3805.1573449466214,1121.6976158714933,3836.4403653824616,1136.1759663442099,3836.867010538015,1108.1792169987727,3773.874324510781,1107.2192653987768,3773.4476793552276,1135.216014744214,1
37,1,3.800000000000002,415.40976510035966,1172.5854793863823,384.0508574898471,1158.2722367951546,383.7718015823007,1186.2708461856307,446.76867271087224,1186.89872197761,447.0477286184186,1158.900112587134,1
37,2,3.800000000000002,1945.0015248485984,419.12930838662766,1959.3079480237766,387.76728906495896,1931.3092786138195,387.49432153589254,1930.6951016734201,450.49132770829635,1958.6937710833772,450.7642952373628,1
37,3,3.800000000000002,2023.7149630827566,249.60646053720876,2038.3744663424725,218.40791947871728,2010.38066159482,217.81894091348204,2009.0554598230408,280.8050015957002,2037.0492645706934,281.3939801609355,1
37,4,3.800000000000002,3798.301956237571,1121.593145943715,3829.5849766734113,1136.0714964164315,3830.011621828965,1108.0747470709944,3767.018935801731,1107.1147954709984,3766.5922906461774,1135.1115448164355,1
38,1,3.900000000000002,426.79181981001057,1172.6989217921264,395.432912199498,1158.3856792008987,395.1538562919516,1186.3842885913748,458.15072742052314,1187.012164383354,458.4297833280695,1159.013554992878,1
38,2,3.900000000000002,1944.8867273343026,430.90425342439187,1959.1931505094808,399.54223410272317,1931.1944810995237,399.26926657365675,1930.5803041591244,462.26627274606057,1958.5789735690814,462.539240275127,1
38,3,3.900000000000002,2023.4758214509272,260.9727216265191,2038.135324710643,229.77418056802762,2010.1415199629905,229.18520200279238,2008.8163181912114,292.17126268501056,2036.810122938864,292.7602412502458,1
38,4,3.900000000000002,3791.32598234956,1121.4868384067981,3822.6090027854007,1135.9651888795133,3823.0356479409534,1107.968439534076,3760.0429619137194,1107.008487934083,3759.6163167581667,1135.0052372795203,1
39,1,4.000000000000002,438.17387451966124,1172.8123641978705,406.81496690914867,1158.4991216066428,406.5359110016023,1186.4977309971189,469.5327821301738,1187.1256067890981,469.8118380377202,1159.126997398622,1
39,2,4.000000000000002,1944.7719298200068,442.67919846215614,1959.078352995185,411.31717914048744,1931.079683585228,411.044211611421,1930.4655066448286,474.04121778382483,1958.4641760547856,474.31418531289125,1
39,3,4.000000000000002,2023.234317250043,272.45127423324897,2037.893820509759,241.2527331747575,2009.9000157621065,240.66375460952221,2008.574813990327,303.6498152917404,2036.5686187379795,304.2387938569757,1
39,4,4.000000000000002,3784.229423282587,1121.3786932607436,3815.512443718427,1135.8570437334602,3815.939088873981,1107.860294388023,3752.946402846747,1106.900342788027,3752.5197576911933,1134.8970921334642,1
40,1,4.100000000000001,449.55592922931214,1172.9258066036145,418.19702161879957,1158.6125640123869,417.9179657112532,1186.611173402863,480.9148368398247,1187.2390491948422,481.1938927473711,1159.2404398043661,1
40,2,4.100000000000001,1944.657132305711,454.4541434999204,1958.9635554808892,423.0921241782517,1930.9648860709322,422.8191566491853,1930.3507091305328,485.8161628215891,1958.3493785404899,486.0891303506555,1
40,3,4.100000000000001,2022.9904197965398,284.0435767291722,2037.6499230562558,252.84503567068074,2009.6561183086033,252.25605710544542,2008.3309165368237,315.24211778766363,2036.3247212844763,315.83109635289895,1
40,4,4.100000000000001,3777.012279036652,1121.2687105055506,3808.295299472493,1135.7470609782658,3808.7219446280455,1107.7503116328285,3745.7292586008116,1106.7903600328355,3745.302613445259,1134.7871093782728,1
41,1,4.200000000000001,460.93657309042624,1173.1124735168692,429.8492592014991,1158.2185514286039,429.0495855323297,1186.2071298495034,492.0238869793534,1188.0063956051345,492.8235606485228,1160.017817184235,1
41,2,4.200000000000001,1944.5423347914152,466.22908853768473,1958.8487579665934,434.86706921601603,1930.8500885566364,434.5941016869496,1930.235911616237,497.59110785935343,1958.234581026194,497.86407538841985,1
41,3,4.200000000000001,2022.7465223430363,295.6358792250954,2037.4060256027524,264.4373381666039,2009.4122208550998,263.8483596013686,2008.0870190833202,326.83442028358684,2036.0808238309728,327.42339884882216,1
41,4,4.200000000000001,3769.6760153025807,1121.156912477023,3800.959035738421,1135.6352629497396,3801.3856808939745,1107.6385136043025,3738.3929948667405,1106.6785620043065,3737.966349711187,1134.6753113497437,1
42,1,4.300000000000001,472.31454998882145,1173.437558571109,441.2272360998936,1158.5436364828452,440.4275624307255,1186.5322149037447,503.4018638777493,1188.331480659373,504.2015375469174,1160.3429022384735,1
42,2,4.300000000000001,1944.4275372771197,478.004033575449,1958.7339604522983,446.6420142537805,1930.735291042341,446.3690467247137,1930.121114101941,509.3660528971175,1958.1197835118983,509.6390204261843,1
42,3,4.300000000000001,2022.502624889533,307.2281817210186,2037.1621281492492,276.02964066252713,2009.1683234015966,275.4406620972918,2007.843121629817,338.42672277951004,2035.8369263774696,339.01570134474537,1
42,4,4.300000000000001,3762.2191663895474,1121.043276839357,3793.5021868253875,1135.5216273120736,3793.928831980941,1107.5248779666363,3730.936145953707,1106.5649263666405,3730.5095007981536,1134.5616757120779,1
43,1,4.4,483.69147690897466,1173.7626136259707,452.6041630200468,1158.8686915377068,451.8044893508787,1186.8572699586064,514.7787907979025,1188.6565357142347,515.5784644670706,1160.6679572933351,1
43,2,4.4,1944.3127397628239,489.77897861321327,1958.619162938002,458.4169592915446,1930.620493528045,458.14399176247815,1930.0063165876456,521.140997934882,1958.0049859976027,521.4139654639483,1
43,3,4.4,2022.2587274360296,318.82048421694174,2036.9182306957457,287.6219431584503,2008.9244259480931,287.032964593215,2007.5992241763136,350.0190252754332,2035.5930289239661,350.60800384066846,1
43,4,4.4,3754.6417322975526,1120.9278035925531,3785.9247527333932,1135.4061540652683,3786.351397888946,1107.409404719831,3723.358711861712,1106.449453119838,3722.9320667061593,1134.4462024652753,1
44,1,4.5,495.06945380736965,1174.0876986802105,463.9821399184425,1159.1937765919452,463.1824662492731,1187.1823550128447,526.1567676962968,1188.9816207684758,526.9564413654662,1160.9930423475762,1
44,2,4.5,1944.197942248528,501.55392365097754,1958.5043654237063,470.19190432930884,1930.5056960137492,469.9189368002424,1929.8915190733499,532.9159429726462,1957.890188483307,533.1889105017126,1
44,3,4.5,2022.0148299825264,330.41278671286494,2036.6743332422425,299.2142456543735,2008.68052849459,298.62526708913816,2007.3553267228103,361.6113277713564,2035.349131470463,362.2003063365917,1
44,4,4.5,3746.943713026596,1120.8104927366112,3778.226733462436,1135.2888432093278,3778.65337861799,1107.2920938638904,3715.660692590756,1106.3321422638946,3715.2340474352022,1134.328891609332,1
45,1,4.6,506.4474307057649,1174.4127837344504,475.36011681683704,1159.5188616461865,474.56044314766893,1187.507440067086,537.5347445946927,1189.3067058227143,538.3344182638608,1161.3181274018148,1
45,2,4.6,1944.0831447342323,513.3288686887419,1958.3895679094105,481.96684936707317,1930.3908984994534,481.69388183800675,1929.776721559054,544.6908880104106,1957.7753909690111,544.963855539477,1
45,3,4.6,2021.770932529023,342.00508920878815,2036.4304357887388,310.80654815029663,2008.4366310410862,310.2175695850614,2007.111429269307,373.20363026727966,2035.1052340169597,373.7926088325149,1
45,4,4.6,3739.125108576678,1120.691344271531,3770.4081290125187,1135.1696947442463,3770.8347741680714,1107.172945398809,3707.8420881408374,1106.212993798816,3707.4154429852847,1134.2097431442533,1
46,1,4.699999999999999,517.8254076041603,1174.7378687886903,486.7380937152325,1159.8439467004264,485.9384200460644,1187.832525121326,548.9127214930882,1189.6317908769543,549.7123951622563,1161.6432124560547,1
46,2,4.699999999999999,1943.9683472199365,525.1038137265061,1958.2747703951147,493.74179440483744,1930.2761009851577,493.468826875771,1929.6619240447583,556.4658330481748,1957.6605934547154,556.7388005772412,1
46,3,4.699999999999999,2021.5270350755197,353.5973917047113,2036.1865383352358,322.39885064621984,2008.1927335875832,321.8098720809845,2006.8675318158037,384.79593276320276,2034.8613365634562,385.3849113284381,1
46,4,4.699999999999999,3731.186685954278,1120.5703698857983,3762.469706390118,1135.0487203585149,3762.8963515456717,1107.0519710130777,3699.9036655184377,1106.0920194130817,3699.477020362884,1134.0887687585189,1
47,1,4.799999999999999,529.2023470346749,1175.062924200991,498.115033145747,1160.169002112727,497.3153594765789,1188.1575805336265,560.2896609236027,1189.9568462892548,561.0893345927708,1161.9682678683553,1
47,2,4.799999999999999,1943.8535497056407,536.8787587642704,1958.159972880819,505.5167394426017,1930.1613034708619,505.2437719135353,1929.5471265304625,568.2407780859392,1957.5457959404196,568.5137456150055,1
47,3,4.799999999999999,2021.2831376220163,365.18969420063456,2035.9426408817321,333.99115314214305,2007.9488361340796,333.40217457690784,2006.6236343623004,396.3882352591261,2034.617439109953,396.9772138243613,1
47,4,4.799999999999999,3723.127678152916,1120.4475578909273,3754.4106985887565,1134.9259083636425,3754.8373437443092,1106.9291590182052,3691.8446577170753,1105.9692074182121,3691.4180125615226,1133.9659567636495,1
48,1,4.899999999999999,540.5803239330701,1175.3880092552306,509.4930100441429,1160.4940871669653,508.6933363749735,1188.4826655878649,571.6676378219972,1190.281931343496,572.4673114911666,1162.2933529225963,1
48,2,4.899999999999999,1943.7387521913452,548.6537038020347,1958.0451753665234,517.291684480366,1930.0465059565663,517.0187169512996,1929.432329016167,580.0157231237033,1957.430998426124,580.2886906527698,1
48,3,4.899999999999999,2021.039240168513,376.7819966965577,2035.6987434282291,345.58345563806625,2007.7049386805766,344.99447707283093,2006.379736908797,407.98053775504917,2034.3735416564496,408.5695163202845,1
48,4,4.899999999999999,3714.9480851725925,1120.322908286918,3746.2311056084327,1134.8012587596345,3746.6577507639863,1106.8045094141974,3683.6650647367524,1105.8445578142014,3683.2384195811987,1133.8413071596385,1
49,1,4.999999999999998,551.9583008314655,1175.7130943094703,520.8709869425384,1160.819172221205,520.071313273369,1188.8077506421046,583.0456147203927,1190.6070163977356,583.845288389562,1162.618437976836,1
49,2,4.999999999999998,1943.6239546770494,560.428648839799,1957.9303778522276,529.0666295181304,1929.9317084422705,528.7936619890639,1929.3175315018711,591.7906681614677,1957.3162009118282,592.0636356905342,1
49,3,4.999999999999998,2020.7953427150096,388.374299192481,2035.4548459747255,357.1757581339895,2007.4610412270729,356.58677956875425,2006.1358394552938,419.57284025097243,2034.1296442029463,420.1618188162077,1
49,4,4.999999999999998,3706.6479070133073,1120.1964210737708,3737.930927449148,1134.674771546486,3738.3575726047006,1106.6780222010486,3675.3648865774667,1105.7180706010556,3674.938241421914,1133.714819946493,1
50,1,5.099999999999998,563.3362777298605,1176.0381793637102,532.2489638409327,1161.1442572754463,531.4492901717646,1189.1328356963459,594.4235916187884,1190.9321014519742,595.2232652879565,1162.9435230310746,1
50,2,5.099999999999998,1943.5091571627536,572.2035938775632,1957.8155803379318,540.8415745558946,1929.8169109279747,540.5686070268281,1929.2027339875754,603.5656131992318,1957.2014033975324,603.8385807282983,1
50,3,5.099999999999998,2020.5514452615064,399.9666016884041,2035.2109485212222,368.7680606299126,2007.2171437735697,368.1790820646774,2005.8919420017905,431.16514274689564,2033.8857467494431,431.75412131213085,1
50,4,5.099999999999998,3698.2271436750607,1120.0680962514853,3729.5101641109013,1134.5464467242005,3729.936809266454,1106.549697378763,3666.94412323922,1105.58974577877,3666.5174780836674,1133.5864951242074,1
51,1,5.1999999999999975,574.7142546282557,1176.3632644179502,543.6269407393286,1161.4693423296849,542.8272670701592,1189.4579207505844,605.8015685171829,1191.2571865062155,606.6012421863522,1163.268608085316,1
51,2,5.1999999999999975,1943.3943596484578,583.9785389153276,1957.700782823636,552.616519593659,1929.702113413679,552.3435520645925,1929.0879364732796,615.3405582369962,1957.0866058832366,615.6135257660627,1
51,3,5.1999999999999975,2020.307547808003,411.5589041843274,2034.967051067719,380.36036312583593,2006.9732463200664,379.77138456060067,2005.6480445482869,442.75744524281885,2033.6418492959394,443.3464238080541,1
51,4,5.1999999999999975,3689.685795157852,1119.937933820062,3720.9688155936924,1134.4162842927785,3721.395460749246,1106.4195349473412,3658.402774722012,1105.4595833473454,3657.9761295664584,1133.4563326927828,1
52,1,5.299999999999997,586.0922315266507,1176.68834947219,555.0049176377229,1161.7944273839262,554.2052439685548,1189.7830058048257,617.1795454155786,1191.582271560454,617.9792190847467,1163.5936931395545,1
52,2,5.299999999999997,1943.279562134162,595.7534839530917,1957.5859853093402,564.3914646314231,1929.5873158993832,564.1184971023566,1928.9731389589838,627.1155032747604,1956.9718083689409,627.3884708038269,1
52,3,5.299999999999997,2020.0636503544997,423.15120668025065,2034.7231536142156,391.9526656217592,2006.729348866563,391.36368705652393,2005.4041470947839,454.3497477387421,2033.3979518424364,454.9387263039774,1
52,4,5.299999999999997,3681.023861461682,1119.8059337795003,3712.306881897522,1134.2842842522168,3712.7335270530757,1106.2875349067797,3649.7408410258417,1105.3275833067837,3649.314195870288,1133.3243326522208,1
53,1,5.399999999999997,597.4702084250459,1177.01343452643,566.3828945361181,1162.119512438166,565.58322086695,1190.1080908590657,628.5575223139738,1191.907356614694,629.3571959831419,1163.9187781937944,1
53,2,5.399999999999997,1943.1647646198662,607.5284289908561,1957.471187795045,576.1664096691876,1929.4725183850876,575.8934421401209,1928.8583414446875,638.8904483125247,1956.8570108546448,639.1634158415914,1
53,3,5.399999999999997,2019.8197529009963,434.74350917617386,2034.4792561607123,403.5449681176824,2006.4854514130598,402.9559895524471,2005.1602496412802,465.9420502346653,2033.1540543889328,466.53102879990064,1
53,4,5.399999999999997,3672.2413425865507,1119.6720961298001,3703.5243630223913,1134.1504466025153,3703.951008177944,1106.153697257078,3640.95832215071,1105.193745657085,3640.5316769951573,1133.1904950025223,1
54,1,5.4999999999999964,608.8481853234414,1177.3385195806698,577.7608714345142,1162.4445974924045,576.9611977653449,1190.433175913304,639.9354992123685,1192.232441668935,640.7351728815379,1164.2438632480355,1
54,2,5.4999999999999964,1943.0499671055707,619.3033740286204,1957.3563902807493,587.9413547069519,1929.357720870792,587.6683871778852,1928.743543930392,650.6653933502889,1956.7422133403493,650.9383608793556,1
54,3,5.4999999999999964,2019.575855447493,446.33581167209707,2034.235358707209,415.13727061360555,2006.2415539595563,414.54829204837034,2004.9163521877772,477.5343527305886,2032.9101569354298,478.1233312958238,1
54,4,5.4999999999999964,3663.3382385324567,1119.5364208709623,3694.6212589682973,1134.0147713436775,3695.04790412385,1106.01802199824,3632.055218096616,1105.058070398247,3631.6285729410633,1133.0548197436844,1
54,5,5.4999999999999964,3822.8426678226315,1089.8784515763477,3840.0,1104.411300566222,3840.0,1076.4153373029355,3791.5849279773147,1075.3456025864734,3791.1094903255535,1103.34156584976,1
55,1,5.599999999999996,620.2261622218364,1177.6636046349097,589.1388483329085,1162.7696825466458,588.3391746637404,1190.7582609675453,651.3134761107642,1192.5575267231736,652.1131497799323,1164.568948302274,1
55,2,5.599999999999996,1942.9351820388422,631.0770423016053,1957.2416052140204,599.7150229799365,1929.2429358040633,599.4420554508702,1928.628758863664,662.439061623274,1956.627428273621,662.7120291523404,1
55,3,5.599999999999996,2019.3319579939896,457.92811416802033,2033.9914612537054,426.7295731095288,2005.9976565060529,426.1405945442936,2004.6724547342737,489.12665522651184,2032.6662594819263,489.71563379174705,1
55,4,5.599999999999996,3654.3145492994017,1119.398908002986,3685.597569735242,1133.8772584757025,3686.0242148907955,1105.8805091302652,3623.0315288635616,1104.9205575302694,3622.604883708008,1132.9173068757068,1
55,5,5.599999999999996,3815.5781968261163,1089.7550836822202,3840.0,1104.2879326720947,3840.0,1076.2919694088082,3784.3204569807995,1075.2222346923456,3783.845019329038,1103.2181979556321,1
56,1,5.699999999999996,631.6041391202316,1177.9886896891494,600.5168252313044,1163.094767600884,599.7171515621351,1191.0833460217837,662.6914530091587,1192.8826117774147,663.4911266783281,1164.8940333565151,1
56,2,5.699999999999996,1942.8203845245466,642.8519873393695,1957.1268076997253,611.489968017701,1929.128138289768,611.2170004886343,1928.513961349368,674.2140066610381,1956.5126307593252,674.4869741901048,1
56,3,5.699999999999996,2019.0880605404864,469.5204166639436,2033.7475638002024,438.32187560545214,2005.7537590525499,437.7328970402168,2004.4285572807703,500.71895772243505,2032.4223620284229,501.3079362876704,1
56,4,5.699999999999996,3645.1702748873845,1119.259557525872,3676.4532953232247,1133.7379079985885,3676.8799404787783,1105.7411586531512,3613.8872544515443,1104.7812070531554,3613.4606092959907,1132.7779563985928,1
56,5,5.699999999999996,3808.2065870104543,1089.629896317617,3839.4643268557716,1104.16274530749,3839.9397645075314,1076.1667820442035,3776.948847165137,1075.0970473277441,3776.473409513377,1103.0930105910306,1
57,1,5.799999999999995,642.9821160186266,1178.3137747433893,611.8948021296987,1163.4198526551254,611.0951284605306,1191.408431076025,674.0694299075544,1193.2076968316533,674.8691035767225,1165.2191184107537,1
57,2,5.799999999999995,1942.7055870102508,654.6269323771338,1957.012010185429,623.2649130554652,1929.013340775472,622.9919455263987,1928.3991638350726,685.9889516988025,1956.3978332450297,686.2619192278689,1
57,3,5.799999999999995,2018.844163086983,481.1127191598668,2033.5036663466988,449.9141781013753,2005.5098615990462,449.32519953614013,2004.184659827267,512.3112602183584,2032.1784645749196,512.9002387835935,1
57,4,5.799999999999995,3635.9054152964054,1119.1183694396195,3667.1884357322456,1133.596719912336,3667.615080887799,1105.599970566899,3604.6223948605652,1104.640018966903,3604.1957497050116,1132.63676831234,1
57,5,5.799999999999995,3800.7278383756457,1089.5028894825386,3831.985578220963,1104.0357384724116,3832.461015872723,1076.039775209125,3769.4700985303284,1074.9700404926657,3768.9946608785685,1102.9660037559522,1
58,1,5.899999999999995,654.3600929170218,1178.6388597976293,623.272779028094,1163.7449377093653,622.4731053589259,1191.733516130265,685.4474068059496,1193.5327818858932,686.2470804751177,1165.5442034649936,1
58,2,5.899999999999995,1942.590789495955,666.4018774148982,1956.8972126711333,635.0398580932296,1928.8985432611762,634.7668905641631,1928.2843663207768,697.7638967365668,1956.283035730734,698.0368642656333,1
58,3,5.899999999999995,2018.6002656334797,492.70502165579,2033.2597688931958,461.50648059729855,2005.2659641455432,460.9175020320633,2003.9407623737636,523.9035627142814,2031.9345671214162,524.4925412795168,1
58,4,5.899999999999995,3626.519970526465,1118.9753437442287,3657.802990962305,1133.4536942169452,3658.2296361178587,1105.456944871508,3595.2369500906248,1104.496993271512,3594.810304935071,1132.4937426169492,1
58,5,5.899999999999995,3793.141950921691,1089.374063176985,3824.399690767008,1103.9069121668592,3824.8751284187692,1075.9109489035727,3761.8842110763744,1074.8412141871106,3761.408773424613,1102.8371774503971,1
59,1,5.999999999999995,665.7380698154172,1178.9639448518692,634.6507559264901,1164.070022763604,633.8510822573207,1192.0586011845035,696.8253837043444,1193.8578669401345,697.6250573735138,1165.869288519235,1
59,2,5.999999999999995,1942.4759919816593,678.1768224526625,1956.7824151568375,646.8148031309938,1928.7837457468804,646.5418356019273,1928.169568806481,709.5388417743311,1956.168238216438,709.8118093033976,1
59,3,5.999999999999995,2018.3563681799762,504.29732415171327,2033.0158714396923,473.0987830932218,2005.0220666920397,472.5098045279865,2003.6968649202602,535.4958652102047,2031.6906696679127,536.08484377544,1
59,4,5.999999999999995,3617.013940577563,1118.8304804397,3648.2969610134032,1133.3088309124166,3648.723606168957,1105.3120815669795,3585.730920141723,1104.3521299669835,3585.3042749861693,1132.3488793124206,1
59,5,5.999999999999995,3785.448924648589,1089.2434174009559,3816.706664493906,1103.7762663908304,3817.182102145667,1075.780303127544,3754.1911848032723,1074.7105684110813,3753.715747151511,1102.7065316743679,1
60,1,6.099999999999994,677.1160467138122,1179.2890299061091,646.0287328248844,1164.3951078178452,645.2290591557163,1192.3836862387448,708.2033606027401,1194.182951994373,709.0030342719082,1166.1943735734735,1
60,2,6.099999999999994,1942.3611944673635,689.9517674904267,1956.6676176425417,658.5897481687581,1928.6689482325846,658.3167806396916,1928.0547712921853,721.3137868120954,1956.0534407021423,721.5867543411618,1
60,3,6.099999999999994,2018.112470726473,515.8896266476365,2032.771973986189,484.6910855891451,2004.7781692385365,484.10210702390975,2003.452967466757,547.0881677061279,2031.4467722144095,547.6771462713633,1
60,4,6.099999999999994,3607.3873254496993,1118.683779526033,3638.67034588554,1133.1621299987482,3639.0969910410927,1105.1653806533109,3576.1043050138587,1104.2054290533179,3575.677659858306,1132.2021783987552,1
60,5,6.099999999999994,3777.6487595563412,1089.1109521544513,3808.906499401658,1103.6438011443258,3809.3819370534193,1075.6478378810393,3746.3910197110245,1074.5781031645768,3745.915582059263,1102.5740664278633,1
61,1,6.199999999999994,688.4940236122075,1179.6141149603488,657.4067097232796,1164.720192872085,656.6070360541115,1192.7087712929845,719.5813375011353,1194.5080370486128,720.3810111703034,1166.5194586277132,1
61,2,6.199999999999994,1942.2463969530677,701.7267125281909,1956.552820128246,670.3646932065221,1928.5541507182888,670.0917256774558,1927.9399737778895,733.0887318498596,1955.9386431878465,733.361699378926,1
61,3,6.199999999999994,2017.8685732729696,527.4819291435597,2032.5280765326856,496.2833880850682,2004.534271785033,495.6944095198329,2003.2090700132535,558.6804702020511,2031.202874760906,559.2694487672865,1
61,4,6.199999999999994,3597.6401251428733,1118.5352410032283,3628.923145578714,1133.0135914759435,3629.3497907342667,1105.0168421305061,3566.3571047070327,1104.056890530513,3565.93045955148,1132.0536398759505,1
61,5,6.199999999999994,3769.7414556449467,1088.9766674374714,3800.999195490264,1103.5095164273444,3801.474633142024,1075.5135531640578,3738.4837157996294,1074.4438184475985,3738.0082781478695,1102.439781710885,1
62,1,6.299999999999994,699.8720005106027,1179.9392000145886,668.7846866216755,1165.0452779263233,667.9850129525062,1193.0338563472228,730.9593143995298,1194.8331221028538,731.7589880686992,1166.8445436819543,1
62,2,6.299999999999994,1942.1315994387721,713.5016575659553,1956.4380226139504,682.1396382442865,1928.4393532039933,681.8666707152202,1927.825176263594,744.863676887624,1955.823845673551,745.1366444166904,1
62,3,6.299999999999994,2017.6246758194663,539.074231639483,2032.2841790791822,507.87569058099143,2004.2903743315296,507.2867120157563,2002.9651725597505,570.2727726979745,2030.958977307403,570.8617512632096,1
62,4,6.299999999999994,3587.7723396570864,1118.3848648712851,3619.0553600929265,1132.8632153440017,3619.48200524848,1104.8664659985645,3556.489319221246,1103.9065143985686,3556.0626740656926,1131.9032637440057,1
62,5,6.299999999999994,3761.727012914406,1088.8405632500162,3792.9847527597226,1103.3734122398905,3793.460190411484,1075.377448976604,3730.469273069089,1074.307714260142,3729.993835417328,1102.3036775234284,1
63,1,6.399999999999993,710.7459498277285,1176.976708701526,676.4005845152453,1174.0363207080677,685.5484582726727,1200.499812649196,745.0913151402117,1179.9170966949841,735.9434413827843,1153.4536047538559,1
63,2,6.399999999999993,1942.0168019244763,725.2766026037195,1956.3551923086084,693.9291854662226,1928.3568157499278,693.6276724841855,1927.6784115403443,756.6240197412164,1955.6767880990249,756.9255327232536,1
63,3,6.399999999999993,2017.380778365963,550.6665341354062,2032.040281625679,519.4679930769148,2004.0464768780264,518.8790145116794,2002.7212751062468,581.8650751938976,2030.7150798538994,582.454053759133,1
63,4,6.399999999999993,3577.7839689923376,1118.2326511302037,3609.0669894281777,1132.7110016029203,3609.4936345837314,1104.7142522574832,3546.5009485564974,1103.7543006574872,3546.074303400944,1131.7510500029243,1
63,5,6.399999999999993,3753.6054313647182,1088.7026395920852,3784.863171210035,1103.2354885819598,3785.3386088617963,1075.2395253186733,3722.3476915194015,1074.1697906022107,3721.87225386764,1102.1657538654972,1
64,1,6.499999999999993,721.5039453010604,1173.2578954514852,687.1585799885772,1170.317507458027,696.3064537460046,1196.7809993991552,755.8493106135436,1176.1982834449434,746.7014368561162,1149.7347915038151,1
64,2,6.499999999999993,1941.3036198236641,737.0278745392357,1957.4522280755784,706.5734421602501,1929.5195002884834,704.6336693972573,1925.1550115717498,767.4823069182212,1953.0877393588448,769.422079681214,1
64,3,6.499999999999993,2017.1368809124597,562.2588366313294,2031.7963841721755,531.0602955728378,2003.802579424523,530.4713170076027,2002.4773776527438,593.4573776898209,2030.4711824003964,594.046356255056,1
64,4,6.499999999999993,3567.675013148627,1118.0785997799844,3598.9580335844676,1132.5569502526996,3599.3846787400203,1104.5602009072622,3536.3919927127863,1103.6002493072692,3535.9653475572336,1131.5969986527066,1
64,5,6.499999999999993,3745.3767109958835,1088.5628964636794,3776.6344508412003,1103.095745453554,3777.1098884929615,1075.0997821902674,3714.1189711505667,1074.0300474738049,3713.6435334988055,1102.0260107370914,1
65,1,6.5999999999999925,732.2619407743921,1169.5390822014447,697.9165754619089,1166.5986942079865,707.0644492193363,1193.0621861491147,766.6073060868753,1172.479470194903,757.4594323294478,1146.0159782537746,1
65,2,6.5999999999999925,1940.4878411402005,748.7750875811136,1956.6364493921149,718.3206552021279,1928.7037216050198,716.3808824391352,1924.3392328882862,779.2295199600992,1952.2719606753813,781.1692927230919,1
65,3,6.5999999999999925,2016.8929834589562,573.8511391272527,2031.552486718672,542.6525980687612,2003.5586819710195,542.0636195035261,2002.2334801992404,605.0496801857443,2030.227284946893,605.6386587509794,1
65,4,6.5999999999999925,3557.4454721259544,1117.9227108206267,3588.728492561795,1132.4010612933419,3589.1551377173478,1104.4043119479045,3526.162451690114,1103.4443603479115,3525.735806534561,1131.4411096933488,1
65,5,6.5999999999999925,3737.040851807903,1088.4213338647978,3768.2985916532202,1102.9541828546708,3768.77402930498,1074.9582195913842,3705.7831119625857,1073.8884848749249,3705.307674310826,1101.8844481382114,1
66,1,6.699999999999992,743.019936247724,1165.8202689514042,708.6745709352409,1162.8798809579444,717.8224446926672,1189.3433728990733,777.3653015602071,1168.760656944864,768.2174278027808,1142.297165003735,1
66,2,6.699999999999992,1939.6720624567367,760.5223006229915,1955.8206707086513,730.067868244006,1927.8879429215563,728.128095481013,1923.5234542048222,790.9767330019769,1951.4561819919172,792.9165057649699,1
66,3,6.699999999999992,2016.649086005453,585.4434416231759,2031.308589265169,554.2449005646845,2003.3147845175165,553.6559219994491,2001.989582745737,616.6419826816673,2029.9833874933895,617.2309612469027,1
66,4,6.699999999999992,3547.190862031417,1117.7664398312722,3578.473882467257,1132.2447903039888,3578.900527622811,1104.2480409585517,3515.907841595577,1103.2880893585557,3515.4811964400233,1131.2848387039928,1
66,5,6.699999999999992,3728.5978538007757,1088.277951795441,3759.8555936460934,1102.8108007853139,3760.331031297853,1074.8148375220273,3697.340113955458,1073.745102805568,3696.8646763036986,1101.7410660688545,1
67,1,6.799999999999992,753.7779317210557,1162.1014557013634,719.4325664085725,1159.1610677079052,728.5804401659999,1185.6245596490335,788.1232970335388,1165.0418436948216,778.9754232761114,1138.5783517536934,1
67,2,6.799999999999992,1938.856283773273,772.2695136648694,1955.0048920251872,741.8150812858837,1927.0721642380922,739.8753085228911,1922.7076755213586,802.723946043855,1950.6404033084536,804.6637188068476,1
67,3,6.799999999999992,2016.4051885519495,597.0357441190991,2031.0646918116654,565.8372030606076,2003.0708870640128,565.2482244953725,2001.7456852922337,628.2342851775907,2029.7394900398863,628.8232637428258,1
67,4,6.799999999999992,3536.9368067125283,1117.6101772961972,3568.219827148369,1132.0885277689124,3568.6464723039217,1104.091778423475,3505.6537862766877,1103.131826823482,3505.227141121135,1131.1285761689194,1
67,5,6.799999999999992,3720.0477169745022,1088.1327502556087,3751.305456819819,1102.665599245483,3751.7808944715803,1074.6696359821965,3688.7899771291854,1073.5999012657344,3688.314539477424,1101.595864529021,1
68,1,6.8999999999999915,764.5359271943876,1158.3826424513227,730.1905618819044,1155.4422544578645,739.3384356393318,1181.9057463989927,798.8812925068708,1161.323030444781,789.7334187494433,1134.8595385036526,1
68,2,6.8999999999999915,1938.0405050898091,784.0167267067472,1954.1891133417234,753.5622943277617,1926.2563855546284,751.6225215647689,1921.8918968378948,814.4711590857328,1949.8246246249898,816.4109318487256,1
68,3,6.8999999999999915,2016.1612910984463,608.6280466150223,2030.8207943581624,577.4295055565309,2002.8269896105098,576.8405269912955,2001.5017878387303,639.8265876735137,2029.4955925863828,640.4155662387491,1
68,4,6.8999999999999915,3526.6821966179914,1117.4539063068428,3557.9652170538316,1131.9322567795593,3558.391862209385,1103.935507434122,3495.399176182151,1102.9755558341262,3494.9725310265976,1130.9723051795636,1
68,5,6.8999999999999915,3711.3904413290816,1087.9857292453012,3742.6481811743984,1102.5185782351757,3743.1236188261596,1074.5226149718892,3680.132701483765,1073.4528802554266,3679.6572638320035,1101.4488435187131,1
69,1,6.999999999999991,775.2939226677192,1154.6638292012822,740.9485573552361,1151.723441207824,750.0964311126635,1178.1869331489522,809.6392879802024,1157.6042171947404,800.491414222775,1131.1407252536121,1
69,2,6.999999999999991,1937.224761856758,795.7634292626831,1953.3733701086726,765.3089968836977,1925.4406423215776,763.3692241207046,1921.0761536048435,826.2178616416685,1949.0088813919385,828.1576344046615,1
69,3,6.999999999999991,2015.9173936449429,620.2203491109456,2030.576896904659,589.0218080524542,2002.5830921570064,588.4328294872188,2001.2578903852268,651.418890169437,2029.2516951328794,652.0078687346723,1
69,4,6.999999999999991,3516.427586523454,1117.2976353174881,3547.7106069592946,1131.7759857902033,3548.1372521148473,1103.779236444766,3485.1445660876134,1102.819284844773,3484.7179209320607,1130.8160341902103,1
69,5,6.999999999999991,3702.627503194386,1087.8369138360902,3733.885243039703,1102.3697628259647,3734.360680691464,1074.3737995626782,3671.369763349069,1073.3040648462156,3670.894325697308,1101.3000281095021,1
70,1,7.099999999999991,786.2237563032897,1152.1595918962025,755.4545062558117,1136.6192170128295,754.070063059074,1164.5849695869158,816.9930063507678,1167.6999667795756,818.3774495475055,1139.7342142054893,1
70,2,7.099999999999991,1935.6694616006123,807.426743196122,1954.410964179619,778.4956858168782,1926.7536011504048,774.1287337596342,1916.9279590216056,836.3578005753657,1944.5853220508197,840.7247526326097,1
70,3,7.099999999999991,2015.6734961914397,631.8126516068688,2030.3329994511557,600.6141105483774,2002.3391947035032,600.025131983142,2001.0139929317236,663.0111926653602,2029.0077976793762,663.6001712305956,1
70,4,7.099999999999991,3506.172976428917,1117.141364328134,3537.4559968647573,1131.6197148008505,3537.882642020311,1103.6229654554134,3474.889955993077,1102.6630138554174,3474.4633108375233,1130.6597632008545,1
70,5,7.099999999999991,3693.757426240544,1087.6862789564038,3725.015166085861,1102.2191279462781,3725.490603737622,1074.2231646829916,3662.4996863952274,1073.1534299665295,3662.024248743466,1101.149393229816,1
71,1,7.19999999999999,797.592453989507,1152.7223987123518,766.823203942029,1137.1820238289788,765.4387607452912,1165.147776403065,828.3617040369851,1168.2627735957249,829.7461472337228,1140.2970210216386,1
71,2,7.19999999999999,1933.8329235957628,819.0581505601688,1952.5744261747695,790.1270931809252,1924.9170631455556,785.760141123681,1915.0914210167562,847.9892079394124,1942.74878404597,852.3561599966565,1
71,3,7.19999999999999,2015.4295987379362,643.404954102792,2030.089101997652,612.2064130443006,2002.0952972499997,611.6174344790652,2000.7700954782204,674.6034951612834,2028.7639002258727,675.1924737265188,1
71,4,7.19999999999999,3495.91836633438,1116.9850933387793,3527.2013867702203,1131.4634438114958,3527.628031925774,1103.4666944660585,3464.63534589854,1102.5067428660627,3464.2087007429864,1130.5034922115,1
71,5,7.19999999999999,3684.7815899513303,1087.5338480331382,3716.039329796647,1102.0666970230125,3716.5147674484083,1074.070733759726,3653.5238501060135,1073.0009990432638,3653.0484124542522,1100.9969623065504,1
72,1,7.29999999999999,808.9611516757243,1153.2852055285011,778.1919016282462,1137.744830645128,776.8074584315085,1165.7105832192144,839.7304017232024,1168.8255804118742,841.1148449199401,1140.8598278377879,1
72,2,7.29999999999999,1931.9963855909134,830.6895579242157,1950.7378881699203,801.7585005449723,1923.0805251407064,797.3915484877278,1913.2548830119065,859.6206153034591,1940.9122460411204,863.9875673607036,1
72,3,7.29999999999999,2015.185701284433,654.9972565987152,2029.8452045441488,623.7987155402237,2001.8513997964963,623.2097369749886,2000.5261980247171,686.1957976572068,2028.5200027723697,686.7847762224419,1
72,4,7.29999999999999,3485.6637562398428,1116.8288223494246,3516.9467766756834,1131.3071728221398,3517.373421831236,1103.3104234767025,3454.380735804002,1102.3504718767094,3453.9540906484494,1130.3472212221468,1
72,5,7.29999999999999,3675.6986148429696,1087.3795976393972,3706.9563546882864,1101.9124466292717,3707.4317923400477,1073.9164833659852,3644.440874997653,1072.8467486495226,3643.9654373458916,1100.8427119128091,1
73,1,7.39999999999999,820.3298493619416,1153.8480123446507,789.5605993144635,1138.3076374612776,788.1761561177258,1166.273390035364,851.0990994094196,1169.3883872280237,852.4835426061574,1141.4226346539374,1
73,2,7.39999999999999,1930.1598475860637,842.3209652882624,1948.9013501650707,813.3899079090189,1921.2439871358567,809.0229558517746,1911.4183450070568,871.2520226675059,1939.0757080362707,875.6189747247503,1
73,3,7.39999999999999,2014.9418038309295,666.5895590946386,2029.6013070906456,635.3910180361472,2001.607502342993,634.8020394709118,2000.2823005712135,697.78810015313,2028.276105318866,698.3770787183654,1
73,4,7.39999999999999,3475.409146145306,1116.6725513600704,3506.692166581146,1131.150901832787,3507.1188117366996,1103.1541524873496,3444.1261257094657,1102.1942008873539,3443.699480553912,1130.1909502327912,1
73,5,7.39999999999999,3666.5085009154627,1087.223527775181,3697.7662407607795,1101.7563767650556,3698.2416784125408,1073.760413501769,3635.250761070146,1072.6906787853065,3634.7753234183847,1100.686642048593,1
74,1,7.499999999999989,831.6980262007326,1154.410793376274,800.9287761532545,1138.8704184929009,799.5443329565168,1166.8361710669872,862.4672762482106,1169.951168259647,863.8517194449483,1141.9854156855606,1
74,2,7.499999999999989,1928.3233095812143,853.9523726523094,1947.0648121602212,825.0213152730659,1919.4074491310073,820.6543632158215,1909.5818070022074,882.8834300315528,1937.2391700314213,887.2503820887972,1
74,3,7.499999999999989,2014.6979063774263,678.1818615905618,2029.3574096371422,646.9833205320703,2001.3636048894896,646.3943419668351,2000.0384031177105,709.3804026490533,2028.032207865363,709.9693812142884,1
74,4,7.499999999999989,3465.154536050769,1116.5162803707158,3496.4375564866095,1130.994630843431,3496.8642016421622,1102.9978814979936,3433.8715156149283,1102.0379298980006,3433.4448704593756,1130.034679243438,1
74,5,7.499999999999989,3657.212714207337,1087.0656633372898,3688.4704540526536,1101.5985123271644,3688.945891704415,1073.6025490638779,3625.95497436202,1072.5328143474153,3625.479536710259,1100.5287776107018,1
74,6,7.499999999999989,3824.754957795432,1089.9109267816339,3840.0,1104.4437757715068,3840.0,1076.4478125082203,3793.4972179501146,1075.378077791761,3793.0217802983548,1103.3740410550474,1
75,1,7.599999999999989,843.0667238869498,1154.9736001924232,812.2974738394718,1139.4332253090502,810.913030642734,1167.3989778831365,873.8359739344279,1170.5139750757962,875.2204171311656,1142.54822250171,1
75,2,7.599999999999989,1925.5449957880387,865.3867808104408,1947.0597960539708,838.4542100174948,1919.9709434188992,831.3694331744758,1904.0301955221066,892.3193516033867,1931.1190481571782,899.4041284464057,1
75,3,7.599999999999989,2014.4540089239229,689.774164086485,2029.1135121836387,658.5756230279935,2001.1197074359861,657.9866444627584,1999.794505664207,720.9727051449765,2027.7883104118596,721.5616837102117,1
75,4,7.599999999999989,3454.8999259562315,1116.3600093813614,3486.1829463920717,1130.838359854078,3486.6095915476253,1102.8416105086408,3423.6169055203914,1101.8816589086448,3423.1902603648377,1129.878408254082,1
75,5,7.599999999999989,3647.809788680064,1086.9059794289233,3679.0675285253806,1101.4388284187978,3679.542966177142,1073.4428651555113,3616.552048834747,1072.3731304390487,3616.0766111829857,1100.3690937023352,1
75,6,7.599999999999989,3819.3961243314097,1089.819921118626,3840.0,1104.3527701085004,3840.0,1076.356806845214,3788.138384486093,1075.2870721287518,3787.6629468343317,1103.2830353920383,1
76,1,7.699999999999989,854.4354215731669,1155.5364070085725,823.6661715256887,1139.9960321251997,822.2817283289512,1167.9617846992858,885.2046716206451,1171.0767818919453,886.5891148173826,1143.1110293178592,1
76,2,7.699999999999989,1922.5654664143426,876.7790990039841,1944.0802666802747,849.8465282110382,1916.991414045203,842.7617513680192,1901.0506661484105,903.7116697969301,1928.1395187834821,910.7964466399491,1
76,3,7.699999999999989,2014.2101114704196,701.3664665824082,2028.8696147301357,670.1679255239168,2000.8758099824831,669.5789469586814,1999.5506082107036,732.5650076408996,2027.5444129583561,733.153986206135,1
76,4,7.699999999999989,3444.645315861695,1116.203738392007,3475.9283362975357,1130.6820888647221,3476.3549814530884,1102.6853395192848,3413.3622954258544,1101.7253879192917,3412.9356502703017,1129.722137264729,1
76,5,7.699999999999989,3638.2997243336445,1086.7444760500816,3669.5574641789613,1101.2773250399562,3670.0329018307225,1073.2813617766697,3607.0419844883277,1072.211627060207,3606.5665468365664,1100.2075903234936,1
76,6,7.699999999999989,3813.92285029714,1089.7269719841447,3840.0,1104.2598209740177,3840.0,1076.2638577107311,3782.665110451823,1075.1941229942718,3782.189672800063,1103.1900862575583,1
77,1,7.799999999999988,865.8041192593842,1156.099213824722,835.0348692119061,1140.558838941349,833.6504260151684,1168.5245915154353,896.5733693068622,1171.639588708095,897.9578125035999,1143.6738361340088,1
77,2,7.799999999999988,1919.5859370406465,888.1714171975277,1941.1007373065784,861.2388464045815,1914.0118846715068,854.1540695615628,1898.0711367747147,915.1039879904739,1925.1599894097862,922.1887648334927,1
77,3,7.799999999999988,2013.9662140169164,712.9587690783314,2028.6257172766325,681.76022801984,2000.63191252898,681.1712494546047,1999.3067107572003,744.1573101368228,2027.300515504853,744.7462887020582,1
77,4,7.799999999999988,3434.3907057671577,1116.0474674026523,3465.673726202998,1130.5258178753688,3466.1003713585515,1102.5290685299315,3403.1076853313175,1101.5691169299357,3402.681040175764,1129.565866275373,1
77,5,7.799999999999988,3628.682521168079,1086.5811532007642,3659.9402610133957,1101.1140021906388,3660.415698665157,1073.1180389273522,3597.424781322762,1072.0483042108897,3596.949343671001,1100.0442674741762,1
77,6,7.799999999999988,3808.335135692623,1089.6320793781895,3839.592875537941,1104.1649283680624,3840.0,1076.168965104776,3777.0773958473055,1075.0992303883165,3776.601958195546,1103.095193651603,1
78,1,7.899999999999988,877.1728169456014,1156.6620206408713,846.4035668981234,1141.1216457574983,845.0191237013856,1169.0873983315846,907.9420669930795,1172.2023955242444,909.3265101898172,1144.236642950158,1
78,2,7.899999999999988,1916.6064076669506,899.5637353910713,1938.1212079328825,872.6311645981251,1911.032355297811,865.5463877551064,1895.0916074010188,926.4963061840175,1922.1804600360904,933.5810830270362,1
78,3,7.899999999999988,2013.722316563413,724.5510715742547,2028.381819823129,693.3525305157633,2000.3880150754765,692.7635519505279,1999.0628133036969,755.7496126327461,2027.0566180513495,756.3385911979815,1
78,4,7.899999999999988,3424.1360956726203,1115.891196413298,3455.4191161084605,1130.3695468860146,3455.845761264014,1102.3727975405775,3392.85307523678,1101.4128459405815,3392.4264300812265,1129.4095952860187,1
78,5,7.899999999999988,3619.0072047012245,1086.4168434501842,3650.2649445465413,1100.9496924400587,3650.7403821983025,1072.9537291767722,3587.7494648559077,1071.8839944603096,3587.2740272041465,1099.8799577235961,1
78,6,7.899999999999988,3802.6329805178584,1089.5352433007606,3833.8907203631757,1104.0680922906336,3834.3661580149355,1076.072129027347,3771.375240672541,1075.0023943108877,3770.8998030207813,1102.9983575741742,1
79,1,7.999999999999988,888.5466554706334,1156.9381407418962,856.8591119542515,1143.3679680864946,857.2400290814197,1171.365376933426,920.2341989870152,1170.5083133972978,919.853281859847,1142.5109045503664,1
79,2,7.999999999999988,1913.6268782932545,910.9560535846147,1935.1416785591864,884.0234827916685,1908.0528259241148,876.9387059486497,1892.1120780273227,937.8886243775609,1919.2009306623943,944.9734012205796,1
79,3,7.999999999999988,2013.4784191099097,736.1433740701779,2028.1379223696258,704.9448330116865,2000.1441176219732,704.3558544464511,1998.8189158501937,767.3419151286693,2026.8127205978462,767.9308936939046,1
79,4,7.999999999999988,3413.881485578084,1115.7349254239434,3445.1645060139244,1130.2132758966586,3445.591151169477,1102.2165265512212,3382.598465142243,1101.2565749512282,3382.1718199866905,1129.2533242966656,1
79,5,7.999999999999988,3609.33188823437,1086.2525336996039,3640.5896280796874,1100.7853826894768,3641.0650657314472,1072.7894194261903,3578.074148389053,1071.719684709731,3577.598710737293,1099.7156479730174,1
79,6,7.999999999999988,3796.816384772846,1089.4364637518577,3828.074124618163,1103.9693127417322,3828.549562269924,1075.9733494784457,3765.5586449275293,1074.9036147619831,3765.083207275768,1102.8995780252696,1
80,1,8.099999999999987,899.9281768279159,1156.783290111185,868.2406333115334,1143.2131174557849,868.6215504387028,1171.210526302716,931.6157203442983,1170.353462766585,931.234803217129,1142.3560539196537,1
80,2,8.099999999999987,1910.2723405683066,922.187233809605,1938.669462926832,902.6461631696696,1914.796627859325,888.0144255476501,1881.8752182097812,941.7283044495404,1905.7480532772881,956.3600420715599,1
80,3,8.099999999999987,2013.2345216564063,747.7356765661011,2027.8940249161224,716.5371355076097,1999.9002201684698,715.9481569423743,1998.5750183966902,778.9342176245925,2026.5688231443428,779.5231961898279,1
80,4,8.099999999999987,3403.6268754835464,1115.578654434589,3434.9098959193866,1130.0570049073056,3435.33654107494,1102.0602555618682,3372.3438550477063,1101.1003039618724,3371.9172098921526,1129.0970533073098,1
80,5,8.099999999999987,3599.6565717675157,1086.0882239490238,3630.914311612833,1100.6210729388968,3631.389749264593,1072.6251096756102,3568.3988319221985,1071.5553749591509,3567.9233942704386,1099.5513382224374,1
80,6,8.099999999999987,3790.8853484575866,1089.3357407314809,3822.1430883029043,1103.8685897213538,3822.6185259546637,1075.8726264580673,3759.627608612269,1074.802891741608,3759.1521709605095,1102.7988550048944,1
81,1,8.199999999999987,911.309743490031,1156.628438864081,879.6221999736491,1143.0582662086795,880.0031171008173,1171.055675055611,942.9972870064129,1170.1986115194827,942.6163698792446,1142.2012026725513,1
81,2,8.199999999999987,1904.1189086396805,932.2270437984159,1932.516030998206,912.6859731584806,1908.643195930699,898.0542355364611,1875.7217862811551,951.7681144383513,1899.594621348662,966.3998520603708,1
81,3,8.199999999999987,2012.990624202903,759.3279790620244,2027.6501274626191,728.129438003533,1999.6563227149666,727.5404594382976,1998.331120943187,790.5265201205158,2026.3249256908396,791.1154986857512,1
81,4,8.199999999999987,3393.3722859560276,1115.4223837586574,3424.6553063918677,1129.900734231374,3425.0819515474213,1101.9039848859366,3362.0892655201874,1100.9440332859408,3361.6626203646338,1128.9407826313782,1
81,5,8.199999999999987,3589.9812553006614,1085.9239141984435,3621.2389951459786,1100.4567631883165,3621.7144327977385,1072.46079992503,3558.723515455344,1071.3910652085706,3558.2480778035842,1099.387028471857,1
81,6,8.199999999999987,3784.8398715720787,1089.2330742396302,3816.097611417396,1103.7659232295032,3816.573049069156,1075.7699599662167,3753.5821317267614,1074.7002252497573,3753.1066940750015,1102.6961885130438,1
82,1,8.299999999999986,922.6913101521463,1156.4735876169775,891.0037666357639,1142.9034149615775,891.3846837629333,1170.9008238085087,954.3788536685288,1170.0437602723775,953.9979365413594,1142.0463514254463,1
82,2,8.299999999999986,1897.9654767110546,942.2668537872269,1926.3625990695805,922.7257831472922,1902.489764002074,908.0940455252721,1869.5683543525288,961.8079244271615,1893.4411894200352,976.4396620491816,1
82,3,8.299999999999986,2012.7467267493996,770.9202815579476,2027.4062300091155,739.7217404994561,1999.4124252614629,739.132761934221,1998.0872234896838,802.1188226164392,2026.0810282373363,802.7078011816743,1
82,4,8.299999999999986,3383.1193626737204,1115.2661384747967,3414.402383109561,1129.7444889475119,3414.8290282651137,1101.7477396020745,3351.8363422378798,1100.7877880020815,3351.409697082327,1128.7845373475188,1
82,5,8.299999999999986,3580.305938833807,1085.7596044478635,3611.5636786791238,1100.292453437738,3612.039116330885,1072.2964901744515,3549.04819898849,1071.226755457989,3548.572761336729,1099.2227187212754,1
82,6,8.299999999999986,3778.6799541163236,1089.128464276306,3809.937693961641,1103.661313266179,3810.4131316134008,1075.6653500028924,3747.4222142710064,1074.595615286433,3746.9467766192465,1102.5915785497195,1
83,1,8.399999999999986,934.0728768142617,1156.318736369874,902.3853332978792,1142.748563714474,902.7662504250486,1170.745972561405,965.7604203306441,1169.888909025274,965.3795032034748,1141.8915001783428,1
83,2,8.399999999999986,1891.8120447824285,952.3066637760376,1920.2091671409544,932.7655931361029,1896.336332073448,918.1338555140828,1863.4149224239027,971.8477344159722,1887.2877574914091,986.4794720379923,1
83,3,8.399999999999986,2012.5028292958964,782.5125840538708,2027.1623325556125,751.3140429953794,1999.16852780796,750.725064430144,1997.8433260361803,813.7111251123622,2025.837130783833,814.3001036775976,1
83,4,8.399999999999986,3372.8647525791835,1115.109867485442,3404.1477730150236,1129.5882179581586,3404.5744181705772,1101.5914686127212,3341.5817321433433,1100.6315170127255,3341.1550869877897,1128.6282663581628,1
83,5,8.399999999999986,3570.630622366953,1085.5952946972834,3601.88836221227,1100.1281436871577,3602.363799864031,1072.1321804238712,3539.3728825216363,1071.062445707409,3538.897444869875,1099.0584089706956,1
83,6,8.399999999999986,3772.4055960903215,1089.0219108415076,3803.6633359356383,1103.5547598313822,3804.1387735873996,1075.5587965680957,3741.1478562450047,1074.489061851633,3740.6724185932435,1102.4850251149196,1
84,1,8.499999999999986,945.454443476377,1156.1638851227704,913.7668999599946,1142.5937124673703,914.147817087164,1170.5911213143015,977.1419869927595,1169.7340577781704,976.7610698655901,1141.7366489312392,1
84,2,8.499999999999986,1885.6588701173337,962.3460540190871,1914.0559924758595,942.8049833791524,1890.183157408353,928.1732457571323,1857.2617477588078,981.8871246590218,1881.1345828263143,996.5188622810418,1
84,3,8.499999999999986,2012.258931842393,794.1048865497942,2026.9184351021088,762.9063454913027,1998.9246303544562,762.3173669260675,1997.599428582677,825.3034276082857,2025.5932333303297,825.8924061735208,1
84,4,8.499999999999986,3362.6117250275556,1114.9536206126113,3393.894745463396,1129.4319710853279,3394.3213906189494,1101.4352217398905,3331.3287045917155,1100.4752701398947,3330.902059436162,1128.472019485332,1
84,5,8.499999999999986,3560.955305900098,1085.4309849467031,3592.213045745415,1099.9638339365777,3592.6884833971762,1071.9678706732911,3529.6975660547814,1070.8981359568286,3529.22212840302,1098.894099220115,1
84,6,8.499999999999986,3766.016843011733,1088.9134147082332,3797.2745828570496,1103.4462636981077,3797.750020508811,1075.4503004348212,3734.759103166416,1074.3805657183586,3734.283665514655,1102.3765289816452,1
85,1,8.599999999999985,956.8360101384924,1156.0090338756668,925.1484666221099,1142.4388612202667,925.5293837492793,1170.436270067198,988.5235536548748,1169.5792065310668,988.1426365277055,1141.5817976841356,1
85,2,8.599999999999985,1879.5054381887078,972.3858640078979,1907.9025605472332,952.8447933679626,1884.0297254797263,938.213055745943,1851.1083158301824,991.9269346478333,1874.9811508976893,1006.5586722698528,1
85,3,8.599999999999985,2012.0150343888897,805.6971890457173,2026.6745376486056,774.4986479872258,1998.680732900953,773.9096694219907,1997.3555311291739,836.8957301042088,2025.3493358768264,837.484708669444,1
85,4,8.599999999999985,3352.3571149330187,1114.7973496232567,3383.640135368859,1129.2757000959732,3384.0667805244125,1101.2789507505358,3321.0740944971785,1100.31899915054,3320.647449341625,1128.3157484959775,1
85,5,8.599999999999985,3551.2799894332443,1085.266675196123,3582.537729278561,1099.7995241859976,3583.0131669303223,1071.803560922711,3520.0222495879275,1070.7338262062485,3519.5468119361663,1098.729789469535,1
85,6,8.599999999999985,3759.513649362896,1088.8029751034849,3790.771389208213,1103.3358240933594,3791.246826859974,1075.339860830073,3728.2559095175793,1074.2701261136103,3727.780471865818,1102.2660893768968,1
86,1,8.699999999999985,968.2175768006077,1155.8541826285632,936.5300332842253,1142.2840099731632,936.9109504113947,1170.2814188200944,999.9051203169902,1169.4243552839632,999.5242031898208,1141.426946437032,1
86,2,8.699999999999985,1873.3520062600817,982.4256739967087,1907.2842216973274,976.3548622288849,1891.5839192099545,953.1708051679435,1839.419790822836,988.4964857645325,1855.1200933102089,1011.6805428254739,1
86,3,8.699999999999985,2011.7711369353863,817.2894915416406,2026.4306401951023,786.0909504831492,1998.4368354474498,785.5019719179138,1997.1116336756702,848.488032600132,2025.1054384233228,849.0770111653674,1
86,4,8.699999999999985,3342.1025048384818,1114.6410786339022,3373.385525274322,1129.1194291066188,3373.8121704298756,1101.1226797611816,3310.8194844026416,1100.1627281611857,3310.392839247088,1128.1594775066228,1
86,5,8.699999999999985,3541.60467296639,1085.102365445543,3572.8624128117076,1099.635214435416,3573.337850463467,1071.6392511721294,3510.346933121072,1070.56951645567,3509.871495469313,1098.5654797189566,1
86,6,8.699999999999985,3752.8960151438123,1088.6905920272625,3784.1537549891295,1103.2234410171354,3784.6291926408894,1075.227477753849,3721.638275298495,1074.1577430373895,3721.162837646735,1102.153706300676,1
87,1,8.799999999999985,979.5991434627231,1155.6993313814596,947.9115999463406,1142.1291587260596,948.29251707351,1170.1265675729908,1011.2866869791055,1169.2695040368596,1010.9057698519362,1141.2720951899285,1
87,2,8.799999999999985,1862.5143019338568,986.6471993273542,1896.8652397792787,989.5217547955893,1887.6666622809223,963.0758444878171,1828.163364088435,983.7726438591191,1837.3619415867913,1010.2185541668913,1
87,3,8.799999999999985,2011.527239481883,828.8817940375638,2026.1867427415991,797.6832529790724,1998.1929379939465,797.0942744138371,1996.867736222167,860.0803350960553,2024.8615409698195,860.6693136612906,1
87,4,8.799999999999985,3331.8478947439444,1114.4848076445478,3363.1309151797846,1128.9631581172644,3363.557560335338,1100.966408771827,3300.564874308104,1100.0064571718312,3300.1382291525506,1128.0032065172686,1
87,5,8.799999999999985,3531.9293564995355,1084.9380556949627,3563.1870963448528,1099.4709046848357,3563.6625339966126,1071.4749414215491,3500.6716166542183,1070.4052067050898,3500.1961790024584,1098.4011699683763,1
87,6,8.799999999999985,3746.1639403544814,1088.5762654795667,3777.4216801997986,1103.1091144694396,3777.8971178515585,1075.1131512061531,3714.906200509164,1074.0434164896938,3714.4307628574043,1102.0393797529803,1
88,1,8.899999999999984,990.9807101248384,1155.544480134356,959.2931666084565,1141.9743074789544,959.6740837356248,1169.9717163258858,1022.6682536412203,1169.1146527897577,1022.2873365140521,1141.1172439428262,1
88,2,8.899999999999984,1851.3923755384217,990.5156954648969,1885.7433133838435,993.3902509331338,1876.5447358854883,966.9443406253611,1817.0414376929998,987.6411399966601,1826.240015191355,1014.0870503044328,1
88,3,8.899999999999984,2011.2833420283796,840.474096533487,2025.9428452880957,809.2755554749956,1997.949040540443,808.6865769097602,1996.6238387686635,871.6726375919784,2024.617643516316,872.2616161572138,1
88,4,8.899999999999984,3321.593284649408,1114.3285366551931,3352.8763050852485,1128.8068871279083,3353.3029502408012,1100.810137782471,3290.3102642135673,1099.850186182478,3289.8836190580146,1127.8469355279153,1
88,5,8.899999999999984,3522.254040032681,1084.7737459443824,3553.5117798779984,1099.3065949342554,3553.9872175297583,1071.3106316709689,3490.996300187364,1070.2408969545095,3490.520862535604,1098.236860217796,1
88,6,8.899999999999984,3739.3174249949025,1088.4599954603968,3770.5751648402193,1102.9928444502711,3771.0506024919805,1074.9968811869846,3708.0596851495857,1073.9271464705225,3707.5842474978244,1101.923109733809,1
89,1,8.999999999999984,1002.3622767869538,1155.3896288872525,970.6747332705713,1141.8194562318524,971.0556503977407,1169.8168650787836,1034.0498203033362,1168.9598015426525,1033.6689031761669,1140.9623926957213,1
89,2,8.999999999999984,1840.2704491429863,994.3841916024395,1874.6213869884082,997.2587470706761,1865.4228094900527,970.8128367629035,1805.9195112975644,991.5096361342029,1815.11808879592,1017.9555464419755,1
89,3,8.999999999999984,2011.0394445748764,852.0663990294104,2025.6989478345924,820.867857970919,1997.7051430869399,820.2788794056836,1996.3799413151603,883.2649400879018,2024.3737460628129,883.8539186531372,1
89,4,8.999999999999984,3311.3403021011723,1114.1722904681733,3342.623322537013,1128.6506409408885,3343.0499676925656,1100.6538915954511,3280.0572816653316,1099.693939995458,3279.630636509779,1127.6906893408955,1
89,5,8.999999999999984,3512.580375099251,1084.609464240745,3543.838114944568,1099.142313230618,3544.313552596328,1071.1463499673314,3481.3226352539336,1070.076615250872,3480.8471976021738,1098.0725785141585,1
89,6,8.999999999999984,3732.356469065076,1088.3417819697531,3763.614208910393,1102.8746309596277,3764.089646562154,1074.8786676963412,3701.098729219759,1073.8089329798786,3700.623291567998,1101.804896243165,1
90,1,9.099999999999984,1013.7438434490691,1155.2347776401486,982.0562999326872,1141.664604984747,982.4372170598554,1169.6620138316785,1045.4313869654509,1168.8049502955503,1045.0504698382829,1140.8075414486188,1
90,2,9.099999999999984,1829.1485227475514,998.2526877399821,1863.4994605929733,1001.1272432082175,1854.3008830946171,974.6813329004452,1794.7975849021295,995.3781322717467,1803.9961624004857,1021.824042579519,1
90,3,9.099999999999984,2010.795547121373,863.6587015253335,2025.455050381089,832.4601604668421,1997.4612456334364,831.8711819016067,1996.1360438616568,894.8572425838249,2024.1298486093094,895.4462211490603,1
90,4,9.099999999999984,3301.0856920066353,1114.0160194788189,3332.3687124424755,1128.4943699515354,3332.795357598029,1100.497620606098,3269.802671570795,1099.5376690061023,3269.3760264152415,1127.5344183515397,1
90,5,9.099999999999984,3502.9050586323965,1084.445154490165,3534.162798477714,1098.9780034800378,3534.6382361294736,1070.9820402167513,3471.647318787079,1069.912305500292,3471.1718811353194,1097.9082687635785,1
90,6,9.099999999999984,3725.281072565002,1088.2216250076356,3756.5388124103188,1102.75447399751,3757.01425006208,1074.7585107342236,3694.023332719685,1073.688776017761,3693.547895067924,1101.6847392810475,1
91,1,9.199999999999983,1025.1254101111842,1155.079926393045,993.4378665948018,1141.509753737645,993.8187837219712,1169.5071625845762,1056.8129536275667,1168.650099048445,1056.4320365003973,1140.652690201514,1
91,2,9.199999999999983,1818.194257195515,1002.5668831613104,1852.646079286999,1003.7166459963075,1842.133961938466,977.7648562921142,1783.742435104031,1001.4171203263134,1794.2545524525642,1027.3689100305066,1
91,3,9.199999999999983,2010.5516496678697,875.2510040212567,2025.2111529275858,844.0524629627653,1997.2173481799332,843.4634843975299,1995.8921464081536,906.4495450797481,2023.8859511558062,907.0385236449835,1
91,4,9.199999999999983,3290.831081912098,1113.8597484894644,3322.1141023479386,1128.3380989621796,3322.5407475034913,1100.3413496167423,3259.5480614762573,1099.3813980167492,3259.1214163207046,1127.3781473621866,1
91,5,9.199999999999983,3493.229742165542,1084.2808447395846,3524.487482010859,1098.813693729459,3524.96291966262,1070.8177304661726,3461.9720023202253,1069.7479957497103,3461.496564668464,1097.7439590129966,1
91,6,9.199999999999983,3718.0912354946804,1088.0995245740442,3749.348975339997,1102.6323735639187,3749.8244129917584,1074.6364103006322,3686.8334956493636,1073.5666755841696,3686.3580579976024,1101.5626388474561,1
92,1,9.299999999999983,1036.5069102542845,1155.0,1005.0069102542845,1141.0,1005.0069102542845,1169.0,1068.0069102542845,1169.0,1068.0069102542845,1141.0,1
92,2,9.299999999999983,1807.2801350662037,1006.9877933909049,1841.7319571576877,1008.137556225902,1831.2198398091546,982.1857665217087,1772.8283129747197,1005.8380305559078,1783.3404303232528,1031.7898202601011,1
92,3,9.299999999999983,2010.3077522143662,886.84330651718,2024.967255474082,855.6447654586885,1996.9734507264295,855.0557868934534,1995.6482489546504,918.0418475756716,2023.642053702303,918.6308261409067,1
92,4,9.299999999999983,3280.576471817561,1113.70347750011,3311.859492253401,1128.1818279728266,3312.286137408955,1100.1850786273894,3249.293451381721,1099.2251270273935,3248.8668062261672,1127.2218763728306,1
92,5,9.299999999999983,3483.5544256986877,1084.1165349890045,3514.8121655440045,1098.649383978879,3515.2876031957658,1070.6534207155926,3452.296685853371,1069.58368599913,3451.8212482016097,1097.5796492624165,1
92,6,9.299999999999983,3710.78703368453,1087.9754819567588,3742.0447735298467,1102.5083309466334,3742.520211181608,1074.5123676833468,3679.529293839213,1073.4426329668843,3679.053856187452,1101.4385962301708,1
93,1,9.399999999999983,1047.8895302775,1155.0,1016.3895302775,1141.0,1016.3895302775,1169.0,1079.3895302775,1169.0,1079.3895302775,1141.0,1
93,2,9.399999999999983,1796.3660129368923,1011.4087036204994,1830.8178350283763,1012.558466455495,1820.3057176798422,986.6066767513022,1761.9141908454083,1010.2589407855038,1772.4263081939423,1036.2107304896967,1
93,3,9.399999999999983,2010.063854760863,898.4356090131031,2024.723358020579,867.2370679546117,1996.7295532729265,866.6480893893763,1995.404351501147,929.6341500715945,2023.3981562487995,930.2231286368299,1
93,4,9.399999999999983,3270.321861723024,1113.5472065107556,3301.6048821588647,1128.0255569834708,3302.0315273144174,1100.0288076380334,3239.0388412871835,1099.0688560380404,3238.6121961316308,1127.0656053834778,1
93,5,9.399999999999983,3473.8791092318334,1083.9522252384245,3505.13684907715,1098.4850742282988,3505.6122867289114,1070.4891109650125,3442.6213693865166,1069.4193762485502,3442.1459317347553,1097.4153395118365,1
93,6,9.399999999999983,3703.3683913041314,1087.8494958679996,3734.626131149448,1102.3823448578742,3735.1015688012094,1074.3863815945876,3672.1106514588146,1073.316646878125,3671.6352138070533,1101.3126101414116,1
94,1,9.499999999999982,1059.2721503007156,1155.0,1027.7721503007156,1141.0,1027.7721503007156,1169.0,1090.7721503007156,1169.0,1090.7721503007156,1141.0,1
94,2,9.499999999999982,1785.4518908075806,1015.8296138500939,1819.9037128990647,1016.9793766850895,1809.3915955505306,991.0275869808967,1751.0000687160966,1014.6798510150983,1761.5121860646307,1040.6316407192912,1
94,3,9.499999999999982,2009.8199573073596,910.0279115090264,2024.4794605670754,878.8293704505348,1996.4856558194228,878.2403918852997,1995.1604540476437,941.2264525675179,2023.1542587952963,941.815431132753,1
94,4,9.499999999999982,3260.0672516284867,1113.390935521401,3291.350272064327,1127.8692859941175,3291.7769172198805,1099.8725366486804,3228.7842311926465,1098.9125850486844,3228.357586037093,1126.9093343941215,1
94,5,9.499999999999982,3464.204692053884,1083.787930759896,3495.462431899201,1098.3207797497703,3495.937869550962,1070.324816486484,3432.9469522085674,1069.2550817700217,3432.471514556806,1097.251045033308,1
94,6,9.499999999999982,3695.8448063871638,1087.7217276068363,3727.102546232481,1102.2545765967093,3727.577983884241,1074.2586133334228,3664.5870665418465,1073.1888786169634,3664.1116288900866,1101.18484188025,1
94,7,9.499999999999982,3819.7909125804426,1121.9206182158869,3840.0,1136.398968688602,3840.0,1108.4022193431647,3788.507892144602,1107.4422677431717,3788.0812469890493,1135.439017088609,1
95,1,9.599999999999982,1070.6547703239307,1155.0,1039.1547703239307,1141.0,1039.1547703239307,1169.0,1102.1547703239307,1169.0,1102.1547703239307,1141.0,1
95,2,9.599999999999982,1774.5377686782692,1020.2505240796884,1808.9895907697532,1021.400286914684,1798.4774734212192,995.4484972104912,1740.0859465867852,1019.1007612446928,1750.5980639353193,1045.0525509488857,1
95,3,9.599999999999982,2009.5760598538563,921.6202140049496,2024.2355631135722,890.4216729464581,1996.2417583659196,889.832694381223,1994.9165565941405,952.8187550634411,2022.910361341793,953.4077336286763,1
95,4,9.599999999999982,3249.81264153395,1113.2346645320465,3281.0956619697904,1127.713015004763,3281.522307125344,1099.7162656593257,3218.52962109811,1098.75631405933,3218.1029759425564,1126.7530634047673,1
95,5,9.599999999999982,3454.5293755870293,1083.6236210093161,3485.787115432346,1098.1564699991907,3486.2625530841074,1070.1605067359042,3423.2716357417125,1069.0907720194416,3422.7961980899513,1097.0867352827281,1
95,6,9.599999999999982,3688.321831099203,1087.5939696986147,3719.5795709445197,1102.126818688489,3720.055008596281,1074.1308554252025,3657.064091253886,1073.0611207087404,3656.588653602125,1101.057083972027,1
95,7,9.599999999999982,3814.465660816311,1121.8394661921561,3840.0,1136.3178166648713,3840.0,1108.321067319434,3783.1826403804703,1107.361115719441,3782.7559952249176,1135.3578650648783,1
96,1,9.699999999999982,1082.0373903471464,1155.0,1050.5373903471464,1141.0,1050.5373903471464,1169.0,1113.5373903471464,1169.0,1113.5373903471464,1141.0,1
96,2,9.699999999999982,1763.6236465489578,1024.6714343092829,1798.0754686404418,1025.8211971442784,1787.5633512919078,999.8694074400856,1729.1718244574738,1023.5216714742872,1739.6839418060079,1049.4734611784802,1
96,3,9.699999999999982,2009.332162400353,933.2125165008729,2023.991665660069,902.0139754423815,1995.9978609124164,901.4249968771461,1994.6726591406368,964.4110575593643,2022.6664638882894,965.0000361245997,1
96,4,9.699999999999982,3239.558031439413,1113.078393542692,3270.8410518752535,1127.5567440154073,3271.267697030806,1099.55999466997,3208.275011003572,1098.600043069977,3207.8483658480195,1126.5967924154143,1
96,5,9.699999999999982,3444.8540591201754,1083.4593112587359,3476.111798965492,1097.9921602486104,3476.5872366172534,1069.9961969853239,3413.5963192748586,1068.9264622688613,3413.1208816230974,1096.9224255321478,1
96,6,9.699999999999982,3680.798246182235,1087.4662014374514,3712.055986027552,1101.9990504273244,3712.531423679312,1074.0030871640379,3649.5405063369176,1072.9333524475785,3649.0650686851577,1100.929315710865,1
96,7,9.699999999999982,3809.0242447076052,1121.7565439288073,3840.0,1136.2348944015225,3840.0,1108.2381450560852,3777.7412242717646,1107.2781934560921,3777.314579116212,1135.2749428015295,1
97,1,9.799999999999981,1093.4200103703618,1155.0,1061.9200103703618,1141.0,1061.9200103703618,1169.0,1124.9200103703618,1169.0,1124.9200103703618,1141.0,1
97,2,9.799999999999981,1752.7095244196462,1029.0923445388776,1787.1613465111302,1030.242107373873,1776.6492291625962,1004.2903176696803,1718.2577023281622,1027.942581703882,1728.7698196766962,1053.894371408075,1
97,3,9.799999999999981,2009.0913993635347,944.6558420155242,2023.7509026232508,913.4573009570328,1995.7570978755982,912.8683223917974,1994.4318961038186,975.8543830740156,2022.4257008514712,976.443361639251,1
97,4,9.799999999999981,3229.303421344876,1112.9221225533374,3260.586441780716,1127.400473026054,3261.0130869362697,1099.4037236806166,3198.0204009090357,1098.4437720806209,3197.593755753482,1126.4405214260582,1
97,5,9.799999999999981,3435.178742653321,1083.2950015081556,3466.4364824986387,1097.8278504980285,3466.911920150398,1069.831887234742,3403.9210028080033,1068.7621525182826,3403.445565156244,1096.7581157815691,1
97,6,9.799999999999981,3673.2746612652672,1087.3384331762882,3704.532401110584,1101.8712821661627,3705.0078387623453,1073.8753189028762,3642.0169214199504,1072.8055841864136,3641.541483768189,1100.8015474497001,1
97,7,9.799999999999981,3803.466664254325,1121.671851425841,3834.749684690166,1136.1502018985561,3835.1763298457186,1108.1534525531188,3772.1836438184846,1107.1935009531257,3771.756998662932,1135.1902502985631,1
98,1,9.89999999999998,1104.8026303935771,1155.0,1073.3026303935771,1141.0,1073.3026303935771,1169.0,1136.3026303935771,1169.0,1136.3026303935771,1141.0,1
98,2,9.89999999999998,1741.4829717958758,1032.5286856281277,1775.3477415535838,1038.9650952839395,1768.9533999347364,1011.7050073299091,1707.6182020381677,1026.092275972316,1714.0125436570152,1053.3523639263465,1
98,3,9.89999999999998,2009.0913993635347,944.6558420155242,2023.7509026232508,913.4573009570328,1995.7570978755982,912.8683223917974,1994.4318961038186,975.8543830740156,2022.4257008514712,976.443361639251,1
98,4,9.89999999999998,3219.048811250339,1112.765851563983,3250.3318316861796,1127.2442020366982,3250.7584768417323,1099.2474526912608,3187.7657908144984,1098.2875010912678,3187.3391456589457,1126.2842504367052,1
98,5,9.89999999999998,3425.5034261864666,1083.1306917575755,3456.761166031784,1097.6635407474485,3457.2366036835438,1069.667577484162,3394.2456863411494,1068.5978427677026,3393.7702486893895,1096.593806030989,1
98,6,9.89999999999998,3665.7510763483,1087.2106649151247,3697.008816193617,1101.7435139049992,3697.484253845378,1073.7475506417127,3634.4933365029833,1072.6778159252501,3634.017898851222,1100.6737791885366,1
98,7,9.89999999999998,3797.7929194564704,1121.5853886832567,3829.0759398923105,1136.0637391559733,3829.502585047864,1108.0669898105361,3766.50989902063,1107.1070382105402,3766.0832538650766,1135.1037875559773,1
99,1,9.99999999999998,1116.1852504167925,1155.0,1084.6852504167925,1141.0,1084.6852504167925,1169.0,1147.6852504167925,1169.0,1147.6852504167925,1141.0,1
99,2,9.99999999999998,1730.0186399491208,1035.2178498884778,1763.8834097068286,1041.654259544291,1757.4890680879823,1014.3941715902604,1696.153870191413,1028.7814402326644,1702.5482118102593,1056.0415281866951,1
99,3,9.99999999999998,2009.0913993635347,944.6558420155242,2023.7509026232508,913.4573009570328,1995.7570978755982,912.8683223917974,1994.4318961038186,975.8543830740156,2022.4257008514712,976.443361639251,1
99,4,9.99999999999998,3208.795043505618,1112.6095934112784,3240.078063941459,1127.0879438839936,3240.5047090970115,1099.0911945385562,3177.5120230697776,1098.1312429385632,3177.085377914225,1126.1279922840006,1
99,5,9.99999999999998,3415.8281097196123,1082.9663820069954,3447.085849564929,1097.4992309968698,3447.5612872166903,1069.5032677335835,3384.5703698742955,1068.4335330171211,3384.094932222534,1096.4294962804074,1
99,6,9.99999999999998,3658.2274914313325,1087.0828966539611,3689.4852312766498,1101.615745643834,3689.9606689284096,1073.6197823805476,3626.9697515860153,1072.5500476640882,3626.4943139342554,1100.5460109273747,1
99,7,9.99999999999998,3792.0030103140416,1121.4971557010547,3823.2860307498822,1135.9755061737699,3823.712675905435,1107.9787568283325,3760.719989878201,1107.0188052283395,3760.2933447226483,1135.0155545737769,1
100,1,10.09999999999998,1127.5670569592662,1155.0,1096.0670569592662,1141.0,1096.0670569592662,1169.0,1159.0670569592662,1169.0,1159.0670569592662,1141.0,1
100,2,10.09999999999998,1718.5543081023661,1037.9070141488278,1752.419077860074,1044.3434238046411,1746.0247362412276,1017.0833358506104,1684.6895383446583,1031.4706044930144,1691.0838799635046,1058.7306924470452,1
100,3,10.09999999999998,2009.0913993635347,944.6558420155242,2023.7509026232508,913.4573009570328,1995.7570978755982,912.8683223917974,1994.4318961038186,975.8543830740156,2022.4257008514712,976.443361639251,1
100,4,10.09999999999998,3198.5404334110813,1112.453322421924,3229.8234538469214,1126.9316728946405,3230.250099002475,1098.9349235492032,3167.257412975241,1097.9749719492074,3166.8307678196875,1125.9717212946448,1
100,5,10.09999999999998,3406.152793252758,1082.8020722564152,3437.4105330980747,1097.3349212462897,3437.885970749836,1069.3389579830032,3374.895053407441,1068.2692232665406,3374.41961575568,1096.2651865298271,1
100,6,10.09999999999998,3650.703906514365,1086.9551283927979,3681.9616463596817,1101.4879773826722,3682.437084011443,1073.4920141193857,3619.446166669048,1072.4222794029236,3618.970729017287,1100.41824266621,1
100,7,10.09999999999998,3786.097107577965,1121.4071550813246,3817.380128013805,1135.8855055540412,3817.8067731693586,1107.8887562086038,3754.8140871421247,1106.928804608608,3754.387441986571,1134.9255539540454,1
101,1,10.19999999999998,1138.9496769824816,1155.0,1107.4496769824816,1141.0,1107.4496769824816,1169.0,1170.4496769824816,1169.0,1170.4496769824816,1141.0,1
101,2,10.19999999999998,1707.0899762556112,1040.5961784091776,1740.954746013319,1047.032588064991,1734.5604043944727,1019.7725001109602,1673.2252064979034,1034.1597687533642,1679.6195481167497,1061.419856707395,1
101,3,10.19999999999998,2009.0913993635347,944.6558420155242,2023.7509026232508,913.4573009570328,1995.7570978755982,912.8683223917974,1994.4318961038186,975.8543830740156,2022.4257008514712,976.443361639251,1
101,4,10.19999999999998,3188.2858233165443,1112.2970514325693,3219.568843752385,1126.7754019052845,3219.9954889079377,1098.7786525598472,3157.0028028807037,1097.8187009598541,3156.576157725151,1125.8154503052915,1
101,5,10.19999999999998,3396.4774767859035,1082.637762505835,3427.7352166312203,1097.1706114957096,3428.2106542829815,1069.1746482324231,3365.2197369405867,1068.1049135159606,3364.7442992888255,1096.100876779247,1
101,6,10.19999999999998,3643.180321597397,1086.8273601316346,3674.438061442714,1101.3602091215075,3674.913499094474,1073.364245858221,3611.9225817520796,1072.2945111417616,3611.4471441003197,1100.2904744050481,1
101,7,10.19999999999998,3780.075784092277,1121.315395553692,3811.358804528117,1135.7937460264086,3811.785449683671,1107.7969966809715,3748.792763656437,1106.8370450809755,3748.366118500883,1134.8337944264126,1
102,1,10.29999999999998,1150.332297005697,1155.0,1118.832297005697,1141.0,1118.832297005697,1169.0,1181.832297005697,1169.0,1181.832297005697,1141.0,1
102,2,10.29999999999998,1695.6256444088565,1043.2853426695274,1729.4904141665643,1049.7217523253407,1723.096072547718,1022.46166437131,1661.7608746511487,1036.848933013714,1668.155216269995,1064.1090209677448,1
102,3,10.29999999999998,2009.0913993635347,944.6558420155242,2023.7509026232508,913.4573009570328,1995.7570978755982,912.8683223917974,1994.4318961038186,975.8543830740156,2022.4257008514712,976.443361639251,1
102,4,10.29999999999998,3178.031213222007,1112.1407804432151,3209.314233657847,1126.6191309159317,3209.7408788134007,1098.6223815704943,3146.748192786167,1097.6624299704986,3146.321547630613,1125.659179315936,1
102,5,10.29999999999998,3386.802160319049,1082.473452755255,3418.059900164366,1097.0063017451293,3418.535337816127,1069.010338481843,3355.5444204737323,1067.9406037653807,3355.068982821971,1095.936567028667,1
102,6,10.29999999999998,3635.6567366804297,1086.699591870471,3666.9144765257465,1101.2324408603456,3667.3899141775078,1073.236477597059,3604.398996835113,1072.1667428805965,3603.9235591833517,1100.162706143883,1
102,7,10.29999999999998,3773.938296262015,1121.2218657864416,3805.221316697855,1135.7002162591582,3805.6479618534086,1107.7034669137208,3742.6552758261746,1106.743515313725,3742.228630670621,1134.7402646591624,1
103,1,10.399999999999979,1161.7149170289124,1155.0,1130.2149170289124,1141.0,1130.2149170289124,1169.0,1193.2149170289124,1169.0,1193.2149170289124,1141.0,1
103,2,10.399999999999979,1684.1613125621016,1045.9745069298774,1718.0260823198093,1052.4109165856908,1711.631740700963,1025.15082863166,1650.2965428043938,1039.538097274064,1656.69088442324,1066.7981852280948,1
103,3,10.399999999999979,2009.0913993635347,944.6558420155242,2023.7509026232508,913.4573009570328,1995.7570978755982,912.8683223917974,1994.4318961038186,975.8543830740156,2022.4257008514712,976.443361639251,1
103,4,10.399999999999979,3167.77660312747,1111.9845094538605,3199.05962356331,1126.462859926577,3199.486268718864,1098.4661105811397,3136.49358269163,1097.506158981144,3136.0669375360762,1125.5029083265813,1
103,5,10.399999999999979,3377.1268438521947,1082.3091430046748,3408.384583697512,1096.8419919945477,3408.860021349272,1068.8460287312612,3345.8691040068775,1067.7762940148018,3345.3936663551176,1095.7722572780883,1
103,6,10.399999999999979,3628.133151763462,1086.5718236093076,3659.390891608779,1101.104672599182,3659.86632926054,1073.1087093358956,3596.8754119181453,1072.038974619433,3596.399974266384,1100.0349378827195,1
103,7,10.399999999999979,3767.6846440871786,1121.1265657795734,3798.967664523019,1135.60491625229,3799.3943096785724,1107.6081669068526,3736.4016236513385,1106.6482153068569,3735.974978495785,1134.6449646522942,1
104,1,10.499999999999979,1173.0975370521278,1155.0,1141.5975370521278,1141.0,1141.5975370521278,1169.0,1204.5975370521278,1169.0,1204.5975370521278,1141.0,1
104,2,10.499999999999979,1672.6969807153469,1048.6636711902272,1706.5617504730549,1055.100080846039,1700.1674088542075,1027.8399928920085,1638.8322109576388,1042.2272615344154,1645.2265525764863,1069.487349488446,1
104,3,10.499999999999979,2009.0913993635347,944.6558420155242,2023.7509026232508,913.4573009570328,1995.7570978755982,912.8683223917974,1994.4318961038186,975.8543830740156,2022.4257008514712,976.443361639251,1
104,4,10.499999999999979,3157.521993032933,1111.828238464506,3188.8050134687737,1126.3065889372212,3189.2316586243264,1098.3098395917839,3126.2389725970925,1097.3498879917909,3125.8123274415398,1125.3466373372282,1
104,5,10.499999999999979,3367.4515273853403,1082.1448332540945,3398.7092672306576,1096.6776822439674,3399.1847048824175,1068.681718980681,3336.193787540023,1067.6119842642215,3335.718349888263,1095.607947527508,1
104,6,10.499999999999979,3620.609566846495,1086.4440553481443,3651.8673066918127,1100.9769043380172,3652.342744343572,1072.9809410747307,3589.3518270011773,1071.9112063582713,3588.876389349418,1099.9071696215578,1
104,7,10.499999999999979,3761.3148275677677,1121.0294955330874,3792.597848003608,1135.507846005804,3793.0244931591615,1107.5110966603665,3730.0318071319275,1106.5511450603708,3729.605161976374,1134.5478944058082,1
105,1,10.599999999999978,1184.4801570753434,1155.0,1152.9801570753434,1141.0,1152.9801570753434,1169.0,1215.9801570753434,1169.0,1215.9801570753434,1141.0,1
105,2,10.599999999999978,1661.0761998998928,1050.033093855308,1692.6539194237353,1063.8569004827727,1692.4974972836787,1035.8573374127159,1629.4984803760503,1036.209287227843,1629.6549025161069,1064.2088502979,1
105,3,10.599999999999978,2009.0913993635347,944.6558420155242,2023.7509026232508,913.4573009570328,1995.7570978755982,912.8683223917974,1994.4318961038186,975.8543830740156,2022.4257008514712,976.443361639251,1
105,4,10.599999999999978,3147.2673829383957,1111.6719674751516,3178.550403374236,1126.1503179478682,3178.9770485297895,1098.1535686024308,3115.9843625025555,1097.193617002435,3115.557717347002,1125.1903663478724,1
105,5,10.599999999999978,3357.776210918486,1081.9805235035144,3389.033950763803,1096.5133724933874,3389.509388415563,1068.5174092301008,3326.5184710731687,1067.4476745136415,3326.043033421409,1095.443637776928,1
105,6,10.599999999999978,3613.0859819295274,1086.316287086981,3644.343721774844,1100.8491360768553,3644.8191594266054,1072.8531728135688,3581.8282420842106,1071.7834380971067,3581.3528044324494,1099.7794013603932,1
105,7,10.599999999999978,3754.828846703783,1120.9306550469835,3786.1118671396234,1135.4090055196987,3786.538512295176,1107.4122561742613,3723.545826267942,1106.4523045742683,3723.1191811123895,1134.4490539197056,1
106,1,10.699999999999978,1195.8627770985586,1155.0,1164.3627770985586,1141.0,1164.3627770985586,1169.0,1227.3627770985586,1169.0,1227.3627770985586,1141.0,1
106,2,10.699999999999978,1649.3008790300341,1050.0988777707819,1680.878598553876,1063.922684398248,1680.7221764138205,1035.9231213281912,1617.7231595061924,1036.2750711433157,1617.8795816462477,1064.2746342133726,1
106,3,10.699999999999978,2009.0913993635347,944.6558420155242,2023.7509026232508,913.4573009570328,1995.7570978755982,912.8683223917974,1994.4318961038186,975.8543830740156,2022.4257008514712,976.443361639251,1
106,4,10.699999999999978,3137.012772843859,1111.515696485797,3168.2957932796994,1125.9940469585122,3168.722438435252,1097.9972976130748,3105.729752408018,1097.0373460130818,3105.3031072524655,1125.0340953585192,1
106,5,10.699999999999978,3348.1008944516316,1081.8162137529343,3379.3586342969484,1096.3490627428087,3379.8340719487096,1068.3530994795224,3316.843154606315,1067.28336476306,3316.3677169545535,1095.2793280263463,1
106,6,10.699999999999978,3605.5623970125594,1086.1885188258175,3636.8201368578766,1100.7213678156904,3637.2955745096365,1072.725404552404,3574.304657167242,1071.6556698359445,3573.8292195154822,1099.651633099231,1
106,7,10.699999999999978,3748.2267014952236,1120.830044321262,3779.509721931064,1135.3083947939772,3779.936367086617,1107.3116454485398,3716.943681059383,1106.3516938485468,3716.51703590383,1134.3484431939842,1
107,1,10.799999999999978,1207.2453971217742,1155.0,1175.7453971217742,1141.0,1175.7453971217742,1169.0,1238.7453971217742,1169.0,1238.7453971217742,1141.0,1
107,2,10.799999999999978,1637.5255581601757,1050.1646616862558,1669.1032776840175,1063.988468313722,1668.946855543962,1035.9889052436652,1605.947838636334,1036.3408550587897,1606.1042607763893,1064.3404181288465,1
107,3,10.799999999999978,2009.0913993635347,944.6558420155242,2023.7509026232508,913.4573009570328,1995.7570978755982,912.8683223917974,1994.4318961038186,975.8543830740156,2022.4257008514712,976.443361639251,1
107,4,10.799999999999978,3126.758162749322,1111.3594254964428,3158.041183185162,1125.8377759691593,3158.4678283407156,1097.841026623722,3095.4751423134817,1096.8810750237262,3095.048497157928,1124.8778243691636,1
107,5,10.799999999999978,3338.425577984777,1081.651904002354,3369.683317830094,1096.1847529922286,3370.158755481855,1068.188789728942,3307.1678381394604,1067.1190550124795,3306.692400487699,1095.115018275766,1
107,6,10.799999999999978,3598.039141388237,1086.0607561568218,3629.2968812335544,1100.5936051466947,3629.7723188853142,1072.5976418834082,3566.78140154292,1071.5279071669488,3566.30596389116,1099.5238704302353,1
107,7,10.799999999999978,3741.50839194209,1120.7276633559227,3772.79141237793,1135.2060138286392,3773.2180575334837,1107.209264483202,3710.2253715062498,1106.2493128832061,3709.798726350696,1134.2460622286433,1
108,1,10.899999999999977,1218.6280171449894,1155.0,1187.1280171449894,1141.0,1187.1280171449894,1169.0,1250.1280171449894,1169.0,1250.1280171449894,1141.0,1
108,2,10.899999999999977,1625.7502372903173,1050.23044560173,1657.3279568141597,1064.0542522291948,1657.1715346741032,1036.054689159138,1594.1725177664748,1036.4066389742652,1594.3289399065313,1064.406202044322,1
108,3,10.899999999999977,2009.0913993635347,944.6558420155242,2023.7509026232508,913.4573009570328,1995.7570978755982,912.8683223917974,1994.4318961038186,975.8543830740156,2022.4257008514712,976.443361639251,1
108,4,10.899999999999977,3116.503552654785,1111.2031545070881,3147.7865730906256,1125.6815049798033,3148.2132182461783,1097.684755634366,3085.2205322189443,1096.724804034373,3084.7938870633916,1124.7215533798103,1
108,5,10.899999999999977,3328.750317429322,1081.4875952012817,3360.0080572746388,1096.0204441911562,3360.4834949264,1068.0244809278697,3297.492577584005,1066.9547462114072,3297.017139932244,1094.9507094746937,1
108,6,10.899999999999977,3590.5155564712695,1085.9329878956582,3621.7732963165863,1100.4658368855326,3622.2487339683476,1072.469873622246,3559.2578166259527,1071.400138905784,3558.7823789741915,1099.3961021690704,1
108,7,10.899999999999977,3734.673918044382,1120.6235121509653,3765.956938480222,1135.1018626236819,3766.3835836357757,1107.1051132782447,3703.3908976085418,1106.1451616782488,3702.964252452988,1134.141911023686,1
109,1,10.999999999999977,1230.010637168205,1155.0,1198.510637168205,1141.0,1198.510637168205,1169.0,1261.510637168205,1169.0,1261.510637168205,1141.0,1
109,2,10.999999999999977,1613.9749164204586,1050.2962295172042,1645.552635944301,1064.120036144669,1645.3962138042446,1036.1204730746122,1582.3971968966162,1036.4724228897394,1582.5536190366727,1064.4719859597963,1
109,3,10.999999999999977,2009.0913993635347,944.6558420155242,2023.7509026232508,913.4573009570328,1995.7570978755982,912.8683223917974,1994.4318961038186,975.8543830740156,2022.4257008514712,976.443361639251,1
109,4,10.999999999999977,3106.248942560248,1111.0468835177337,3137.531962996088,1125.5252339904503,3137.958608151642,1097.5284846450131,3074.965922124408,1096.5685330450171,3074.539276968854,1124.5652823904543,1
109,5,10.999999999999977,3319.0750009624676,1081.3232854507016,3350.3327408077844,1095.8561344405762,3350.8081784595456,1067.8601711772897,3287.817261117151,1066.790436460827,3287.3418234653896,1094.7863997241136,1
109,6,10.999999999999977,3582.991971554302,1085.805219634495,3614.2497113996196,1100.338068624368,3614.725149051379,1072.3421053610814,3551.734231708984,1071.272370644622,3551.258794057225,1099.2683339079085,1
109,7,10.999999999999977,3727.7232798020996,1120.5175907063904,3759.00630023794,1134.9959411791056,3759.432945393493,1106.9991918336682,3696.440259366259,1106.0392402336752,3696.0136142107062,1134.0359895791125,1
110,1,11.099999999999977,1241.3932571914204,1155.0,1209.8932571914204,1141.0,1209.8932571914204,1169.0,1272.8932571914204,1169.0,1272.8932571914204,1141.0,1
110,2,11.099999999999977,1602.1995955506002,1050.3620134326782,1633.777315074442,1064.1858200601446,1633.6208929343866,1036.1862569900875,1570.6218760267584,1036.5382068052118,1570.7782981668138,1064.5377698752689,1
110,3,11.099999999999977,2009.0913993635347,944.6558420155242,2023.7509026232508,913.4573009570328,1995.7570978755982,912.8683223917974,1994.4318961038186,975.8543830740156,2022.4257008514712,976.443361639251,1
110,4,11.099999999999977,3095.9943324657106,1110.8906125283793,3127.277352901551,1125.3689630010958,3127.7039980571044,1097.3722136556585,3064.7113120298704,1096.4122620556627,3064.284666874317,1124.4090114011,1
110,5,11.099999999999977,3309.399684495613,1081.1589757001216,3340.65742434093,1095.691824689996,3341.1328619926912,1067.6958614267096,3278.1419446502964,1066.626126710247,3277.666506998535,1094.6220899735335,1
110,6,11.099999999999977,3575.4683866373343,1085.6774513733317,3606.726126482651,1100.2103003632062,3607.2015641344124,1072.2143370999197,3544.2106467920175,1071.1446023834571,3543.7352091402563,1099.1405656467437,1
110,7,11.099999999999977,3720.6564772152437,1120.4098990221976,3751.9394976510844,1134.8882494949128,3752.366142806637,1106.8915001494754,3689.373456779403,1105.9315485494824,3688.9468116238504,1133.9282978949198,1
111,1,11.199999999999976,1252.7758772146358,1155.0,1221.2758772146358,1141.0,1221.2758772146358,1169.0,1284.2758772146358,1169.0,1284.2758772146358,1141.0,1
111,2,11.199999999999976,1590.4242746807417,1050.4277973481521,1622.0019942045842,1064.251603975617,1621.8455720645277,1036.25204090556,1558.8465551568993,1036.6039907206873,1559.0029772969558,1064.6035537907442,1
111,3,11.199999999999976,2009.0913993635347,944.6558420155242,2023.7509026232508,913.4573009570328,1995.7570978755982,912.8683223917974,1994.4318961038186,975.8543830740156,2022.4257008514712,976.443361639251,1
111,4,11.199999999999976,3085.7397223711737,1110.7343415390246,3117.0227428070143,1125.2126920117398,3117.449387962567,1097.2159426663025,3054.456701935333,1096.2559910663094,3054.0300567797804,1124.2527404117468,1
111,5,11.199999999999976,3299.724368028759,1080.9946659495413,3330.982107874076,1095.5275149394142,3331.457545525836,1067.5315516761277,3268.4666281834416,1066.4618169596683,3267.9911905316817,1094.4577802229549,1
111,6,11.199999999999976,3567.9458144956157,1085.5497003114865,3599.203554340933,1100.0825493013594,3599.6789919926928,1072.086586038073,3536.6880746502984,1071.0168513216136,3536.2126369985385,1099.0128145849,1
111,7,11.199999999999976,3713.473510283813,1120.3004370983872,3744.7565307196533,1134.7787875711037,3745.183175875207,1106.7820382256666,3682.190489847973,1105.8220866256706,3681.7638446924193,1133.8188359711078,1
112,1,11.299999999999976,1264.1584972378512,1155.0,1232.6584972378512,1141.0,1232.6584972378512,1169.0,1295.6584972378512,1169.0,1295.6584972378512,1141.0,1
112,2,11.299999999999976,1578.648953810883,1050.4935812636263,1610.2266733347255,1064.3173878910911,1610.070251194669,1036.3178248210343,1547.0712342870406,1036.6697746361615,1547.2276564270971,1064.6693377062184,1
112,3,11.299999999999976,2009.0913993635347,944.6558420155242,2023.7509026232508,913.4573009570328,1995.7570978755982,912.8683223917974,1994.4318961038186,975.8543830740156,2022.4257008514712,976.443361639251,1
112,4,11.299999999999976,3075.4851122766368,1110.5780705496702,3106.768132712477,1125.0564210223868,3107.1947778680305,1097.0596716769494,3044.2020918407966,1096.0997200769536,3043.775446685243,1124.096469422391,1
112,5,11.299999999999976,3290.0490515619044,1080.830356198961,3321.3067914072217,1095.363205188834,3321.7822290589816,1067.3672419255474,3258.791311716587,1066.297507209088,3258.3158740648273,1094.2934704723746,1
112,6,11.299999999999976,3560.422229578648,1085.4219320503232,3591.679969423965,1099.9547810401978,3592.155407075726,1071.9588177769112,3529.1644897333313,1070.8890830604487,3528.68905208157,1098.8850463237352,1
112,7,11.299999999999976,3706.178722552466,1120.1892711266535,3737.461742988306,1134.66762159937,3737.8883881438596,1106.6708722539327,3674.8957021166257,1105.710920653937,3674.469056961072,1133.7076699993743,1
113,1,11.399999999999975,1275.5411172610666,1155.0,1244.0411172610666,1141.0,1244.0411172610666,1169.0,1307.0411172610666,1169.0,1307.0411172610666,1141.0,1
113,2,11.399999999999975,1566.8736329410249,1050.5593651791005,1598.4513524648673,1064.3831718065653,1598.2949303248108,1036.3836087365084,1535.2959134171824,1036.7355585516357,1535.452335557239,1064.7351216216925,1
113,3,11.399999999999975,2009.0913993635347,944.6558420155242,2023.7509026232508,913.4573009570328,1995.7570978755982,912.8683223917974,1994.4318961038186,975.8543830740156,2022.4257008514712,976.443361639251,1
113,4,11.399999999999975,3065.2305021820994,1110.4217995603158,3096.51352261794,1124.900150033031,3096.9401677734927,1096.9034006875936,3033.9474817462587,1095.9434490876006,3033.520836590706,1123.940198433038,1
113,5,11.399999999999975,3280.37373509505,1080.666046448381,3311.6314749403673,1095.1988954382539,3312.106912592127,1067.2029321749674,3249.115995249733,1066.133197458508,3248.640557597973,1094.1291607217945,1
113,6,11.399999999999975,3552.8986446616805,1085.29416378916,3584.1563845069973,1099.8270127790345,3584.6318221587585,1071.831049515748,3521.6409048163637,1070.7613147992854,3521.1654671646024,1098.757278062572,1
113,7,11.399999999999975,3698.8839348211186,1120.0781051549197,3730.166955256959,1134.556455627635,3730.593600412512,1106.5597062821976,3667.600914385278,1105.5997546822045,3667.1742692297253,1133.596504027642,1
114,1,11.499999999999975,1286.923737284282,1155.0,1255.423737284282,1141.0,1255.423737284282,1169.0,1318.423737284282,1169.0,1318.423737284282,1141.0,1
114,2,11.499999999999975,1555.0983120711662,1050.6251490945745,1586.676031595008,1064.4489557220406,1586.5196094549526,1036.4493926519838,1523.5205925473244,1036.8013424671083,1523.6770146873798,1064.8009055371651,1
114,3,11.499999999999975,2009.0913993635347,944.6558420155242,2023.7509026232508,913.4573009570328,1995.7570978755982,912.8683223917974,1994.4318961038186,975.8543830740156,2022.4257008514712,976.443361639251,1
114,4,11.499999999999975,3054.9758920875624,1110.2655285709611,3086.2589125234026,1124.7438790436777,3086.6855576789562,1096.7471296982405,3023.6928716517223,1095.7871780982446,3023.2662264961687,1123.7839274436817,1
114,5,11.499999999999975,3270.6984186281957,1080.5017366978009,3301.9561584735125,1095.0345856876752,3302.4315961252737,1067.038622424389,3239.440678782879,1065.9688877079266,3238.9652411311176,1093.9648509712129,1
114,6,11.499999999999975,3545.3750597447133,1085.1663955279964,3576.632799590031,1099.6992445178694,3577.1082372417904,1071.7032812545829,3514.1173198993956,1070.6335465381235,3513.641882247636,1098.62950980141,1
114,7,11.499999999999975,3691.5891470897714,1119.9669391831862,3722.8721675256115,1134.4452896559028,3723.298812681165,1106.4485403104654,3660.306126653931,1105.4885887104697,3659.8794814983776,1133.485338055907,1
114,8,11.499999999999975,16.927574654856244,1167.0956592459604,0.0,1152.5892008744627,0.0,1180.5855554923505,48.19757090551167,1181.6021176174581,48.64937629444838,1153.6057629995703,1
115,1,11.599999999999975,1298.3058653362232,1155.0,1266.8058653362232,1141.0,1266.8058653362232,1169.0,1329.8058653362232,1169.0,1329.8058653362232,1141.0,1
115,2,11.599999999999975,1543.3229912013078,1050.6909330100484,1574.9007107251502,1064.5147396375132,1574.7442885850937,1036.5151765674564,1511.7452716774653,1036.8671263825836,1511.9016938175218,1064.8666894526405,1
115,3,11.599999999999975,2009.0913993635347,944.6558420155242,2023.7509026232508,913.4573009570328,1995.7570978755982,912.8683223917974,1994.4318961038186,975.8543830740156,2022.4257008514712,976.443361639251,1
115,4,11.599999999999975,3044.7212819930255,1110.109257581607,3076.004302428866,1124.5876080543221,3076.430947584419,1096.5908587088848,3013.438261557185,1095.6309071088917,3013.011616401632,1123.627656454329,1
115,5,11.599999999999975,3261.0231021613413,1080.3374269472206,3292.280842006658,1094.8702759370951,3292.7562796584193,1066.8743126738086,3229.7653623160245,1065.804577957346,3229.2899246642633,1093.8005412206326,1
115,6,11.599999999999975,3537.8514748277453,1085.038627266833,3569.109214673062,1099.5714762567075,3569.5846523248233,1071.575512993421,3506.5937349824285,1070.5057782769584,3506.1182973306672,1098.501741540245,1
115,7,11.599999999999975,3684.294359358424,1119.8557732114525,3715.5773797942647,1134.3341236841677,3716.0040249498174,1106.3373743387303,3653.0113389225835,1105.3774227387373,3652.584693767031,1133.3741720841747,1
115,8,11.599999999999975,22.94924644822777,1167.1928370322753,0.0,1152.686378660779,0.0,1180.6827332786668,54.21924269888381,1181.6992954037717,54.67104808781933,1153.7029407858838,1
116,1,11.699999999999974,1309.6884853594386,1155.0,1278.1884853594386,1141.0,1278.1884853594386,1169.0,1341.1884853594386,1169.0,1341.1884853594386,1141.0,1
116,2,11.699999999999974,1531.5476703314494,1050.7567169255226,1563.1253898552918,1064.5805235529874,1562.9689677152353,1036.5809604829305,1499.969950807607,1036.9329102980578,1500.1263729476634,1064.9324733681146,1
116,3,11.699999999999974,2009.0913993635347,944.6558420155242,2023.7509026232508,913.4573009570328,1995.7570978755982,912.8683223917974,1994.4318961038186,975.8543830740156,2022.4257008514712,976.443361639251,1
116,4,11.699999999999974,3034.4666718984886,1109.9529865922523,3065.7496923343288,1124.4313370649688,3066.1763374898824,1096.4345877195315,3003.1836514626484,1095.4746361195357,3002.757006307095,1123.471385464973,1
116,5,11.699999999999974,3251.347785694487,1080.1731171966405,3282.6055255398037,1094.705966186515,3283.080963191565,1066.7100029232286,3220.09004584917,1065.640268206766,3219.614608197409,1093.6362314700525,1
116,6,11.699999999999974,3530.3278899107777,1084.9108590056696,3561.585629756095,1099.4437079955426,3562.061067407855,1071.447744732256,3499.0701500654604,1070.3780100157967,3498.5947124137006,1098.3739732790832,1
116,7,11.699999999999974,3677.001010745173,1119.744629170578,3708.2840311810132,1134.2229796432946,3708.710676336567,1106.2262302978575,3645.717990309333,1105.2662786978615,3645.2913451537793,1133.2630280432986,1
116,8,11.699999999999974,29.06501538011389,1167.2915333589444,0.0,1152.7850749874467,0.0,1180.7814296053346,60.335011630769316,1181.7979917304422,60.78681701970603,1153.8016371125543,1
117,1,11.799999999999974,1321.0703758741765,1155.0,1289.5703758741765,1141.0,1289.5703758741765,1169.0,1352.5703758741765,1169.0,1352.5703758741765,1141.0,1
117,2,11.799999999999974,1519.7723494615907,1050.8225008409968,1551.3500689854332,1064.6463074684616,1551.1936468453766,1036.6467443984047,1488.1946299377482,1036.998694213532,1488.3510520778048,1064.9982572835888,1
117,3,11.799999999999974,2009.0913993635347,944.6558420155242,2023.7509026232508,913.4573009570328,1995.7570978755982,912.8683223917974,1994.4318961038186,975.8543830740156,2022.4257008514712,976.443361639251,1
117,4,11.799999999999974,3024.2120618039517,1109.7967156028978,3055.495082239792,1124.2750660756144,3055.9217273953454,1096.278316730177,2992.9290413681115,1095.3183651301813,2992.502396212558,1123.3151144756187,1
117,5,11.799999999999974,3241.673379989232,1080.0088229129458,3272.931119834549,1094.5416719028203,3273.4065574863102,1066.5457086395336,3210.4156401439154,1065.4759739230713,3209.940202492154,1093.471937186358,1
117,6,11.799999999999974,3522.8043049938105,1084.7830907445064,3554.0620448391273,1099.315939734381,3554.5374824908886,1071.3199764710944,3491.5465651484938,1070.2502417546318,3491.0711274967325,1098.2462050179183,1
117,7,11.799999999999974,3669.7062230138263,1119.6334631988443,3700.9892434496664,1134.1118136715609,3701.41588860522,1106.1150643261235,3638.423202577986,1105.1551127261278,3637.9965574224325,1133.1518620715651,1
117,8,11.799999999999974,35.27488145051484,1167.3917482259683,4.004885199859416,1152.8852898544706,3.5530798109227035,1180.8816444723584,66.54487770117026,1181.898206597466,66.99668309010698,1153.9018519795782,1
118,1,11.899999999999974,1332.4506346633252,1155.1413149609252,1301.1891190385625,1140.6165898054285,1300.720957067394,1168.6126756812926,1363.712150288088,1169.666040116422,1364.1803122592564,1141.669954240558,1
118,2,11.899999999999974,1507.9970285917325,1050.8882847564707,1539.5747481155743,1064.7120913839371,1539.4183259755189,1036.71252831388,1476.4193090678907,1037.0644781290043,1476.575731207946,1065.0640411990614,1
118,3,11.899999999999974,2009.0913993635347,944.6558420155242,2023.7509026232508,913.4573009570328,1995.7570978755982,912.8683223917974,1994.4318961038186,975.8543830740156,2022.4257008514712,976.443361639251,1
118,4,11.899999999999974,3013.9574517094143,1109.6404446135434,3045.240472145255,1124.1187950862586,3045.6671173008076,1096.1220457408212,2982.6744312735736,1095.1620941408282,2982.247786118021,1123.1588434862656,1
118,5,11.899999999999974,3231.998063522378,1079.8445131623657,3263.2558033676946,1094.3773621522403,3263.731241019456,1066.3813988889538,3200.740323677061,1065.3116641724912,3200.2648860253,1093.3076274357777,1
118,6,11.899999999999974,3515.280720076843,1084.6553224833428,3546.5384599221597,1099.1881714732174,3547.013897573921,1071.1922082099309,3484.022980231526,1070.1224734934683,3483.547542579765,1098.1184367567548,1
118,7,11.899999999999974,3662.411435282479,1119.5222972271108,3693.6944557183197,1134.000647699826,3694.1211008738724,1106.0038983543886,3631.1284148466384,1105.0439467543956,3630.7017696910857,1133.040696099833,1
118,8,11.899999999999974,41.57884465943084,1167.4934816333464,10.308848408775418,1152.9870232618487,9.857043019838706,1180.9833778797365,72.84884091008627,1181.9999400048441,73.30064629902299,1154.0035853869563,1
119,1,11.999999999999973,1343.831663508406,1155.3316331690369,1312.5701478836434,1140.8069080135401,1312.101985912475,1168.8029938894042,1375.0931791331689,1169.8563583245336,1375.5613411043373,1141.8602724486695,1
119,2,11.999999999999973,1496.2217077218738,1050.9540686719447,1527.7994272457163,1064.7778752994095,1527.6430051056598,1036.7783122293527,1464.6439881980314,1037.1302620444799,1464.8004103380879,1065.1298251145367,1
119,3,11.999999999999973,2009.0913993635347,944.6558420155242,2023.7509026232508,913.4573009570328,1995.7570978755982,912.8683223917974,1994.4318961038186,975.8543830740156,2022.4257008514712,976.443361639251,1
119,4,11.999999999999973,3003.703375268382,1109.484181756586,3034.986395704222,1123.9625322293025,3035.4130408597757,1095.9657828838651,2972.4203548325418,1095.0058312838694,2971.993709676988,1123.0025806293067,1
119,5,11.999999999999973,3222.322747055524,1079.6802034117854,3253.5804869008407,1094.2130524016598,3254.055924552602,1066.2170891383732,3191.065007210207,1065.1473544219111,3190.589569558446,1093.1433176851976,1
119,6,11.999999999999973,3507.7571351598754,1084.5275542221793,3539.014875005193,1099.0604032120523,3539.4903126569525,1071.0644399487658,3476.4993953145577,1069.9947052323064,3476.0239576627982,1097.990668495593,1
119,7,11.999999999999973,3655.116647551132,1119.4111312553773,3686.399667986972,1133.8894817280939,3686.8263131425256,1105.8927323826565,3623.8336271152916,1104.9327807826608,3623.406981959738,1132.9295301280981,1
119,8,11.999999999999973,47.97683993582291,1167.596732530962,16.706843685166866,1153.0902741594657,16.255038296231348,1181.0866287773536,79.24683618647896,1182.1031909024584,79.69864157541447,1154.1068362845706,1
120,1,12.099999999999973,1355.2126923534872,1155.5219513771485,1323.9511767287238,1140.9972262216534,1323.4830147575565,1168.9933120975172,1386.4742079782507,1170.0466765326437,1386.942369949418,1142.0505906567798,1
120,2,12.099999999999973,1484.4463868520154,1051.0198525874189,1516.0241063758579,1064.8436592148837,1515.8676842358013,1036.8440961448268,1452.868667328173,1037.196045959954,1453.0250894682295,1065.195609030011,1
120,3,12.099999999999973,2009.0913993635347,944.6558420155242,2023.7509026232508,913.4573009570328,1995.7570978755982,912.8683223917974,1994.4318961038186,975.8543830740156,2022.4257008514712,976.443361639251,1
120,4,12.099999999999973,2993.449622710481,1109.3279238353148,3024.732643146321,1123.8062743080313,3025.1592883018748,1095.809524962594,2962.166602274641,1094.8495733625982,2961.739957119087,1122.8463227080356,1
120,5,12.099999999999973,3212.647430588669,1079.5158936612052,3243.9051704339863,1094.048742651078,3244.380608085746,1066.0527793877916,3181.389690743352,1064.9830446713322,3180.914253091592,1092.9790079346187,1
120,6,12.099999999999973,3500.2335502429078,1084.399785961016,3531.4912900882246,1098.9326349508906,3531.966727739986,1070.9366716876038,3468.975810397591,1069.8669369711415,3468.5003727458297,1097.8629002344283,1
120,7,12.099999999999973,3647.8218598197845,1119.2999652836434,3679.104880255625,1133.7783157563586,3679.531525411178,1105.7815664109212,3616.538839383944,1104.8216148109282,3616.112194228391,1132.8183641563655,1
120,8,12.099999999999973,54.4689323507298,1167.7015019689322,23.19893610007372,1153.1950435974359,22.74713071113828,1181.1913982153237,85.73892860138588,1182.2079603404286,86.19073399032132,1154.2116057225408,1
121,1,12.199999999999973,1366.5937211985681,1155.7122695852604,1335.3322055738047,1141.1875444297652,1334.8640436026374,1169.183630305629,1397.8552368233316,1170.2369947407556,1398.3233987944989,1142.2409088648917,1
121,2,12.199999999999973,1472.671065982157,1051.085636502893,1504.2487855059987,1064.9094431303593,1504.0923633659434,1036.9098800603024,1441.0933464583152,1037.2618298754269,1441.2497685983706,1065.2613929454837,1
121,3,12.199999999999973,2009.0913993635347,944.6558420155242,2023.7509026232508,913.4573009570328,1995.7570978755982,912.8683223917974,1994.4318961038186,975.8543830740156,2022.4257008514712,976.443361639251,1
121,4,12.199999999999973,2983.195012615944,1109.1716528459601,3014.4780330517847,1123.6500033186753,3014.9046782073374,1095.653253973238,2951.9119921801034,1094.693302373245,2951.4853470245507,1122.6900517186823,1
121,5,12.199999999999973,3202.972114121815,1079.3515839106253,3234.229853967133,1093.8844329004983,3234.7052916188923,1065.8884696372118,3171.7143742764974,1064.8187349207524,3171.238936624738,1092.814698184039,1
121,6,12.199999999999973,3492.70996532594,1084.2720176998528,3523.9677051712574,1098.8048666897257,3524.4431428230173,1070.8089034264392,3461.452225480623,1069.7391687099798,3460.976787828863,1097.7351319732663,1
121,7,12.199999999999973,3640.5270720884373,1119.1887993119099,3671.8100925242775,1133.6671497846264,3672.236737679831,1105.670400439189,3609.244051652597,1104.7104488391933,3608.8174064970435,1132.7071981846307,1
121,8,12.199999999999973,61.055121904151974,1167.8077899472569,29.785125653495932,1153.3013315757605,29.333320264560413,1181.2976861936484,92.32511815480802,1182.3142483187532,92.77692354374354,1154.3178937008654,1
122,1,12.299999999999972,1377.9747500436492,1155.902587793372,1346.7132344188865,1141.3778626378753,1346.245072447718,1169.3739485137394,1409.236265668412,1170.4273129488688,1409.7044276395804,1142.4312270730047,1
122,2,12.299999999999972,1460.8957451122983,1051.151420418367,1492.4734646361408,1064.9752270458318,1492.3170424960842,1036.975663975775,1429.3180255884558,1037.3276137909022,1429.4744477285124,1065.327176860959,1
122,3,12.299999999999972,2009.0913993635347,944.6558420155242,2023.7509026232508,913.4573009570328,1995.7570978755982,912.8683223917974,1994.4318961038186,975.8543830740156,2022.4257008514712,976.443361639251,1
122,4,12.299999999999972,2972.941268495299,1109.0153950532654,3004.224288931139,1123.493745525982,3004.650934086693,1095.4969961805446,2941.658248059459,1094.5370445805488,2941.2316029039052,1122.5337939259862,1
122,5,12.299999999999972,3193.2967976549608,1079.187274160045,3224.5545375002785,1093.720123149918,3225.029975152038,1065.7241598866315,3162.039057809643,1064.654425170172,3161.5636201578836,1092.6503884334586,1
122,6,12.299999999999972,3485.1863804089726,1084.1442494386893,3516.4441202542894,1098.6770984285638,3516.9195579060506,1070.6811351652773,3453.928640563656,1069.6114004488147,3453.4532029118946,1097.6073637121012,1
122,7,12.299999999999972,3633.23228435709,1119.0776333401764,3664.5153047929307,1133.5559838128916,3664.9419499484834,1105.5592344674542,3601.9492639212494,1104.5992828674612,3601.5226187656967,1132.5960322128985,1
122,8,12.299999999999972,67.73413914942694,1167.9155759795956,36.46414289877151,1153.4091176080979,36.0123375098348,1181.4054722259857,99.00413540008236,1182.4220343510933,99.45594078901908,1154.4256797332055,1
123,1,12.399999999999972,1389.3557788887301,1156.0929060014837,1358.0942632639674,1141.568180845987,1357.626101292799,1169.564266721851,1420.6172945134929,1170.6176311569805,1421.0854564846613,1142.6215452811164,1
123,2,12.399999999999972,1449.1204242424399,1051.217204333841,1480.6981437662823,1065.0410109613058,1480.5417216262258,1037.041447891249,1417.5427047185974,1037.3933977063762,1417.699126858654,1065.392960776433,1
123,3,12.399999999999972,2009.0913993635347,944.6558420155242,2023.7509026232508,913.4573009570328,1995.7570978755982,912.8683223917974,1994.4318961038186,975.8543830740156,2022.4257008514712,976.443361639251,1
123,4,12.399999999999972,2962.686658400762,1108.8591240639107,2993.9696788366023,1123.3374745366273,2994.396323992156,1095.34072519119,2931.403637964922,1094.3807735911942,2930.9769928093683,1122.3775229366315,1
123,5,12.399999999999972,3183.6216047246558,1079.0229665074075,3214.8793445699725,1093.555815497282,3215.354782221734,1065.5598522339956,3152.363864879339,1064.490117517533,3151.8884272275777,1092.4860807808195,1
123,6,12.399999999999972,3477.662795492005,1084.0164811775257,3508.920535337322,1098.5493301674,3509.395972989083,1070.5533669041138,3446.405055646688,1069.4836321876514,3445.929617994927,1097.4795954509377,1
123,7,12.399999999999972,3625.937496625743,1118.9664673684429,3657.220517061583,1133.4448178411594,3657.6471622171366,1105.4480684957223,3594.6544761899027,1104.4881168957263,3594.227831034349,1132.4848662411634,1
123,8,12.399999999999972,74.50725353321673,1168.0248805522888,43.2372572825613,1153.518422180791,42.78545189362459,1181.514776798679,105.77724978387215,1182.5313389237865,106.22905517280887,1154.5349843058987,1
124,1,12.499999999999972,1400.7368077338112,1156.2832242095956,1369.4752921090485,1141.7584990540988,1369.00713013788,1169.754584929963,1431.998323358574,1170.8079493650923,1432.4664853297425,1142.8118634892282,1
124,2,12.499999999999972,1437.3451033725814,1051.2829882493152,1468.922822896424,1065.10679487678,1468.7664007563674,1037.1072318067231,1405.767383848739,1037.4591816218503,1405.9238059887955,1065.4587446919072,1
124,3,12.499999999999972,2009.0913993635347,944.6558420155242,2023.7509026232508,913.4573009570328,1995.7570978755982,912.8683223917974,1994.4318961038186,975.8543830740156,2022.4257008514712,976.443361639251,1
124,4,12.499999999999972,2952.4320483062247,1108.702853074556,2983.7150687420653,1123.1812035472713,2984.141713897618,1095.184454201834,2921.149027870384,1094.2245026018409,2920.7223827148314,1122.2212519472782,1
124,5,12.499999999999972,3173.947570117136,1078.8586785258299,3205.2053099624536,1093.3915275157028,3205.680747614213,1065.3955642524163,3142.689830271818,1064.325829535957,3142.214392620059,1092.3217927992434,1
124,6,12.499999999999972,3470.1392105750374,1083.8887129163625,3501.396950420355,1098.4215619062354,3501.8723880721145,1070.425598642949,3438.8814707297197,1069.3558639264895,3438.4060330779603,1097.351827189776,1
124,7,12.499999999999972,3618.6427088943956,1118.8553013967091,3649.925729330236,1133.3336518694243,3650.352374485789,1105.336902523987,3587.359688458555,1104.376950923994,3586.9330433030023,1132.3737002694313,1
124,8,12.499999999999972,81.37446505552157,1168.1357036653367,50.10446880486549,1153.6292452938403,49.65266341593005,1181.6255999117282,112.64446130617765,1182.642162036833,113.09626669511309,1154.6458074189452,1
125,1,12.599999999999971,1412.1178365788921,1156.4735424177072,1380.8563209541294,1141.9488172622105,1380.388158982961,1169.9449031380746,1443.379352203655,1170.998267573204,1443.8475141748233,1143.00218169734,1
125,2,12.599999999999971,1425.5697825027228,1051.3487721647894,1457.1475020265646,1065.1725787922558,1456.9910798865092,1037.1730157221987,1393.992062978881,1037.524965537323,1394.1484851189364,1065.52452860738,1
125,3,12.599999999999971,2009.0913993635347,944.6558420155242,2023.7509026232508,913.4573009570328,1995.7570978755982,912.8683223917974,1994.4318961038186,975.8543830740156,2022.4257008514712,976.443361639251,1
125,4,12.599999999999971,2942.177438211688,1108.5465820852019,2973.460458647528,1123.0249325579184,2973.8871038030816,1095.028183212481,2910.8944177758476,1094.0682316124853,2910.467772620294,1122.0649809579227,1
125,5,12.599999999999971,3164.2722536502815,1078.6943687752496,3195.5299934955992,1093.2272177651225,3196.0054311473586,1065.231254501836,3133.014513804964,1064.1615197853766,3132.5390761532044,1092.1574830486632,1
125,6,12.599999999999971,3462.61562565807,1083.7609446551992,3493.8733655033866,1098.2937936450737,3494.348803155148,1070.2978303817872,3431.357885812753,1069.2280956653246,3430.8824481609918,1097.2240589286112,1
125,7,12.599999999999971,3611.3479211630483,1118.7441354249754,3642.6309415988885,1133.222485897692,3643.057586754442,1105.2257365522548,3580.064900727208,1104.2657849522589,3579.6382555716546,1132.262534297696,1
125,8,12.599999999999971,88.33577371634124,1168.248045318739,57.065777465685855,1153.7415869472413,56.613972076749064,1181.7379415651292,119.60576996699662,1182.7545036902368,120.05757535593341,1154.758149072349,1
126,1,12.69999999999997,1423.4988654239733,1156.6638606258189,1392.2373497992098,1142.1391354703237,1391.7691878280425,1170.1352213461876,1454.7603810487367,1171.188585781314,1455.228543019904,1143.1924999054502,1
126,2,12.69999999999997,1413.7944616328646,1051.4145560802633,1445.372181156707,1065.2383627077281,1445.2157590166505,1037.2387996376713,1382.216742109022,1037.5907494527985,1382.3731642490786,1065.5903125228554,1
126,3,12.69999999999997,2009.0913993635347,944.6558420155242,2023.7509026232508,913.4573009570328,1995.7570978755982,912.8683223917974,1994.4318961038186,975.8543830740156,2022.4257008514712,976.443361639251,1
126,4,12.69999999999997,2931.922828117151,1108.3903110958472,2963.2058485529915,1122.8686615685624,2963.632493708544,1094.871912223125,2900.6398076813102,1093.911960623132,2900.2131625257575,1121.9087099685694,1
126,5,12.69999999999997,3154.596937183427,1078.5300590246695,3185.854677028744,1093.062908014544,3186.330114680505,1065.0669447512576,3123.3391973381104,1063.997210034795,3122.863759686349,1091.9931732980815,1
126,6,12.69999999999997,3455.092646589562,1083.633186682775,3486.3503864348795,1098.166035672648,3486.825824086639,1070.1700724093614,3423.834906744244,1069.100337692902,3423.3594690924847,1097.0963009561885,1
126,7,12.69999999999997,3604.053133431701,1118.632969453242,3635.3361538675413,1133.1113199259585,3635.762799023095,1105.1145705805213,3572.770112995861,1104.1546189805254,3572.3434678403073,1132.1513683259625,1
126,8,12.69999999999997,95.39117951567573,1168.3619055124955,64.12118326501968,1153.855447140999,63.66937787608417,1181.851801758887,126.66117576633178,1182.8683638839918,127.11298115526729,1154.872009266104,1
127,1,12.79999999999997,1434.8798942690541,1156.8541788339307,1403.6183786442914,1142.329453678434,1403.150216673123,1170.325539554298,1466.141409893817,1171.3789039894275,1466.6095718649854,1143.3828181135634,1
127,2,12.79999999999997,1402.0191407630064,1051.4803399957373,1433.5968602868488,1065.304146623202,1433.4404381467923,1037.3045835531452,1370.441421239164,1037.6565333682724,1370.5978433792204,1065.6560964383293,1
127,3,12.79999999999997,2009.0913993635347,944.6558420155242,2023.7509026232508,913.4573009570328,1995.7570978755982,912.8683223917974,1994.4318961038186,975.8543830740156,2022.4257008514712,976.443361639251,1
127,4,12.79999999999997,2921.6682180226135,1108.2340401064928,2952.9512384584536,1122.7123905792093,2953.3778836140073,1094.7156412337722,2890.3851975867733,1093.7556896337762,2889.9585524312197,1121.7524389792134,1
127,5,12.79999999999997,3144.921620716573,1078.3657492740895,3176.17936056189,1092.8985982639638,3176.6547982136512,1064.9026350006775,3113.6638808712564,1063.8329002842152,3113.188443219495,1091.8288635475014,1
127,6,12.79999999999997,3447.569061672594,1083.5054184216117,3478.826801517911,1098.0382674114862,3479.3022391696722,1070.0423041481995,3416.3113218272774,1068.9725694317372,3415.835884175516,1096.968532695024,1
127,7,12.79999999999997,3596.758345700354,1118.5218034815082,3628.0413661361945,1133.0001539542234,3628.468011291747,1105.003404608786,3565.4753252645132,1104.043453008793,3565.0486801089605,1132.0402023542304,1
127,8,12.79999999999997,102.54068245352482,1168.4772842466068,71.2706862028694,1153.970825875109,70.81888081393268,1181.967180492997,133.81067870418025,1182.9837426181045,134.26248409311697,1154.9873880002167,1
128,1,12.89999999999997,1446.2609231141353,1157.0444970420424,1414.9994074893725,1142.5197718865459,1414.531245518204,1170.5158577624097,1477.522438738898,1171.569222197539,1477.9906007100665,1143.573136321675,1
128,2,12.89999999999997,1390.243819893148,1051.5461239112115,1421.8215394169897,1065.3699305386779,1421.6651172769343,1037.3703674686208,1358.6661003693062,1037.722317283745,1358.8225225093615,1065.7218803538021,1
128,3,12.89999999999997,2009.0913993635347,944.6558420155242,2023.7509026232508,913.4573009570328,1995.7570978755982,912.8683223917974,1994.4318961038186,975.8543830740156,2022.4257008514712,976.443361639251,1
128,4,12.89999999999997,2911.413607928077,1108.0777691171384,2942.6966283639176,1122.5561195898536,2943.1232735194703,1094.5593702444162,2880.1305874922364,1093.5994186444232,2879.7039423366837,1121.5961679898605,1
128,5,12.89999999999997,3135.2463042497184,1078.2014395235092,3166.504044095035,1092.7342885133837,3166.9794817467964,1064.7383252500972,3103.9885644044016,1063.6685905336346,3103.5131267526403,1091.6645537969212,1
128,6,12.89999999999997,3440.0454767556266,1083.3776501604484,3471.3032166009434,1097.910499150323,3471.7786542527047,1069.9145358870364,3408.78773691031,1068.8448011705739,3408.3122992585486,1096.8407644338604,1
128,7,12.89999999999997,3589.4635579690066,1118.4106375097747,3620.746578404847,1132.8889879824912,3621.1732235604004,1104.892238637054,3558.1805375331664,1103.9322870370581,3557.753892377613,1131.9290363824953,1
128,8,12.89999999999997,109.7842825298892,1168.5941815210722,78.51428627923377,1154.0877231495745,78.06248089029705,1182.0840777674623,141.05427878054462,1183.10063989257,141.50608416948134,1155.104285274682,1
129,1,12.99999999999997,1457.6419519592164,1157.234815250154,1426.3804363344536,1142.7100900946573,1425.9122743632852,1170.7061759705214,1488.9034675839791,1171.7595404056508,1489.3716295551476,1143.7634545297867,1
129,2,12.99999999999997,1378.4684990232895,1051.6119078266856,1410.046218547132,1065.4357144541505,1409.8897964070754,1037.4361513840936,1346.890779499447,1037.7881011992208,1347.0472016395036,1065.7876642692777,1
129,3,12.99999999999997,2009.0913993635347,944.6558420155242,2023.7509026232508,913.4573009570328,1995.7570978755982,912.8683223917974,1994.4318961038186,975.8543830740156,2022.4257008514712,976.443361639251,1
129,4,12.99999999999997,2901.1589978335396,1107.9214981277837,2932.44201826938,1122.3998486005003,2932.8686634249334,1094.403099255063,2869.8759773976994,1093.4431476550672,2869.449332242146,1121.4398970005045,1
129,5,12.99999999999997,3125.5709877828644,1078.0371297729291,3156.8287276281812,1092.5699787628037,3157.3041652799425,1064.5740154995171,3094.3132479375477,1063.5042807830546,3093.8378102857864,1091.500244046341,1
129,6,12.99999999999997,3432.521891838659,1083.249881899285,3463.7796316839763,1097.7827308891578,3464.255069335736,1069.7867676258713,3401.264151993342,1068.717032909412,3400.788714341582,1096.7129961726985,1
129,7,12.99999999999997,3582.1687702376594,1118.299471538041,3613.4517906735,1132.7778220107562,3613.8784358290527,1104.7810726653188,3550.8857498018187,1103.8211210653258,3550.459104646266,1131.8178704107631,1
129,8,12.99999999999997,117.12152828147146,1168.712590050174,85.85153203081603,1154.2061316786762,85.39972664187931,1182.202486296564,148.39152453212688,1183.2190484216717,148.8433299210636,1155.2226938037838,1
130,1,13.09999999999997,1469.0229808042973,1157.425133458266,1437.7614651795345,1142.9004083027692,1437.293303208366,1170.8964941786332,1500.28449642906,1171.9498586137627,1500.7526584002285,1143.9537727378986,1
130,2,13.09999999999997,1366.694326989721,1051.67768532408,1398.2720465135635,1065.5014919515447,1398.115624373507,1037.5019288814879,1335.1166074658786,1037.853878696615,1335.273029605935,1065.853441766672,1
130,3,13.09999999999997,2009.0913993635347,944.6558420155242,2023.7509026232508,913.4573009570328,1995.7570978755982,912.8683223917974,1994.4318961038186,975.8543830740156,2022.4257008514712,976.443361639251,1
130,4,13.09999999999997,2890.9043877390027,1107.7652271384293,2922.187408174843,1122.2435776111458,2922.6140533303965,1094.2468282657085,2859.6213673031625,1093.2868766657127,2859.194722147609,1121.28362601115,1
130,5,13.09999999999997,3115.8956713160096,1077.872820022349,3147.153411161327,1092.405669012222,3147.6288488130867,1064.4097057489355,3084.6379314706924,1063.3399710324761,3084.1624938189325,1091.3359342957626,1
130,6,13.09999999999997,3424.9983069216914,1083.1221136381214,3456.2560467670082,1097.6549626279957,3456.7314844187695,1069.6589993647094,3393.7405670763746,1068.589264648247,3393.2651294246134,1096.5852279115334,1
130,7,13.09999999999997,3574.873982506312,1118.1883055663075,3606.1570029421523,1132.666656039024,3606.583648097706,1104.6699066935869,3543.590962070472,1103.709955093591,3543.1643169149183,1131.706704439028,1
130,8,13.09999999999997,124.552871171569,1168.8325171196302,93.28287492091357,1154.3260587481325,92.83106953197685,1182.3224133660203,155.82286742222442,1183.338975491128,156.27467281116114,1155.34262087324,1
131,1,13.199999999999969,1480.4040096493782,1157.6154516663776,1449.1424940246147,1143.0907265108824,1448.6743320534474,1171.0868123867463,1511.6655252741416,1172.1401768218727,1512.133687245309,1144.1440909460089,1
131,2,13.199999999999969,1354.9190061198628,1051.7434692395539,1386.4967256437053,1065.5672758670187,1386.3403035036488,1037.5677127969618,1323.3412865960204,1037.919662612089,1323.497708736077,1065.919225682146,1
131,3,13.199999999999969,2009.0913993635347,944.6558420155242,2023.7509026232508,913.4573009570328,1995.7570978755982,912.8683223917974,1994.4318961038186,975.8543830740156,2022.4257008514712,976.443361639251,1
131,4,13.199999999999969,2880.6497776444658,1107.6089561490749,2911.9327980803064,1122.08730662179,2912.359443235859,1094.0905572763527,2849.366757208625,1093.1306056763597,2848.9401120530724,1121.127355021797,1
131,5,13.199999999999969,3106.2203548491557,1077.7085102717688,3137.478094694473,1092.2413592616417,3137.953532346233,1064.2453959983552,3074.9626150038384,1063.1756612818958,3074.4871773520786,1091.1716245451823,1
131,6,13.199999999999969,3417.474722004724,1082.994345376958,3448.7324618500415,1097.527194366831,3449.207899501801,1069.5312311035445,3386.216982159406,1068.4614963870852,3385.7415445076467,1096.4574596503717,1
131,7,13.199999999999969,3567.579194774965,1118.0771395945737,3598.8622152108055,1132.555490067289,3599.288860366358,1104.5587407218516,3536.2961743391243,1103.5987891218585,3535.8695291835716,1131.595538467296,1
131,8,13.199999999999969,132.07277726963503,1168.9538734228267,100.80278101897895,1154.4474150513304,100.35097563004351,1182.4437696692182,163.3427735202911,1183.460331794323,163.79457890922654,1155.4639771764353,1
132,1,13.299999999999969,1491.7850384944593,1157.8057698744892,1460.5235228696959,1143.281044718994,1460.0553608985285,1171.277130594858,1523.0465541192227,1172.3304950299844,1523.51471609039,1144.3344091541205,1
132,2,13.299999999999969,1343.1436852500042,1051.8092531550278,1374.721404773846,1065.6330597824942,1374.5649826337906,1037.6334967124371,1311.5659657261624,1037.9854465275614,1311.7223878662178,1065.9850095976185,1
132,3,13.299999999999969,2009.0913993635347,944.6558420155242,2023.7509026232508,913.4573009570328,1995.7570978755982,912.8683223917974,1994.4318961038186,975.8543830740156,2022.4257008514712,976.443361639251,1
132,4,13.299999999999969,2870.3966861645476,1107.4527083020346,2901.679706600388,1121.9310587747511,2902.1063517559414,1093.9343094293138,2839.1136657287075,1092.974357829318,2838.687020573154,1120.9711071747554,1
132,5,13.299999999999969,3096.5450383823013,1077.5442005211885,3127.8027782276185,1092.0770495110614,3128.2782158793784,1064.081086247775,3065.287298536984,1063.0113515313155,3064.811860885224,1091.007314794602,1
132,6,13.299999999999969,3409.9511370877563,1082.8665771157948,3441.208876933073,1097.3994261056694,3441.6843145848343,1069.4034628423829,3378.6933972424395,1068.3337281259203,3378.217959590678,1096.3296913892068,1
132,7,13.299999999999969,3560.2844070436176,1117.9659736228402,3591.567427479458,1132.4443240955568,3591.9940726350114,1104.4475747501197,3529.0013866077775,1103.4876231501237,3528.574741452224,1131.4843724955608,1
132,8,13.299999999999969,139.59268336770083,1169.0752297260228,108.32268711704545,1154.568771354525,107.87088172810866,1182.565125972413,170.8626796183562,1183.5816880975206,171.314485007293,1155.5853334796327,1
133,1,13.399999999999968,1503.1660673395404,1157.996088082601,1471.9045517147777,1143.4713629271043,1471.4363897436092,1171.4674488029684,1534.4275829643032,1172.5208132380978,1534.8957449354716,1144.5247273622338,1
133,2,13.399999999999968,1331.368364380146,1051.875037070502,1362.9460839039884,1065.6988436979668,1362.789661763932,1037.69928062791,1299.7906448563035,1038.0512304430372,1299.94706699636,1066.050793513094,1
133,3,13.399999999999968,2009.0913993635347,944.6558420155242,2023.7509026232508,913.4573009570328,1995.7570978755982,912.8683223917974,1994.4318961038186,975.8543830740156,2022.4257008514712,976.443361639251,1
133,4,13.399999999999968,2860.1420760700107,1107.2964373126802,2891.4250965058513,1121.7747877853953,2891.851741661404,1093.778038439958,2828.85905563417,1092.818086839965,2828.4324104786174,1120.8148361854023,1
133,5,13.399999999999968,3086.8697294610147,1077.37989089875,3118.1274693063324,1091.912739888623,3118.602906958092,1063.9167766253365,3055.611989615697,1062.8470419088771,3055.1365519639376,1090.8430051721637,1
133,6,13.399999999999968,3402.4275521707887,1082.7388088546313,3433.6852920161054,1097.2716578445059,3434.1607296678667,1069.2756945812193,3371.169812325472,1068.2059598647568,3370.6943746737106,1096.2019231280433,1
133,7,13.399999999999968,3552.989846926095,1117.8548111197356,3584.2728673619354,1132.3331615924521,3584.699512517489,1104.3364122470148,3521.706826490255,1103.376460647019,3521.2801813347014,1131.3732099924564,1
133,8,13.399999999999968,147.11258946576686,1169.1965860292194,115.84259321511148,1154.6901276577216,115.39078782617469,1182.6864822756095,178.38258571642223,1183.703044400717,178.83439110535903,1155.7066897828292,1
134,1,13.499999999999968,1514.5470961846213,1158.1864062907127,1483.2855805598585,1143.661681135216,1482.81741858869,1171.65776701108,1545.808611809384,1172.7111314462095,1546.2767737805525,1144.7150455703454,1
134,2,13.499999999999968,1319.5930435102878,1051.9408209859762,1351.1707630341302,1065.764627613441,1351.0143408940737,1037.7650645433841,1288.0153239864453,1038.1170143585114,1288.1717461265018,1066.1165774285682,1
134,3,13.499999999999968,2009.0913993635347,944.6558420155242,2023.7509026232508,913.4573009570328,1995.7570978755982,912.8683223917974,1994.4318961038186,975.8543830740156,2022.4257008514712,976.443361639251,1
134,4,13.499999999999968,2849.887465975474,1107.1401663233255,2881.170486411314,1121.618516796042,2881.5971315668676,1093.621767450605,2818.6044455396336,1092.661815850609,2818.17780038408,1120.658565196046,1
134,5,13.499999999999968,3077.1944129941603,1077.2155811481698,3108.452152839478,1091.7484301380427,3108.9275904912374,1063.7524668747562,3045.9366731488426,1062.6827321582969,3045.461235497083,1090.6786954215834,1
134,6,13.499999999999968,3394.903967253821,1082.6110405934678,3426.1617070991388,1097.1438895833408,3426.637144750898,1069.1479263200542,3363.6462274085034,1068.0781916035949,3363.170789756744,1096.0741548668814,1
134,7,13.499999999999968,3545.695059194748,1117.7436451480019,3576.9780796305886,1132.221995620717,3577.4047247861413,1104.2252462752797,3514.4120387589073,1103.2652946752867,3513.9853936033546,1131.262044020724,1
134,8,13.499999999999968,154.63249556383266,1169.317942332416,123.36249931317724,1154.8114839609182,122.91069392424052,1182.807838578806,185.9024918144881,1183.8244007039136,186.3542972034248,1155.8280460860258,1
134,9,13.499999999999968,14.155819707269984,1168.0960512712386,0.0,1153.6745315982641,0.0,1181.6720095301632,45.465079844200915,1182.517570944213,45.84088491711192,1154.520093012314,1
135,1,13.599999999999968,1525.9281250297022,1158.3767244988244,1494.6666094049394,1143.8519993433279,1494.198447433771,1171.8480852191917,1557.189640654465,1172.901449654321,1557.6578026256334,1144.905363778457,1
135,2,13.599999999999968,1307.8177226404293,1052.0066049014501,1339.3954421642711,1065.8304115289166,1339.2390200242157,1037.8308484588595,1276.2400031165876,1038.1827982739837,1276.396425256643,1066.1823613440408,1
135,3,13.599999999999968,2009.0913993635347,944.6558420155242,2023.7509026232508,913.4573009570328,1995.7570978755982,912.8683223917974,1994.4318961038186,975.8543830740156,2022.4257008514712,976.443361639251,1
135,4,13.599999999999968,2839.6328558809364,1106.9838953339713,2870.915876316777,1121.4622458066865,2871.3425214723297,1093.4654964612491,2808.349835445096,1092.505544861256,2807.923190289543,1120.5022942066935,1
135,5,13.599999999999968,3067.519096527306,1077.0512713975897,3098.776836372623,1091.5841203874627,3099.252274024383,1063.5881571241762,3036.2613566819887,1062.5184224077168,3035.785919030229,1090.5143856710033,1
135,6,13.599999999999968,3387.3803823368535,1082.4832723323045,3418.6381221821703,1097.016121322179,3419.1135598339315,1069.0201580588923,3356.1226424915367,1067.95042334243,3355.6472048397754,1095.9463866057167,1
135,7,13.599999999999968,3538.4002714634003,1117.6324791762681,3569.6832918992404,1132.1108296489847,3570.109937054794,1104.1140803035476,3507.11725102756,1103.1541287035516,3506.6906058720065,1131.1508780489887,1
135,8,13.599999999999968,162.15130125322685,1169.4392808772084,130.88130500257142,1154.9328225057106,130.4294996136347,1182.9291771235985,193.42129750388227,1183.945739248706,193.873102892819,1155.9493846308183,1
135,9,13.599999999999968,21.420107984197557,1168.1935584964322,0.0,1153.772038823458,0.0,1181.7695167553568,52.72936812112852,1182.6150781694064,53.10517319403946,1154.6176002375075,1
136,1,13.699999999999967,1537.309153874783,1158.5670427069363,1506.0476382500203,1144.0423175514395,1505.5794762788519,1172.0384034273036,1568.5706694995458,1173.091767862433,1569.0388314707143,1145.095681986569,1
136,2,13.699999999999967,1296.042401770571,1052.072388816924,1327.6201212944134,1065.896195444389,1327.4636991543568,1037.896632374332,1264.4646822467284,1038.2485821894593,1264.621104386785,1066.2481452595161,1
136,3,13.699999999999967,2009.0913993635347,944.6558420155242,2023.7509026232508,913.4573009570328,1995.7570978755982,912.8683223917974,1994.4318961038186,975.8543830740156,2022.4257008514712,976.443361639251,1
136,4,13.699999999999967,2829.3782457863995,1106.8276243446167,2860.6612662222396,1121.3059748173332,2861.0879113777933,1093.309225471896,2798.0952253505593,1092.3492738719,2797.6685801950057,1120.3460232173372,1
136,5,13.699999999999967,3057.8443359446146,1076.886971087237,3089.102075789932,1091.41982007711,3089.5775134416917,1063.4238568138235,3026.5865960992974,1062.354122097364,3026.1111584475375,1090.3500853606506,1
136,6,13.699999999999967,3379.856797419886,1082.3555040711412,3411.1145372652036,1096.8883530610142,3411.589974916963,1068.8923897977277,3348.599057574568,1067.8226550812683,3348.1236199228088,1095.8186183445548,1
136,7,13.699999999999967,3531.1054837320535,1117.5213132045346,3562.388504167894,1131.9996636772498,3562.815149323447,1104.0029143318125,3499.822463296213,1103.0429627318194,3499.39581814066,1131.0397120772568,1
136,8,13.699999999999967,169.67120735129288,1169.5606371804047,138.40121110063745,1155.054178808907,137.94940571170073,1183.0505334267948,200.9412036019483,1184.0670955519024,201.39300899088502,1156.0707409340146,1
136,9,13.699999999999967,28.794016349982712,1168.2925371322144,0.0,1153.8710174592386,0.0,1181.8684953911377,60.10327648691302,1182.7140568051902,60.47908155982523,1154.7165788732912,1
137,1,13.799999999999967,1548.6901827198642,1158.757360915048,1517.4286670951008,1144.2326357595527,1516.9605051239334,1172.2287216354166,1579.9516983446276,1173.282086070543,1580.419860315795,1145.2860001946792,1
137,2,13.799999999999967,1284.2670809007127,1052.1381727323983,1315.8448004245552,1065.961979359863,1315.6883782844986,1037.9624162898062,1252.6893613768702,1038.3143661049335,1252.8457835169268,1066.3139291749903,1
137,3,13.799999999999967,2009.0913993635347,944.6558420155242,2023.7509026232508,913.4573009570328,1995.7570978755982,912.8683223917974,1994.4318961038186,975.8543830740156,2022.4257008514712,976.443361639251,1
137,4,13.799999999999967,2819.1236356918625,1106.6713533552622,2850.4066561277027,1121.1497038279788,2850.8333012832563,1093.1529544825414,2787.8406152560224,1092.1930028825457,2787.4139701004688,1120.189752227983,1
137,5,13.799999999999967,3048.1690194777602,1076.722661336657,3079.426759323077,1091.2555103265313,3079.9021969748383,1063.259547063245,3016.9112796324434,1062.1898123467827,3016.435841980682,1090.185775610069,1
137,6,13.799999999999967,3372.3338473644208,1082.2277465914271,3403.5915872097376,1096.7605955813015,3404.067024861499,1068.7646323180152,3341.076107519104,1067.6948976015528,3340.6006698673427,1095.6908608648391,1
137,7,13.799999999999967,3523.8106960007062,1117.4101472328011,3555.0937164365464,1131.8884977055177,3555.5203615921,1103.8917483600806,3492.527675564866,1102.9317967600846,3492.1010304093124,1130.9285461055217,1
137,8,13.799999999999967,177.19111344935868,1169.6819934836012,145.92111719870326,1155.1755351121035,145.46931180976654,1183.1718897299913,208.4611097000141,1184.188451855099,208.91291508895083,1156.192097237211,1
137,9,13.799999999999967,36.27797936984143,1168.3929930116756,4.968719232911159,1153.9714733386998,4.59291415999888,1181.9689512705988,67.58723950677171,1182.8145126846514,67.96304457968398,1154.8170347527523,1
138,1,13.899999999999967,1560.0712115649453,1158.9476791231596,1528.8096959401826,1144.4229539676628,1528.341533969014,1172.419039843527,1591.332727189708,1173.4724042786563,1591.8008891608765,1145.4763184027922,1
138,2,13.899999999999967,1272.4917600308545,1052.2039566478725,1304.069479554697,1066.0277632753373,1303.9130574146404,1038.0282002052804,1240.914040507012,1038.3801500204077,1241.0704626470686,1066.3797130904645,1
138,3,13.899999999999967,2009.0913993635347,944.6558420155242,2023.7509026232508,913.4573009570328,1995.7570978755982,912.8683223917974,1994.4318961038186,975.8543830740156,2022.4257008514712,976.443361639251,1
138,4,13.899999999999967,2808.8690255973256,1106.5150823659078,2840.1520460331662,1120.993432838623,2840.578691188719,1092.9966834931856,2777.586005161485,1092.0367318931926,2777.1593600059323,1120.03348123863,1
138,5,13.899999999999967,3038.493703010906,1076.5583515860767,3069.7514428562226,1091.091200575951,3070.226880507984,1063.0952373126647,3007.235963165589,1062.0255025962024,3006.760525513828,1090.0214658594887,1
138,6,13.899999999999967,3364.810262447453,1082.0999783302636,3396.068002292771,1096.6328273201366,3396.5434399445303,1068.63686405685,3333.5525226021355,1067.5671293403907,3333.077084950376,1095.5630926036772,1
138,7,13.899999999999967,3516.515908269359,1117.2989812610674,3547.7989287051996,1131.7773317337826,3548.2255738607523,1103.7805823883452,3485.2328878335184,1102.8206307883522,3484.8062426779657,1130.8173801337896,1
138,8,13.899999999999967,184.7110195474247,1169.8033497867978,153.44102329676863,1155.2968914153014,152.9892179078332,1183.2932460331892,215.9810157980808,1184.3098081582941,216.43282118701623,1156.3134535404063,1
138,9,13.899999999999967,43.87199704377349,1168.4949261348158,12.562736906842524,1154.0734064618416,12.186931833931588,1182.0708843937405,75.18125718070445,1182.91644580779,75.55706225361538,1154.9189678758912,1
139,1,13.999999999999966,1571.4522404100262,1159.1379973312714,1540.1907247852635,1144.613272175775,1539.722562814095,1172.6093580516388,1602.713756034789,1173.662722486768,1603.1819180059574,1145.666636610904,1
139,2,13.999999999999966,1260.7171469721625,1052.269736609094,1292.294866496005,1066.0935432365588,1292.1384443559484,1038.093980166502,1229.13942744832,1038.4459299816292,1229.2958495883765,1066.445493051686,1
139,3,13.999999999999966,2009.0913993635347,944.6558420155242,2023.7509026232508,913.4573009570328,1995.7570978755982,912.8683223917974,1994.4318961038186,975.8543830740156,2022.4257008514712,976.443361639251,1
139,4,13.999999999999966,2798.6144155027887,1106.3588113765531,2829.897435938629,1120.8371618492697,2830.3240810941825,1092.8404125038323,2767.3313950669485,1091.8804609038366,2766.904749911395,1119.877210249274,1
139,5,13.999999999999966,3028.8183865440515,1076.3940418354966,3060.0761263893683,1090.9268908253712,3060.5515640411295,1062.9309275620847,2997.5606466987347,1061.861192845622,2997.0852090469734,1089.8571561089086,1
139,6,13.999999999999966,3357.2866775304856,1081.9722100691004,3388.5444173758024,1096.505059058975,3389.0198550275636,1068.5090957956884,3326.028937685169,1067.4393610792258,3325.5535000334075,1095.4353243425123,1
139,7,13.999999999999966,3509.2211205380117,1117.187815289334,3540.504140973852,1131.6661657620505,3540.9307861294055,1103.6694164166133,3477.9381001021716,1102.7094648166174,3477.511454946618,1130.7062141620545,1
139,8,13.999999999999966,192.23092564549074,1169.9247060899938,160.96092939483538,1155.418247718496,160.50912400589857,1183.414602336384,223.5009218961461,1184.4311644614916,223.95272728508291,1156.4348098436037,1
139,9,13.999999999999966,51.57606937177957,1168.5983365016345,20.26680923484926,1154.1768168286587,19.89100416193705,1182.1742947605578,82.88532950870987,1183.0198561746104,83.26113458162209,1155.0223782427113,1
140,1,14.099999999999966,1582.833269255107,1159.3283155393829,1551.5717536303443,1144.803590383886,1551.103591659176,1172.7996762597502,1614.0947848798698,1173.8530406948796,1614.5629468510383,1145.8569548190155,1
140,2,14.099999999999966,1248.9418261023043,1052.335520524568,1280.519545626146,1066.1593271520342,1280.3631234860907,1038.1597640819773,1217.3641065784625,1038.5117138971018,1217.5205287185179,1066.5112769671587,1
140,3,14.099999999999966,2009.0913993635347,944.6558420155242,2023.7509026232508,913.4573009570328,1995.7570978755982,912.8683223917974,1994.4318961038186,975.8543830740156,2022.4257008514712,976.443361639251,1
140,4,14.099999999999966,2788.3598054082513,1106.2025403871987,2819.642825844092,1120.680890859914,2820.0694709996446,1092.6841415144766,2757.0767849724107,1091.7241899144835,2756.650139816858,1119.720939259921,1
140,5,14.099999999999966,3019.143070077197,1076.2297320849166,3050.400809922514,1090.7625810747911,3050.876247574275,1062.7666178115046,2987.8853302318803,1061.696883095042,2987.409892580119,1089.6928463583286,1
140,6,14.099999999999966,3349.763092613518,1081.844441807937,3381.0208324588352,1096.37729079781,3381.496270110595,1068.3813275345235,3318.5053527682007,1067.3115928180641,3318.029915116441,1095.3075560813506,1
140,7,14.099999999999966,3501.9263328066645,1117.0766493176002,3533.2093532425047,1131.5549997903167,3533.6359983980583,1103.5582504448796,3470.6433123708243,1102.5982988448836,3470.2166672152707,1130.5950481903208,1
140,8,14.099999999999966,199.75083174355677,1170.0460623931904,168.4808354929014,1155.5396040216926,168.0290301039646,1183.5359586395805,231.02082799421214,1184.552520764688,231.47263338314895,1156.5561661468003,1
140,9,14.099999999999966,59.39019635385921,1168.7032241121324,28.080936216928244,1154.2817044391581,27.705131144017308,1182.279182371057,90.69945649079017,1183.1247437851066,91.0752615637011,1155.1272658532077,1
141,1,14.199999999999966,1594.2142981001882,1159.5186337474947,1562.9527824754255,1144.993908591998,1562.484620504257,1172.989994467862,1625.475813724951,1174.0433589029915,1625.9439756961194,1146.0472730271274,1
141,2,14.199999999999966,1237.1665052324458,1052.4013044400422,1268.7442247562883,1066.225111067507,1268.5878026162318,1038.2255479974501,1205.5887857086034,1038.5774978125773,1205.74520784866,1066.5770608826342,1
141,3,14.199999999999966,2009.0913993635347,944.6558420155242,2023.7509026232508,913.4573009570328,1995.7570978755982,912.8683223917974,1994.4318961038186,975.8543830740156,2022.4257008514712,976.443361639251,1
141,4,14.199999999999966,2778.1051953137144,1106.0462693978443,2809.3882157495545,1120.5246198705609,2809.814860905108,1092.5278705251235,2746.822174877874,1091.5679189251277,2746.3955297223206,1119.564668270565,1
141,5,14.199999999999966,3009.4677536103427,1076.0654223343363,3040.72549345566,1090.5982713242092,3041.20093110742,1062.6023080609227,2978.2100137650255,1061.5325733444633,2977.7345761132656,1089.5285366077499,1
141,6,14.199999999999966,3342.2412131633446,1081.7167025096323,3373.4989530086614,1096.2495514995069,3373.9743906604226,1068.2535882362204,3310.983473318028,1067.1838535197578,3310.5080356662666,1095.1798167830443,1
141,7,14.199999999999966,3494.6315450753173,1116.9654833458667,3525.914565511158,1131.4438338185819,3526.3412106667106,1103.4470844731445,3463.3485246394766,1102.4871328731515,3462.921879483924,1130.4838822185889,1
141,8,14.199999999999966,207.2707378416228,1170.167418696387,176.00074159096675,1155.6609603248905,175.54893620203126,1183.6573149427784,238.54073409227885,1184.6738770678833,238.99253948121435,1156.6775224499954,1
141,9,14.199999999999966,67.31356129976325,1168.8095780040237,36.004301162832945,1154.388058331048,35.62849608992073,1182.385536262947,98.62282143669356,1183.2310976769995,98.99862650960577,1155.2336197451004,1
142,1,14.299999999999965,1605.595326945269,1159.7089519556066,1574.3338113205057,1145.1842268001114,1573.8656493493384,1173.1803126759753,1636.8568425700325,1174.2336771111018,1637.3250045411999,1146.237591235238,1
142,2,14.299999999999965,1225.3911843625876,1052.4670883555164,1256.96890388643,1066.2908949829812,1256.8124817463736,1038.2913319129243,1193.8134648387452,1038.6432817280515,1193.9698869788017,1066.6428447981084,1
142,3,14.299999999999965,2009.0913993635347,944.6558420155242,2023.7509026232508,913.4573009570328,1995.7570978755982,912.8683223917974,1994.4318961038186,975.8543830740156,2022.4257008514712,976.443361639251,1
142,4,14.299999999999965,2767.851530080611,1105.8900128073242,2799.1345505164513,1120.3683632800407,2799.561195672005,1092.3716139346034,2736.568509644771,1091.4116623346076,2736.1418644892174,1119.408411680045,1
142,5,14.299999999999965,2999.7924371434883,1075.901112583756,3031.0501769888056,1090.433961573629,3031.5256146405654,1062.4379983103424,2968.534697298171,1061.368263593883,2968.059259646411,1089.3642268571696,1
142,6,14.299999999999965,3334.717628246377,1081.5889342484688,3365.9753680916942,1096.1217832383418,3366.450805743454,1068.1258199750553,3303.4598884010597,1067.0560852585959,3302.9844507493,1095.0520485218824,1
142,7,14.299999999999965,3487.33675734397,1116.854317374133,3518.61977777981,1131.3326678468495,3519.046422935364,1103.3359185014122,3456.05373690813,1102.3759669014164,3455.6270917525762,1130.3727162468538,1
142,8,14.299999999999965,214.79064393968883,1170.288774999583,183.52064768903347,1155.7823166280853,183.06884230009666,1183.778671245973,246.0606401903442,1184.7952333710807,246.512445579281,1156.7988787531929,1
142,9,14.299999999999965,75.34698089974154,1168.917409139594,44.03772076281123,1154.495889466618,43.66191568989902,1182.4933673985172,106.65624103667184,1183.3389288125697,107.03204610958406,1155.3414508806707,1
143,1,14.399999999999965,1616.9763557903502,1159.8992701637183,1585.7148401655875,1145.3745450082217,1585.246678194419,1173.3706308840856,1648.237871415113,1174.4239953192148,1648.7060333862814,1146.427909443351,1
143,2,14.399999999999965,1213.6158634927292,1052.5328722709903,1245.193583016571,1066.3566788984565,1245.0371608765156,1038.3571158283996,1182.0381439688874,1038.7090656435241,1182.1945661089428,1066.708628713581,1
143,3,14.399999999999965,2009.0913993635347,944.6558420155242,2023.7509026232508,913.4573009570328,1995.7570978755982,912.8683223917974,1994.4318961038186,975.8543830740156,2022.4257008514712,976.443361639251,1
143,4,14.399999999999965,2757.5969199860738,1105.7337418179695,2788.879940421914,1120.212092290686,2789.3065855774676,1092.2153429452487,2726.3138995502336,1091.255391345253,2725.88725439468,1119.2521406906903,1
143,5,14.399999999999965,2990.1171206766344,1075.7368028331762,3021.3748605219516,1090.2696518230491,3021.8502981737115,1062.2736885597626,2958.859380831317,1061.2039538433032,2958.3839431795573,1089.1999171065897,1
143,6,14.399999999999965,3327.1940433294094,1081.4611659873053,3358.451783174726,1095.9940149771796,3358.9272208264874,1067.9980517138933,3295.9363034840926,1066.928316997431,3295.4608658323314,1094.9242802607173,1
143,7,14.399999999999965,3480.041969612623,1116.7431514023992,3511.3249900484634,1131.2215018751144,3511.751635204016,1103.224752529677,3448.758949176782,1102.264800929684,3448.3323040212294,1130.2615502751214,1
143,8,14.399999999999965,222.3105500377544,1170.4101313027795,191.040553787099,1155.9036729312818,190.58874839816227,1183.9000275491696,253.58054628840983,1184.9165896742772,254.03235167734655,1156.9202350563894,1
143,9,14.399999999999965,83.49045515379316,1169.0267175188428,52.18119501686223,1154.6051978458684,51.805389943951226,1182.6026757777674,114.7997152907241,1183.4482371918173,115.1755203636351,1155.4507592599182,1
144,1,14.499999999999964,1628.3577979773088,1159.9400246495077,1596.7030647660895,1146.293491561337,1597.0164779662002,1174.2917374379272,1660.012531188528,1173.5865577376783,1659.6991179884174,1145.5883118610882,1
144,2,14.499999999999964,1201.840542622871,1052.5986561864643,1233.4182621467135,1066.422462813929,1233.261840006657,1038.4228997438722,1170.2628230990285,1038.7748495589994,1170.419245239085,1066.7744126290563,1
144,3,14.499999999999964,2009.0913993635347,944.6558420155242,2023.7509026232508,913.4573009570328,1995.7570978755982,912.8683223917974,1994.4318961038186,975.8543830740156,2022.4257008514712,976.443361639251,1
144,4,14.499999999999964,2747.342309891537,1105.577470828615,2778.625330327377,1120.0558213013317,2779.0519754829306,1092.0590719558943,2716.0592894556967,1091.0991203558985,2715.632644300143,1119.095869701336,1
144,5,14.499999999999964,2980.44180420978,1075.5724930825959,3011.699544055097,1090.1053420724702,3012.174981706858,1062.109378809184,2949.184064364463,1061.0396440927216,2948.708626712702,1089.0356073560079,1
144,6,14.499999999999964,3319.670458412442,1081.333397726142,3350.9281982577586,1095.8662467160166,3351.40363590952,1067.87028345273,3288.412718567125,1066.8005487362675,3287.9372809153638,1094.796511999554,1
144,7,14.499999999999964,3472.7471818812755,1116.6319854306657,3504.0302023171157,1131.1103359033823,3504.4568474726693,1103.113586557945,3441.4641614454354,1102.1536349579492,3441.0375162898818,1130.1503843033865,1
144,8,14.499999999999964,229.83045613582044,1170.531487605976,198.56045988516502,1156.0250292344783,198.1086544962283,1184.0213838523662,261.10045238647587,1185.0379459774738,261.55225777541256,1157.041591359586,1
144,9,14.499999999999964,91.74398406191835,1169.1375031417706,60.43472392498805,1154.7159834687948,60.058918852075834,1182.7134614006939,123.05324419884866,1183.5590228147464,123.42904927176087,1155.5615448828473,1
145,1,14.599999999999964,1639.7397049105152,1159.8126152435389,1608.0849716992955,1146.1660821553698,1608.3983848994073,1174.16432803196,1671.394438121735,1173.4591483317079,1671.081024921623,1145.4609024551178,1
145,2,14.599999999999964,1190.0652217530126,1052.6644401019385,1221.642941276855,1066.4882467294033,1221.4865191367985,1038.4886836593464,1158.48750222917,1038.8406334744736,1158.6439243692266,1066.8401965445305,1
145,3,14.599999999999964,2009.0913993635347,944.6558420155242,2023.7509026232508,913.4573009570328,1995.7570978755982,912.8683223917974,1994.4318961038186,975.8543830740156,2022.4257008514712,976.443361639251,1
145,4,14.599999999999964,2737.087699797,1105.4211998392607,2768.3707202328405,1119.8995503119759,2768.7973653883932,1091.9028009665385,2705.8046793611593,1090.9428493665455,2705.3780342056066,1118.9395987119829,1
145,5,14.599999999999964,2970.766700204803,1075.4081869401207,3002.0244400501197,1089.9410359299952,3002.499877701881,1061.9450726667087,2939.508960359486,1060.8753379502461,2939.033522707725,1088.8713012135327,1
145,6,14.599999999999964,3312.1468734954747,1081.2056294649788,3343.404613340792,1095.7384784548517,3343.880050992552,1067.7425151915652,3280.8891336501574,1066.6727804751058,3280.4136959983975,1094.6687437383923,1
145,7,14.599999999999964,3465.4523941499283,1116.5208194589322,3496.735414585769,1130.9991699316474,3497.1620597413216,1103.00242058621,3434.1693737140877,1102.042468986217,3433.742728558535,1130.0392183316544,1
145,8,14.599999999999964,237.35013384918398,1170.652840223498,206.08013759852855,1156.1463818520003,205.62833220959183,1184.1427364698882,268.6201300998394,1185.1592985949958,269.0719354887761,1157.162943977108,1
145,9,14.599999999999964,100.10756762411734,1169.2497660083775,68.79830748718638,1154.8282463354033,68.42250241427544,1182.8257242673021,131.4168277610483,1183.6712856813517,131.79263283395923,1155.6738077494529,1
146,1,14.699999999999964,1651.121611843722,1159.6852058375703,1619.4668786325026,1146.0386727493997,1619.7802918326133,1174.0369186259898,1682.7763450549412,1173.3317389257409,1682.4629318548305,1145.3334930491508,1
146,2,14.699999999999964,1178.2899008831541,1052.7302240174126,1209.8676204069966,1066.5540306448775,1209.71119826694,1038.5544675748206,1146.7121813593117,1038.9064173899478,1146.8686034993682,1066.9059804600047,1
146,3,14.699999999999964,2009.0913993635347,944.6558420155242,2023.7509026232508,913.4573009570328,1995.7570978755982,912.8683223917974,1994.4318961038186,975.8543830740156,2022.4257008514712,976.443361639251,1
146,4,14.699999999999964,2726.8330897024625,1105.264928849906,2758.1161101383027,1119.7432793226226,2758.5427552938563,1091.7465299771852,2695.5500692666224,1090.7865783771895,2695.1234241110687,1118.7833277226268,1
146,5,14.699999999999964,2961.0913837379485,1075.2438771895404,2992.349123583266,1089.7767261794133,2992.8245612350256,1061.7807629161268,2929.833643892631,1060.7110281996675,2929.3582062408714,1088.706991462954,1
146,6,14.699999999999964,3304.623288578507,1081.0778612038152,3335.881028423824,1095.6107101936896,3336.356466075585,1067.6147469304033,3273.3655487331903,1066.545012213941,3272.890111081429,1094.5409754772272,1
146,7,14.699999999999964,3458.157606418581,1116.4096534871985,3489.440626854421,1130.888003959915,3489.867272009975,1102.8912546144777,3426.874585982741,1101.931303014482,3426.4479408271873,1129.9280523599193,1
146,8,14.699999999999964,244.86870737794766,1170.7741750216808,213.59871112729223,1156.267716650183,213.1469057383555,1184.264071268071,276.1387036286031,1185.2806333931785,276.5905090175398,1157.2842787752907,1
146,9,14.699999999999964,108.58120584038988,1169.3635061186628,77.27194570345958,1154.941986445687,76.89614063054736,1182.939464377586,139.8904659773202,1183.7850257916386,140.2662710502324,1155.7875478597396,1
147,1,14.799999999999963,1662.5035187769283,1159.5577964316017,1630.8487855657086,1145.9112633434327,1631.1621987658204,1173.9095092200228,1694.158251988148,1173.2043295197707,1693.8448387880362,1145.2060836431806,1
147,2,14.799999999999963,1166.514580013296,1052.7960079328866,1198.0922995371377,1066.619814560353,1197.9358773970823,1038.620251490296,1134.9368604894541,1038.9722013054202,1135.0932826295095,1066.9717643754773,1
147,3,14.799999999999963,2009.0913993635347,944.6558420155242,2023.7509026232508,913.4573009570328,1995.7570978755982,912.8683223917974,1994.4318961038186,975.8543830740156,2022.4257008514712,976.443361639251,1
147,4,14.799999999999963,2716.5784796079256,1105.1086578605516,2747.8615000437662,1119.5870083332668,2748.288145199319,1091.5902589878294,2685.295459172085,1090.6303073878364,2684.8688140165323,1118.6270567332738,1
147,5,14.799999999999963,2951.416067271094,1075.0795674389606,2982.673807116412,1089.6124164288335,2983.1492447681712,1061.616453165547,2920.1583274257764,1060.5467184490876,2919.682889774017,1088.5426817123741,1
147,6,14.799999999999963,3297.0997036615395,1080.9500929426517,3328.3574435068567,1095.4829419325247,3328.8328811586166,1067.4869786692382,3265.8419638162222,1066.4172439527788,3265.3665261644624,1094.4132072160653,1
147,7,14.799999999999963,3450.862818687234,1116.2984875154648,3482.145839123074,1130.7768379881813,3482.5724842786276,1102.780088642744,3419.5797982513936,1101.8201370427482,3419.15315309584,1129.8168863881856,1
147,8,14.799999999999963,252.3886134760137,1170.895531324877,221.11861722535826,1156.3890729533794,220.66681183642154,1184.3854275712672,283.6586097266691,1185.4019896963748,284.1104151156058,1157.405635078487,1
147,9,14.799999999999963,117.16489871073645,1169.4787234726273,85.85563857380615,1155.0572037996515,85.47983350089393,1183.0546817315505,148.47415884766676,1183.900243145603,148.84996392057897,1155.902765213704,1
148,1,14.899999999999963,1673.885425710135,1159.4303870256326,1642.2306924989157,1145.783853937462,1642.5441056990264,1173.7820998140521,1705.5401589213543,1173.0769201138032,1705.2267457212436,1145.0786742372131,1
148,2,14.899999999999963,1154.7392591434377,1052.8617918483606,1186.3169786672802,1066.6855984758254,1186.1605565272237,1038.6860354057685,1123.1615396195953,1039.0379852208957,1123.3179617596518,1067.0375482909526,1
148,3,14.899999999999963,2009.0913993635347,944.6558420155242,2023.7509026232508,913.4573009570328,1995.7570978755982,912.8683223917974,1994.4318961038186,975.8543830740156,2022.4257008514712,976.443361639251,1
148,4,14.899999999999963,2706.3238695133887,1104.9523868711972,2737.606889949229,1119.4307373439137,2738.0335351047825,1091.4339879984766,2675.0408490775485,1090.4740363984806,2674.614203921995,1118.4707857439178,1
148,5,14.899999999999963,2941.7407508042397,1074.9152576883803,2972.9984906495565,1089.4481066782548,2973.4739283013178,1061.4521434149683,2910.483010958923,1060.3824086985057,2910.0075733071617,1088.3783719617923,1
148,6,14.899999999999963,3289.5761187445714,1080.8223246814885,3320.833858589888,1095.355173671363,3321.3092962416495,1067.3592104080765,3258.3183788992546,1066.289475691614,3257.8429412474934,1094.2854389549004,1
148,7,14.899999999999963,3443.5680309558866,1116.1873215437313,3474.851051391727,1130.6656720164465,3475.27769654728,1102.668922671009,3412.285010520046,1101.708971071016,3411.8583653644932,1129.7057204164535,1
148,8,14.899999999999963,259.9085195740797,1171.0168876280736,228.63852332342364,1156.5104292565773,228.1867179344882,1184.506783874465,291.1785158247358,1185.52334599957,291.63032121367127,1157.5269913816821,1
148,9,14.899999999999963,125.85864623515658,1169.5954180702706,94.54938609822563,1155.1738983972964,94.17358102531469,1183.1713763291953,157.16790637208754,1184.0169377432449,157.54371144499848,1156.019459811346,1
149,1,14.999999999999963,1685.2673326433414,1159.302977619664,1653.6125994321221,1145.6564445314934,1653.9260126322329,1173.6546904080835,1716.9220658545607,1172.9495107078346,1716.60865265445,1144.9512648312445,1
149,2,14.999999999999963,1142.9639382735793,1052.9275757638347,1174.5416577974217,1066.7513823912996,1174.3852356573652,1038.7518193212427,1111.3862187497368,1039.10376913637,1111.5426408897933,1067.1033322064268,1
149,3,14.999999999999963,2009.0913993635347,944.6558420155242,2023.7509026232508,913.4573009570328,1995.7570978755982,912.8683223917974,1994.4318961038186,975.8543830740156,2022.4257008514712,976.443361639251,1
149,4,14.999999999999963,2696.0692594188513,1104.7961158818425,2727.3522798546915,1119.274466354559,2727.778925010245,1091.277717009122,2664.786238983011,1090.317765409126,2664.3595938274575,1118.314514754563,1
149,5,14.999999999999963,2932.0654343373853,1074.7509479378,2963.323174182702,1089.2837969276745,2963.7986118344634,1061.287833664388,2900.8076944920685,1060.2180989479255,2900.3322568403073,1088.214062211212,1
149,6,14.999999999999963,3282.0525338276043,1080.6945564203252,3313.310273672921,1095.2274054101997,3313.7857113246823,1067.2314421469132,3250.7947939822875,1066.1617074304506,3250.3193563305263,1094.1576706937371,1
149,7,14.999999999999963,3436.2732432245393,1116.0761555719978,3467.5562636603795,1130.5545060447143,3467.982908815933,1102.5577566992772,3404.990222788699,1101.5978050992812,3404.5635776331455,1129.5945544447184,1
149,8,14.999999999999963,267.42842567214575,1171.13824393127,236.15842942149033,1156.6317855597722,235.7066240325536,1184.62814017766,298.6984219228012,1185.6447023027677,299.15022731173786,1157.6483476848798,1
149,9,14.999999999999963,134.66244841365028,1169.7135899115926,103.35318827671998,1155.2920702386168,102.97738320380776,1183.289548170516,165.9717085505806,1184.1351095845685,166.3475136234928,1156.1376316526694,1
150,1,15.099999999999962,1696.649239576548,1159.1755682136954,1664.9945063653283,1145.5290351255264,1665.3079195654402,1173.5272810021165,1728.3039727877679,1172.8221013018644,1727.990559587656,1144.8238554252744,1
150,2,15.099999999999962,1131.188617403721,1052.993359679309,1162.7663369275635,1066.8171663067737,1162.609914787507,1038.8176032367169,1099.6108978798786,1039.169553051844,1099.7673200199351,1067.169116121901,1
150,3,15.099999999999962,2009.0913993635347,944.6558420155242,2023.7509026232508,913.4573009570328,1995.7570978755982,912.8683223917974,1994.4318961038186,975.8543830740156,2022.4257008514712,976.443361639251,1
150,4,15.099999999999962,2685.814649324315,1104.6398448924883,2717.097669760155,1119.1181953652049,2717.5243149157086,1091.1214460197675,2654.5316288884746,1090.1614944197718,2654.104983732921,1118.1582437652091,1
150,5,15.099999999999962,2922.390117870531,1074.5866381872202,2953.6478577158477,1089.1194871770947,2954.123295367609,1061.1235239138082,2891.132378025214,1060.0537891973456,2890.656940373453,1088.0497524606321,1
150,6,15.099999999999962,3274.5298725086213,1080.5668038440392,3305.787612353939,1095.0996528339122,3306.2630500056985,1067.1036895706256,3243.2721326633036,1066.0339548541663,3242.796695011544,1094.0299181174528,1
150,7,15.099999999999962,3428.978455493192,1115.964989600264,3460.2614759290327,1130.4433400729793,3460.6881210845854,1102.446590727542,3397.6954350573515,1101.4866391275489,3397.2687899017988,1129.4833884729862,1
150,8,15.099999999999962,274.9468429135843,1171.2595762072865,243.67684666292826,1156.7531178357901,243.22504127399276,1184.749472453678,306.21683916424035,1185.7660345787829,306.66864455317585,1157.769679960895,1
150,9,15.099999999999962,143.57630524621777,1169.8332389965935,112.26704510928681,1155.4117193236193,111.89124003637588,1183.4091972555182,174.88556538314873,1184.2547586695678,175.26137045605967,1156.257280737669,1
151,1,15.199999999999962,1708.0311465097545,1159.0481588077266,1676.3764132985352,1145.401625719556,1676.689826498646,1173.399871596146,1739.6858797209738,1172.6946918958972,1739.372466520863,1144.6964460193071,1
151,2,15.199999999999962,1119.4132965338626,1053.0591435947829,1150.9910160577044,1066.882950222249,1150.834593917649,1038.8833871521922,1087.8355770100209,1039.2353369673167,1087.9919991500763,1067.2349000373736,1
151,3,15.199999999999962,2009.0913993635347,944.6558420155242,2023.7509026232508,913.4573009570328,1995.7570978755982,912.8683223917974,1994.4318961038186,975.8543830740156,2022.4257008514712,976.443361639251,1
151,4,15.199999999999962,2675.5600392297774,1104.4835739031337,2706.8430596656176,1118.9619243758502,2707.269704821171,1090.9651750304129,2644.2770187939373,1090.0052234304171,2643.8503736383836,1118.0019727758545,1
151,5,15.199999999999962,2912.7155573572927,1074.4223412745196,2943.9732972026095,1088.955190264394,2944.4487348543707,1060.9592270011076,2881.457817511976,1059.889492284645,2880.9823798602147,1087.8854555479315,1
151,6,15.199999999999962,3267.0062875916537,1080.439035582876,3298.2640274369705,1094.9718845727505,3298.739465088732,1066.975921309464,3235.748547746337,1065.9061865930014,3235.2731100945757,1093.902149856288,1
151,7,15.199999999999962,3421.683667761845,1115.8538236285303,3452.966688197685,1130.332174101247,3453.3933333532386,1102.3354247558098,3390.4006473260047,1101.3754731558138,3389.974002170451,1129.372222501251,1
151,8,15.199999999999962,282.46674901165034,1171.380932510483,251.19675276099497,1156.8744741389853,250.74494737205816,1184.8708287568732,313.7367452623057,1185.8873908819808,314.1885506512425,1157.891036264093,1
151,9,15.199999999999962,152.60021673285905,1169.954365325273,121.2909565959281,1155.5328456522989,120.91515152301716,1183.5303235841977,183.90947686979,1184.3758849982473,184.28528194270095,1156.3784070663485,1
152,1,15.299999999999962,1719.4130534429612,1158.9207494017578,1687.7583202317414,1145.2742163135888,1688.0717334318533,1173.2724621901789,1751.067786654181,1172.5672824899268,1750.754373454069,1144.5690366133367,1
152,2,15.299999999999962,1107.6379756640044,1053.1249275102568,1139.215695187847,1066.9487341377217,1139.0592730477904,1038.9491710676648,1076.060256140162,1039.301120882792,1076.2166782802185,1067.3006839528489,1
152,3,15.299999999999962,2009.0913993635347,944.6558420155242,2023.7509026232508,913.4573009570328,1995.7570978755982,912.8683223917974,1994.4318961038186,975.8543830740156,2022.4257008514712,976.443361639251,1
152,4,15.299999999999962,2665.3054291352405,1104.3273029137792,2696.588449571081,1118.8056533864944,2697.015094726634,1090.808904041057,2634.0224086994,1089.848952441064,2633.595763543847,1117.8457017865014,1
152,5,15.299999999999962,2903.0402408904383,1074.2580315239395,2934.297980735755,1088.790880513814,2934.7734183875164,1060.7949172505275,2871.7825010451215,1059.725182534065,2871.3070633933603,1087.7211457973515,1
152,6,15.299999999999962,3259.482702674686,1080.3112673217124,3290.740442520004,1094.8441163115854,3291.2158801717633,1066.8481530482989,3228.2249628293685,1065.7784183318395,3227.749525177609,1093.774381595126,1
152,7,15.299999999999962,3414.3888800304976,1115.7426576567968,3445.6719004663382,1130.221008129512,3446.098545621891,1102.2242587840747,3383.105859594657,1101.2643071840816,3382.6792144391043,1129.261056529519,1
152,8,15.299999999999962,289.98548164791396,1171.5022698763437,258.7154853972586,1156.995811504846,258.2636800083218,1184.9921661227338,321.2554778985693,1186.0087282478414,321.70728328750613,1158.0123736299536,1
152,9,15.299999999999962,161.7344146083899,1170.0571536339708,130.37550699787732,1155.743911042743,130.09645109033096,1183.7425204332192,193.09332221890247,1184.3703962251984,193.37237812644884,1156.3717868347223,1
153,1,15.399999999999961,1730.7949603761676,1158.7933399957892,1699.1402271649483,1145.1468069076186,1699.453640365059,1173.145052784209,1762.449693587387,1172.4398730839598,1762.1362803872762,1144.4416272073695,1
153,2,15.399999999999961,1095.8626547941462,1053.190711425731,1127.4403743179887,1067.0145180531958,1127.2839521779322,1039.014954983139,1064.2849352703038,1039.3669047982662,1064.4413574103603,1067.366467868323,1
153,3,15.399999999999961,2009.0913993635347,944.6558420155242,2023.7509026232508,913.4573009570328,1995.7570978755982,912.8683223917974,1994.4318961038186,975.8543830740156,2022.4257008514712,976.443361639251,1
153,4,15.399999999999961,2655.0508190407036,1104.1710319244248,2686.3338394765437,1118.6493823971414,2686.7604846320974,1090.652633051704,2623.7677986048634,1089.6926814517083,2623.34115344931,1117.6894307971456,1
153,5,15.399999999999961,2893.364924423584,1074.0937217733594,2924.6226642689007,1088.6265707632338,2925.098101920662,1060.6306074999475,2862.107184578267,1059.5608727834851,2861.631746926506,1087.5568360467714,1
153,6,15.399999999999961,3251.9591177577186,1080.1834990605491,3283.2168576030354,1094.7163480504237,3283.6922952547966,1066.720384787137,3220.7013779124018,1065.6506500706746,3220.2259402606405,1093.6466133339613,1
153,7,15.399999999999961,3407.0940922991504,1115.6314916850633,3438.3771127349905,1130.10984215778,3438.803757890544,1102.1130928123425,3375.81107186331,1101.1531412123468,3375.3844267077566,1129.1498905577841,1
153,8,15.399999999999961,297.50538774597976,1171.62362617954,266.2353914953237,1157.1171678080436,265.7835861063882,1185.1135224259315,328.7753839966358,1186.1300845510364,329.2271893855713,1158.1337299331485,1
153,9,15.399999999999961,170.97839875075942,1170.1492863662866,139.61949114024685,1155.836043775059,139.3404352327005,1183.834653165535,202.337306361272,1184.4625289575142,202.61636226881836,1156.4639195670381,1
154,1,15.499999999999961,1742.1768673093743,1158.6659305898204,1710.522134098155,1145.0193975016498,1710.8355472982657,1173.0176433782399,1773.8316005205936,1172.312463677991,1773.5181873204829,1144.314217801401,1
154,2,15.499999999999961,1084.0873339242876,1053.2564953412052,1115.6650534481294,1067.0803019686714,1115.508631308074,1039.0807388986145,1052.5096144004458,1039.432688713739,1052.6660365405012,1067.432251783796,1
154,3,15.499999999999961,2009.0913993635347,944.6558420155242,2023.7509026232508,913.4573009570328,1995.7570978755982,912.8683223917974,1994.4318961038186,975.8543830740156,2022.4257008514712,976.443361639251,1
154,4,15.499999999999961,2644.796659302297,1104.0147677980906,2676.0796797381377,1118.4931182708058,2676.5063248936904,1090.4963689253684,2613.5136388664564,1089.5364173253754,2613.0869937109037,1117.5331666708128,1
154,5,15.499999999999961,2883.6896079567296,1073.9294120227792,2914.9473478020473,1088.462261012652,2915.4227854538067,1060.4662977493656,2852.431868111412,1059.3965630329062,2851.9564304596524,1087.3925262961927,1
154,6,15.499999999999961,3244.435532840751,1080.0557307993859,3275.6932726860678,1094.5885797892602,3276.168710337829,1066.5926165259739,3213.177792995434,1065.5228818095115,3212.702355343673,1093.5188450727978,1
154,7,15.499999999999961,3399.799304567803,1115.5203257133296,3431.0823250036437,1129.9986761860448,3431.5089701591965,1102.0019268406074,3368.5162841319625,1101.0419752406144,3368.08963897641,1129.0387245860518,1
154,8,15.499999999999961,305.02529384404556,1171.7449824827363,273.75529759339014,1157.2385241112386,273.30349220445345,1185.2348787291264,336.295290094701,1186.251440854234,336.7470954836377,1158.2550862363462,1
154,9,15.499999999999961,180.33244199482783,1170.242516033171,148.97353438431526,1155.9292734419432,148.6944784767689,1183.9278828324193,211.6913496053404,1184.5557586243985,211.97040551288677,1156.5571492339225,1
154,10,15.499999999999961,15.673808074463523,1168.1164269540195,0.0,1153.6949072810453,0.0,1181.6923852129441,46.98306821139449,1182.5379466269937,47.358873284305425,1154.540468695095,1
155,1,15.59999999999996,1753.5587742425807,1158.5385211838516,1721.904041031361,1144.8919880956826,1722.2174542314729,1172.8902339722727,1785.2135074538005,1172.1850542720206,1784.9000942536886,1144.1868083954305,1
155,2,15.59999999999996,1072.3120130544294,1053.3222792566792,1103.8897325782718,1067.146085884144,1103.7333104382153,1039.1465228140871,1040.734293530587,1039.4984726292143,1040.8907156706434,1067.4980356992712,1
155,3,15.59999999999996,2009.0913993635347,944.6558420155242,2023.7509026232508,913.4573009570328,1995.7570978755982,912.8683223917974,1994.4318961038186,975.8543830740156,2022.4257008514712,976.443361639251,1
155,4,15.59999999999996,2634.54204920776,1103.8584968087362,2665.8250696436003,1118.3368472814527,2666.251714799154,1090.3400979360154,2603.25902877192,1089.3801463360196,2602.8323836163663,1117.376895681457,1
155,5,15.59999999999996,2874.014291489875,1073.7651022721989,2905.2720313351924,1088.2979512620718,2905.7474689869523,1060.3019879987853,2842.756551644558,1059.232253282326,2842.281113992798,1087.2282165456124,1
155,6,15.59999999999996,3236.9133812449663,1079.9279868794051,3268.171121090284,1094.460835869278,3268.6465587420435,1066.4648726059916,3205.6556413996486,1065.3951378895322,3205.180203747889,1093.3911011528187,1
155,7,15.59999999999996,3392.504516836456,1115.4091597415959,3423.787537272296,1129.8875102143124,3424.2141824278497,1101.890760868875,3361.2214964006157,1100.9308092688793,3360.794851245062,1128.9275586143167,1
155,8,15.59999999999996,312.5451999421116,1171.8663387859328,281.27520369145617,1157.359880414435,280.8233983025195,1185.356235032323,343.815196192767,1186.3727971574306,344.2670015817037,1158.3764425395427,1
155,9,15.59999999999996,189.79654434059466,1170.3368426346237,158.4376367300821,1156.023600043396,158.15858082253573,1184.0222094338721,221.15545195110724,1184.6500852258514,221.4345078586536,1156.6514758353753,1
155,10,15.59999999999996,24.472932408344377,1168.2345360054812,0.0,1153.813016332507,0.0,1181.8104942644059,55.78219254527534,1182.6560556784555,56.15799761818628,1154.6585777465566,1
156,1,15.69999999999996,1764.9406811757872,1158.411111777883,1733.2859479645679,1144.7645786897124,1733.5993611646786,1172.7628245663025,1796.5954143870065,1172.0576448660536,1796.2820011868957,1144.0593989894635,1
156,2,15.69999999999996,1060.536692184571,1053.3880631721531,1092.1144117084134,1067.211869799618,1091.9579895683569,1039.212306729561,1028.9589726607285,1039.5642565446883,1029.115394800785,1067.5638196147452,1
156,3,15.69999999999996,2009.0913993635347,944.6558420155242,2023.7509026232508,913.4573009570328,1995.7570978755982,912.8683223917974,1994.4318961038186,975.8543830740156,2022.4257008514712,976.443361639251,1
156,4,15.69999999999996,2624.2883763353702,1103.7022401018003,2655.5713967712104,1118.1805905745168,2655.998041926764,1090.1838412290795,2593.00535589953,1089.2238896290837,2592.5787107439764,1117.220638974521,1
156,5,15.69999999999996,2864.338975023021,1073.600792521619,2895.596714868338,1088.133641511492,2896.072152520098,1060.1376782482055,2833.0812351777035,1059.067943531746,2832.6057975259437,1087.0639067950326,1
156,6,15.69999999999996,3229.3897963279983,1079.8002186182416,3260.647536173315,1094.3330676081162,3261.1229738250763,1066.3371043448296,3198.1320564826815,1065.267369628367,3197.6566188309203,1093.2633328916536,1
156,7,15.69999999999996,3385.2097291051086,1115.2979937698624,3416.492749540949,1129.776344242579,3416.9193946965024,1101.7795948971418,3353.9267086692685,1100.8196432971458,3353.500063513715,1128.816392642583,1
156,8,15.69999999999996,320.0651060401774,1171.9876950891291,288.795109789522,1157.4812367176314,288.3433044005853,1185.4775913355193,351.3351022908328,1186.4941534606269,351.7869076797695,1158.497798842739,1
156,9,15.69999999999996,199.3707057880606,1170.432266170645,168.01179817754803,1156.1190235794174,167.73274227000167,1184.1176329698935,230.72961339857318,1184.7455087618728,231.00866930611954,1156.7468993713967,1
156,10,15.69999999999996,33.396145550073925,1168.3543106785246,2.0868854131429586,1153.9327910055504,1.711080340232023,1181.9302689374492,64.70540568700488,1182.7758303514988,65.08121075991582,1154.7783524196,1
157,1,15.79999999999996,1776.3225881089938,1158.2837023719144,1744.667854897774,1144.6371692837454,1744.981268097886,1172.6354151603355,1807.9773213202136,1171.9302354600834,1807.6639081201017,1143.9319895834933,1
157,2,15.79999999999996,1048.7625277051688,1053.4538406273455,1080.3402472290113,1067.2776472548103,1080.1838250889548,1039.2780841847534,1017.1848081813264,1039.6300339998807,1017.341230321383,1067.6295970699375,1
157,3,15.79999999999996,2009.0913993635347,944.6558420155242,2023.7509026232508,913.4573009570328,1995.7570978755982,912.8683223917974,1994.4318961038186,975.8543830740156,2022.4257008514712,976.443361639251,1
157,4,15.79999999999996,2614.034931532367,1103.5459868704354,2645.317951968207,1118.024337343152,2645.7445971237607,1090.0275879977146,2582.751911096527,1089.0676363977188,2582.325265940973,1117.0643857431562,1
157,5,15.79999999999996,2854.6636585561664,1073.4364827710388,2885.921398401483,1087.9693317609133,2886.3968360532444,1059.9733684976268,2823.4059187108496,1058.9036337811642,2822.9304810590884,1086.8995970444507,1
157,6,15.79999999999996,3221.8664337650525,1079.6724541331753,3253.1241736103702,1094.2053031230482,3253.5996112621297,1066.2093398597617,3190.608693919735,1065.1396051433023,3190.1332562679754,1093.1355684065888,1
157,7,15.79999999999996,3377.9151065918277,1115.1868303159026,3409.198127027668,1129.6651807886192,3409.6247721832215,1101.668431443182,3346.6320861559875,1100.708479843186,3346.205441000434,1128.7052291886232,1
157,8,15.79999999999996,327.5843056192391,1172.1090399905165,296.31430936858305,1157.6025816190202,295.86250397964756,1185.598936236908,358.85430186989515,1186.6154983620129,359.30610725883065,1158.619143744125,1
157,9,15.79999999999996,209.05492633722497,1170.5287866412348,177.6960187267124,1156.215544050007,177.41696281916603,1184.2141534404832,240.41383394773754,1184.8420292324624,240.6928898552839,1156.8434198419864,1
157,10,15.79999999999996,42.44467495122126,1168.4757674490097,11.13541481429095,1154.054247776034,10.759609741378743,1182.051725707933,73.75393508815156,1182.8972871219855,74.12974016106378,1154.8998091900864,1
158,1,15.89999999999996,1787.7044950422003,1158.1562929659453,1756.049761830981,1144.5097598777747,1756.3631750310917,1172.5080057543648,1819.3592282534196,1171.802826054116,1819.0458150533088,1143.8045801775258,1
158,2,15.89999999999996,1036.9872068353104,1053.5196245428197,1068.5649263591522,1067.343431170286,1068.4085042190968,1039.343868100229,1005.4094873114686,1039.6958179153532,1005.5659094515239,1067.6953809854103,1
158,3,15.89999999999996,2009.0913993635347,944.6558420155242,2023.7509026232508,913.4573009570328,1995.7570978755982,912.8683223917974,1994.4318961038186,975.8543830740156,2022.4257008514712,976.443361639251,1
158,4,15.89999999999996,2603.78032143783,1103.389715881081,2635.0633418736707,1117.8680663537962,2635.4899870292234,1089.8713170083588,2572.4973010019894,1088.9113654083658,2572.0706558464367,1116.9081147538031,1
158,5,15.89999999999996,2844.988342089312,1073.2721730204585,2876.246081934629,1087.805022010333,2876.72151958639,1059.8090587470465,2813.7306022439952,1058.739324030584,2813.255164592234,1086.7352872938704,1
158,6,15.89999999999996,3214.3428488480854,1079.544685872012,3245.600588693402,1094.0775348618863,3246.0760263451634,1066.0815715986,3183.0851090027686,1065.0118368821377,3182.6096713510074,1093.007800145424,1
158,7,15.89999999999996,3370.6203188604804,1115.0756643441691,3401.903339296321,1129.5540148168843,3402.3299844518738,1101.557265471447,3339.33729842464,1100.597313871454,3338.910653269087,1128.5940632168913,1
158,8,15.89999999999996,335.1042117173047,1172.2303962937126,303.83421546664925,1157.7239379222149,303.38241007771256,1185.7202925401027,366.3742079679601,1186.7368546652103,366.8260133568968,1158.7405000473225,1
158,9,15.89999999999996,218.84920598808776,1170.626404046393,187.4902983775752,1156.3131614551653,187.21124247002882,1184.3117708456414,250.20811359860033,1184.9396466376206,250.4871695061467,1156.9410372471445,1
158,10,15.89999999999996,51.61724990479547,1168.598889260467,20.307989767865198,1154.1773695874913,19.93218469495292,1182.1748475193904,82.92651004172575,1183.020408933443,83.30231511463802,1155.0229310015438,1
159,1,15.99999999999996,1798.8788254526603,1158.0312071777687,1767.224092241441,1144.384674089598,1767.5375054415517,1172.3829199661882,1830.5335586638796,1171.6777402659393,1830.2201454637689,1143.6794943893492,1
159,2,15.99999999999996,1025.2118859654522,1053.5854084582934,1056.7896054892947,1067.4092150857582,1056.6331833492382,1039.4096520157013,993.6341664416098,1039.7616018308286,993.7905885816664,1067.7611649008854,1
159,3,15.99999999999996,2009.0913993635347,944.6558420155242,2023.7509026232508,913.4573009570328,1995.7570978755982,912.8683223917974,1994.4318961038186,975.8543830740156,2022.4257008514712,976.443361639251,1
159,4,15.99999999999996,2593.5257113432926,1103.2334448917263,2624.808731779133,1117.7117953644429,2625.2353769346864,1089.7150460190055,2562.2426909074525,1088.7550944190098,2561.816045751899,1116.7518437644471,1
159,5,15.99999999999996,2835.3130256224576,1073.1078632698786,2866.5707654677744,1087.6407122597532,2867.0462031195357,1059.6447489964667,2804.055285777141,1058.575014280004,2803.5798481253796,1086.5709775432906,1
159,6,15.99999999999996,3206.8192639311173,1079.4169176108485,3238.0770037764346,1093.9497666007214,3238.5524414281945,1065.953803337435,3175.5615240858,1064.8840686209755,3175.08608643404,1092.880031884262,1
159,7,15.99999999999996,3363.325531129133,1114.9644983724356,3394.6085515649734,1129.4428488451522,3395.035196720527,1101.446099499715,3332.042510693293,1100.486147899719,3331.6158655377394,1128.4828972451562,1
159,8,15.99999999999996,342.6237618628586,1172.3517468525447,311.3537656122032,1157.845288481047,310.9019602232665,1185.8416430989348,373.893758113514,1186.8582052240424,374.3455635024507,1158.8618506061546,1
159,9,15.99999999999996,228.75354474064966,1170.7251183861194,197.39463713013708,1156.4118757948918,197.11558122259072,1184.4104851853679,260.11245235116223,1185.038360977347,260.3915082587086,1157.039751586871,1
159,10,15.99999999999996,60.91514111778724,1168.7236931693665,29.605880980856277,1154.3021734963922,29.23007590794534,1182.299651428291,92.2244012547182,1183.1452128423407,92.60020632762914,1155.1477349104418,1
160,1,16.09999999999996,1809.8455793403737,1157.9084450073838,1778.1908461291544,1144.2619119192132,1778.504259329265,1172.2601577958033,1841.500312551593,1171.5549780955544,1841.1868993514822,1143.5567322189643,1
160,2,16.09999999999996,1013.4365650955938,1053.6511923737676,1045.0142846194362,1067.4749990012324,1044.8578624793797,1039.4754359311755,981.8588455717513,1039.8273857463028,982.015267711808,1067.8269488163596,1
160,3,16.09999999999996,2009.0913993635347,944.6558420155242,2023.7509026232508,913.4573009570328,1995.7570978755982,912.8683223917974,1994.4318961038186,975.8543830740156,2022.4257008514712,976.443361639251,1
160,4,16.09999999999996,2583.2711012487557,1103.0771739023721,2614.554121684596,1117.5555243750887,2614.9807668401495,1089.5587750296513,2551.9880808129155,1088.5988234296556,2551.561435657362,1116.595572775093,1
160,5,16.09999999999996,2825.6377091556033,1072.9435535192983,2856.89544900092,1087.4764025091727,2857.3708866526813,1059.4804392458864,2794.3799693102865,1058.410704529424,2793.9045316585252,1086.4066677927103,1
160,6,16.09999999999996,3199.2956790141498,1079.289149349685,3230.5534188594665,1093.8219983395595,3231.028856511228,1065.826035076273,3168.037939168833,1064.7563003598104,3167.5625015170717,1092.752263623097,1
160,7,16.09999999999996,3356.030743397786,1114.853332400702,3387.3137638336266,1129.331682873417,3387.7404089891793,1101.3349335279797,3324.7477229619453,1100.3749819279867,3324.3210778063926,1128.371731273424,1
160,8,16.09999999999996,350.14366796092463,1172.4731031557412,318.8736717102692,1157.9666447842435,318.4218663213325,1185.9629994021313,381.41366421158006,1186.979561527239,381.86546960051675,1158.983206909351,1
160,9,16.09999999999996,238.76794259490998,1170.8249296604145,207.4090349843974,1156.5116870691868,207.12997907685104,1184.5102964596629,270.12685020542256,1185.1381722516421,270.4059061129689,1157.139562861166,1
160,10,16.09999999999996,70.33834859019657,1168.8501791757074,39.02908845326627,1154.4286595027315,38.653283380354054,1182.4261374346306,101.64760872712688,1183.2716988486832,102.0234138000391,1155.274220916784,1
161,1,16.19999999999996,1809.8455793403737,1157.9084450073838,1778.1908461291544,1144.2619119192132,1778.504259329265,1172.2601577958033,1841.500312551593,1171.5549780955544,1841.1868993514822,1143.5567322189643,1
161,2,16.19999999999996,1001.6612442257356,1053.7169762892418,1033.2389637495774,1067.5407829167082,1033.082541609522,1039.541219846651,970.0835247018938,1039.8931696617753,970.2399468419491,1067.8927327318324,1
161,3,16.19999999999996,2009.0913993635347,944.6558420155242,2023.7509026232508,913.4573009570328,1995.7570978755982,912.8683223917974,1994.4318961038186,975.8543830740156,2022.4257008514712,976.443361639251,1
161,4,16.19999999999996,2573.016491154219,1102.9209029130175,2604.2995115900594,1117.3992533857327,2604.726156745612,1089.4025040402953,2541.733470718378,1088.4425524403023,2541.3068255628255,1116.4393017857396,1
161,5,16.19999999999996,2815.962392688749,1072.779243768718,2847.2201325340666,1087.312092758591,2847.695570185826,1059.3161294953045,2784.704652843431,1058.2463947788451,2784.2292151916718,1086.2423580421316,1
161,6,16.19999999999996,3191.7720940971826,1079.1613810885217,3223.0298339424994,1093.6942300783962,3223.5052715942606,1065.6982668151097,3160.514354251866,1064.6285320986472,3160.0389166001046,1092.6244953619337,1
161,7,16.19999999999996,3348.7359556664387,1114.7421664289682,3380.018976102279,1129.2205169016847,3380.4456212578325,1101.2237675562474,3317.4529352305985,1100.2638159562516,3317.026290075045,1128.260565301689,1
161,8,16.19999999999996,357.66357405899043,1172.5944594589375,326.3935778083343,1158.0880010874412,325.9417724193989,1186.084355705329,388.93357030964654,1187.100917830434,389.385375698582,1159.104563212546,1
161,9,16.19999999999996,248.89239955086896,1170.9258378692778,217.53349194035638,1156.61259527805,217.25443603281002,1184.6112046685262,280.25130716138153,1185.2390804605054,280.5303630689279,1157.2404710700293,1
161,10,16.19999999999996,79.88614184571202,1168.9783374744393,48.57688170878105,1154.556817801465,48.201076635870116,1182.554295733364,111.19540198264298,1183.3998571474135,111.57120705555391,1155.4023792155147,1
162,1,16.29999999999996,1809.8455793403737,1157.9084450073838,1778.1908461291544,1144.2619119192132,1778.504259329265,1172.2601577958033,1841.500312551593,1171.5549780955544,1841.1868993514822,1143.5567322189643,1
162,2,16.29999999999996,989.8859233558769,1053.7827602047157,1021.4636428797194,1067.6065668321805,1021.3072207396627,1039.6070037621237,958.3082038320345,1039.958953577251,958.4646259720911,1067.9585166473078,1
162,3,16.29999999999996,2009.0913993635347,944.6558420155242,2023.7509026232508,913.4573009570328,1995.7570978755982,912.8683223917974,1994.4318961038186,975.8543830740156,2022.4257008514712,976.443361639251,1
162,4,16.29999999999996,2562.7634606023166,1102.764655994465,2594.046481038157,1117.2430064671817,2594.4731261937104,1089.2462571217443,2531.4804401664765,1088.2863055217485,2531.053795010923,1116.283054867186,1
162,5,16.29999999999996,2806.2870762218945,1072.614934018138,2837.5448160672117,1087.147783008011,2838.0202537189716,1059.1518197447244,2775.0293363765772,1058.082085028265,2774.5538987248174,1086.0780482915516,1
162,6,16.29999999999996,3184.248509180215,1079.0336128273584,3215.5062490255323,1093.5664618172314,3215.981686677292,1065.5704985539448,3152.990769334898,1064.5007638374855,3152.515331683138,1092.496727100772,1
162,7,16.29999999999996,3341.4411679350915,1114.6310004572347,3372.724188370932,1129.1093509299499,3373.150833526485,1101.1126015845125,3310.158147499251,1100.1526499845195,3309.731502343698,1128.1493993299569,1
162,8,16.29999999999996,365.18348015705647,1172.7158157621338,333.91348390640104,1158.2093573906361,333.46167851746435,1186.205712008524,396.4534764077119,1187.2222741336316,396.9052817966486,1159.2259195157437,1
162,9,16.29999999999996,259.1269156085266,1171.0278430127096,227.768007998014,1156.714600421482,227.48895209046765,1184.713209811958,290.48582321903916,1185.3410856039372,290.7648791265855,1157.3424762134612,1
162,10,16.29999999999996,89.55925136064525,1169.1081778706127,58.24999122371428,1154.6866581976385,57.87418615080335,1182.6841361295374,120.86851149757621,1183.529697543587,121.24431657048714,1155.532219611688,1
163,1,16.399999999999963,1809.8455793403737,1157.9084450073838,1778.1908461291544,1144.2619119192132,1778.504259329265,1172.2601577958033,1841.500312551593,1171.5549780955544,1841.1868993514822,1143.5567322189643,1
163,2,16.399999999999963,978.1106024860187,1053.8485441201897,1009.6883220098612,1067.6723507476545,1009.5318998698045,1039.6727876775976,946.5328829621762,1040.0247374927249,946.6893051022329,1068.0243005627817,1
163,3,16.399999999999963,2009.0913993635347,944.6558420155242,2023.7509026232508,913.4573009570328,1995.7570978755982,912.8683223917974,1994.4318961038186,975.8543830740156,2022.4257008514712,976.443361639251,1
163,4,16.399999999999963,2552.5088505077792,1102.6083850051104,2583.79187094362,1117.0867354778256,2584.2185160991726,1089.0899861323883,2521.2258300719386,1088.1300345323953,2520.799184916386,1116.1267838778326,1
163,5,16.399999999999963,2796.6133102945437,1072.4506505993847,2827.8710501398605,1086.9834995892593,2828.3464877916217,1058.9875363259728,2765.355570449227,1057.9178016095102,2764.8801327974656,1085.9137648727967,1
163,6,16.399999999999963,3176.7249242632474,1078.905844566195,3207.982664108564,1093.4386935560692,3208.4581017603255,1065.442730292783,3145.4671844179306,1064.3729955763206,3144.9917467661694,1092.3689588396069,1
163,7,16.399999999999963,3334.1463802037442,1114.5198344855012,3365.4294006395844,1128.9981849582177,3365.856045795138,1101.0014356127804,3302.863359767904,1100.0414840127846,3302.4367146123504,1128.038233358222,1
163,8,16.399999999999963,372.7033862551225,1172.8371720653304,341.43339000446707,1158.3307136938326,340.9815846155304,1186.3270683117205,403.9733825057779,1187.343630436828,404.4251878947146,1159.3472758189403,1
163,9,16.399999999999963,269.47149076788287,1171.1309450907097,238.1125831573703,1156.817702499482,237.83352724982393,1184.8163118899581,300.83039837839544,1185.4441876819374,301.1094542859418,1157.4455782914613,1
163,10,16.399999999999963,99.35767713499604,1169.2397003642282,68.04841699806508,1154.818180691254,67.67261192515414,1182.8156586231528,130.666937271927,1183.6612200372024,131.04274234483793,1155.6637421053035,1
164,1,16.499999999999964,1809.8455793403737,1157.9084450073838,1778.1908461291544,1144.2619119192132,1778.504259329265,1172.2601577958033,1841.500312551593,1171.5549780955544,1841.1868993514822,1143.5567322189643,1
164,2,16.499999999999964,966.3352816161605,1053.9143280356639,997.913001140003,1067.7381346631287,997.7565789999463,1039.7385715930718,934.757562092318,1040.090521408199,934.9139842323747,1068.090084478256,1
164,3,16.499999999999964,2009.0913993635347,944.6558420155242,2023.7509026232508,913.4573009570328,1995.7570978755982,912.8683223917974,1994.4318961038186,975.8543830740156,2022.4257008514712,976.443361639251,1
164,4,16.499999999999964,2542.2542404132423,1102.4521140157563,2573.5372608490825,1116.9304644884728,2573.963906004636,1088.9337151430354,2510.971219977402,1087.9737635430397,2510.5445748218485,1115.970512888477,1
164,5,16.499999999999964,2786.9379938276893,1072.2863408488047,2818.195733673006,1086.8191898386792,2818.6711713247673,1058.8232265753927,2755.6802539823725,1057.7534918589301,2755.2048163306113,1085.7494551222167,1
164,6,16.499999999999964,3169.2013393462794,1078.7780763050314,3200.4590791915966,1093.3109252949043,3200.9345168433565,1065.3149620316178,3137.943599500962,1064.2452273151584,3137.4681618492023,1092.241190578445,1
164,7,16.499999999999964,3326.851592472397,1114.4086685137675,3358.1346129082376,1128.8870189864826,3358.5612580637903,1100.8902696410453,3295.5685720365564,1099.9303180410523,3295.1419268810037,1127.9270673864896,1
164,8,16.499999999999964,380.2232923531885,1172.9585283685267,348.9532961025331,1158.452069997029,348.5014907135964,1186.4484246149168,411.49328860384395,1187.4649867400244,411.94509399278064,1159.4686321221366,1
164,9,16.499999999999964,279.92612502893803,1171.2351441032783,248.56721741842546,1156.9219015120507,248.2881615108791,1184.9205109025268,311.2850326394506,1185.548386694506,311.56408854699697,1157.54977730403,1
164,10,16.499999999999964,109.28141916876461,1169.3729049552853,77.97215903183431,1154.9513852823095,77.5963539589221,1182.9488632142086,140.59067930569492,1183.7944246282611,140.96648437860713,1155.796946696362,1
165,1,16.599999999999966,1809.8455793403737,1157.9084450073838,1778.1908461291544,1144.2619119192132,1778.504259329265,1172.2601577958033,1841.500312551593,1171.5549780955544,1841.1868993514822,1143.5567322189643,1
165,2,16.599999999999966,954.5599607463021,1053.980111951138,986.1376802701438,1067.8039185786042,985.9812581300886,1039.8043555085474,922.9822412224603,1040.1563053236719,923.1386633625156,1068.1558683937287,1
165,3,16.599999999999966,2009.0913993635347,944.6558420155242,2023.7509026232508,913.4573009570328,1995.7570978755982,912.8683223917974,1994.4318961038186,975.8543830740156,2022.4257008514712,976.443361639251,1
165,4,16.599999999999966,2531.9996303187054,1102.2958430264016,2563.282650754546,1116.7741934991168,2563.7092959100987,1088.7774441536794,2500.7166098828648,1087.8174925536864,2500.289964727312,1115.8142418991238,1
165,5,16.599999999999966,2777.2626773608354,1072.1220310982244,2808.520417206152,1086.6548800880987,2808.9958548579134,1058.6589168248124,2746.0049375155186,1057.58918210835,2745.5294998637573,1085.5851453716364,1
165,6,16.599999999999966,3161.6780059933535,1078.6503123160203,3192.935745838671,1093.1831613058932,3193.4111834904306,1065.1871980426067,3130.420266148036,1064.1174633261473,3129.9448284962764,1092.1134265894339,1
165,7,16.599999999999966,3319.5568047410497,1114.2975025420337,3350.83982517689,1128.7758530147503,3351.2664703324435,1100.779103669313,3288.2737843052096,1099.8191520693172,3287.847139149656,1127.8159014147545,1
165,8,16.599999999999966,387.74319845125456,1173.079884671723,356.4732022005985,1158.5734263002266,356.021396811663,1186.5697809181145,419.0131947019106,1187.5863430432194,419.4650000908461,1159.5899884253315,1
165,9,16.599999999999966,290.4908183916921,1171.3404400504155,259.1319107811788,1157.0271974591892,258.85285487363376,1185.0258068496655,321.84972600220533,1185.6536826416418,322.1287819097504,1157.6550732511655,1
165,10,16.599999999999966,119.33047746195052,1169.5077916437845,88.02121732502022,1155.0862719708086,87.645412252108,1183.0837499027077,150.63973759888083,1183.9293113167603,151.01554267179304,1155.9318333848612,1
166,1,16.699999999999967,1809.8455793403737,1157.9084450073838,1778.1908461291544,1144.2619119192132,1778.504259329265,1172.2601577958033,1841.500312551593,1171.5549780955544,1841.1868993514822,1143.5567322189643,1
166,2,16.699999999999967,942.786023959992,1054.0458881343018,974.3637434838338,1067.869694761768,974.2073213437785,1039.870131691711,911.2083044361502,1040.2220815068356,911.3647265762055,1068.2216445768925,1
166,3,16.699999999999967,2009.0913993635347,944.6558420155242,2023.7509026232508,913.4573009570328,1995.7570978755982,912.8683223917974,1994.4318961038186,975.8543830740156,2022.4257008514712,976.443361639251,1
166,4,16.699999999999967,2521.745020224168,1102.1395720370474,2553.028040660008,1116.617922509764,2553.454685815562,1088.6211731643268,2490.461999788328,1087.6612215643308,2490.035354632774,1115.657970909768,1
166,5,16.699999999999967,2767.587360893981,1071.9577213476443,2798.845100739298,1086.4905703375189,2799.320538391059,1058.4946070742321,2736.329621048664,1057.4248723577698,2735.854183396903,1085.4208356210565,1
166,6,16.699999999999967,3154.154421076386,1078.522544054857,3185.4121609217027,1093.0553930447315,3185.887598573464,1065.059429781445,3122.896681231069,1063.9896950649825,3122.421243579308,1091.985658328269,1
166,7,16.699999999999967,3312.2620170097025,1114.1863365703002,3343.5450374455427,1128.6646870430168,3343.9716826010963,1100.6679376975794,3280.9789965738623,1099.7079860975837,3280.5523514183087,1127.704735443021,1
166,8,16.699999999999967,395.26310454932036,1173.2012409749195,363.993108298665,1158.6947826034218,363.5413029097282,1186.6911372213096,426.5331007999757,1187.7076993464173,426.98490618891253,1159.7113447285294,1
166,9,16.699999999999967,301.1655708561443,1171.446832932121,269.80666324563174,1157.1335903408933,269.5276073380854,1185.1321997313694,332.5244784666569,1185.7600755233486,332.80353437420325,1157.7614661328726,1
166,10,16.699999999999967,129.50485201455467,1169.6443604297256,98.19559187762371,1155.2228407567513,97.81978680471278,1183.2203186886502,160.81411215148563,1184.0658801026998,161.18991722439657,1156.068402170801,1
167,1,16.79999999999997,1809.8455793403737,1157.9084450073838,1778.1908461291544,1144.2619119192132,1778.504259329265,1172.2601577958033,1841.500312551593,1171.5549780955544,1841.1868993514822,1143.5567322189643,1
167,2,16.79999999999997,931.012351523435,1054.1116628406512,962.5900710472774,1067.935469468116,962.4336489072208,1039.9359063980592,899.4346319995925,1040.2878562131864,899.5910541396491,1068.2874192832433,1
167,3,16.79999999999997,2009.0913993635347,944.6558420155242,2023.7509026232508,913.4573009570328,1995.7570978755982,912.8683223917974,1994.4318961038186,975.8543830740156,2022.4257008514712,976.443361639251,1
167,4,16.79999999999997,2511.490410129631,1101.9833010476927,2542.7734305654712,1116.4616515204093,2543.200075721025,1088.4649021749722,2480.207389693791,1087.5049505749762,2479.7807445382373,1115.5016999204133,1
167,5,16.79999999999997,2757.9137658872573,1071.7934408315275,2789.171505732574,1086.3262898214018,2789.6469433843354,1058.3303265581153,2726.6560260419405,1057.2605918416532,2726.1805883901793,1085.2565551049397,1
167,6,16.79999999999997,3146.632172310688,1078.3947984847014,3177.889912156005,1092.927647474576,3178.365349807766,1064.9316842112894,3115.3744324653712,1063.8619494948268,3114.89899481361,1091.8579127581133,1
167,7,16.79999999999997,3304.9676154719346,1114.0751764838078,3336.2506359077747,1128.5535269565244,3336.6772810633283,1100.556777611087,3273.6845950360944,1099.5968260110913,3273.2579498805408,1127.5935753565286,1
167,8,16.79999999999997,402.7830106473864,1173.3225972781158,371.513014396731,1158.816138906618,371.0612090077942,1186.812493524506,434.05300689804176,1187.8290556496136,434.50481228697856,1159.8327010317257,1
167,9,16.79999999999997,311.95038242229566,1171.554322748395,280.5914748117831,1157.241080157167,280.3124189042367,1185.2396895476434,343.30929003280824,1185.8675653396228,343.5883459403546,1157.8689559491465,1
167,10,16.79999999999997,139.80454282657593,1169.7826113131084,108.49528268964497,1155.3610916401342,108.11947761673403,1183.358569572033,171.11380296350688,1184.2041309860826,171.48960803641782,1156.2066530541838,1
168,1,16.89999999999997,1809.8455793403737,1157.9084450073838,1778.1908461291544,1144.2619119192132,1778.504259329265,1172.2601577958033,1841.500312551593,1171.5549780955544,1841.1868993514822,1143.5567322189643,1
168,2,16.89999999999997,919.2370306535768,1054.1774467561254,950.8147501774185,1068.0012533835918,950.6583280373633,1040.0016903135347,887.659311129735,1040.353640128659,887.8157332697903,1068.353203198716,1
168,3,16.89999999999997,2009.0913993635347,944.6558420155242,2023.7509026232508,913.4573009570328,1995.7570978755982,912.8683223917974,1994.4318961038186,975.8543830740156,2022.4257008514712,976.443361639251,1
168,4,16.89999999999997,2501.235800035094,1101.8270300583383,2532.5188204709343,1116.3053805310549,2532.945465626488,1088.3086311856175,2469.952779599254,1087.3486795856218,2469.5261344437004,1115.3454289310591,1
168,5,16.89999999999997,2748.2384494204025,1071.6291310809474,2779.4961892657193,1086.1619800708218,2779.9716269174805,1058.1660168075355,2716.9807095750857,1057.0962820910731,2716.5052719233245,1085.0922453543594,1
168,6,16.89999999999997,3139.1085873937204,1078.2670302235379,3170.3663272390377,1092.7998792134108,3170.8417648907975,1064.8039159501243,3107.850847548403,1063.734181233665,3107.3754098966433,1091.7301444969514,1
168,7,16.89999999999997,3297.6728277405873,1113.964010512074,3328.9558481764275,1128.4423609847906,3329.382493331981,1100.4456116393533,3266.389807304747,1099.4856600393575,3265.9631621491935,1127.482409384795,1
168,8,16.89999999999997,410.3029167454524,1173.4439535813121,379.0329204947964,1158.9374952098158,378.5811151058609,1186.9338498277036,441.57291299610847,1187.9504119528085,442.02471838504397,1159.9540573349207,1
168,9,16.89999999999997,322.8452530901452,1171.6629094992372,291.48634547963263,1157.3496669080096,291.20728957208627,1185.3482762984856,354.2041607006578,1185.976152090465,354.48321660820415,1157.9775426999888,1
168,10,16.89999999999997,150.22954989801497,1169.9225442939332,118.920289761084,1155.501024620959,118.54448468817307,1183.4985025528579,181.53881003494593,1184.3440639669075,181.91461510785686,1156.3465860350086,1
169,1,16.99999999999997,1809.8455793403737,1157.9084450073838,1778.1908461291544,1144.2619119192132,1778.504259329265,1172.2601577958033,1841.500312551593,1171.5549780955544,1841.1868993514822,1143.5567322189643,1
169,2,16.99999999999997,907.4617097837181,1054.2432306715993,939.0394293075599,1068.0670372990658,938.8830071675046,1040.0674742290087,875.8839902598763,1040.419424044133,876.0404123999316,1068.41898711419,1
169,3,16.99999999999997,2009.0913993635347,944.6558420155242,2023.7509026232508,913.4573009570328,1995.7570978755982,912.8683223917974,1994.4318961038186,975.8543830740156,2022.4257008514712,976.443361639251,1
169,4,16.99999999999997,2490.981189940557,1101.670759068984,2522.2642103763974,1116.1491095417005,2522.690855531951,1088.152360196263,2459.698169504717,1087.1924085962673,2459.2715243491634,1115.1891579417047,1
169,5,16.99999999999997,2738.563132953548,1071.4648213303672,2769.820872798865,1085.9976703202417,2770.296310450626,1058.0017070569552,2707.3053931082313,1056.9319723404926,2706.82995545647,1084.9279356037791,1
169,6,16.99999999999997,3131.585002476753,1078.1392619623748,3162.8427423220696,1092.6721109522493,3163.318179973831,1064.6761476889628,3100.327262631436,1063.6064129725003,3099.851824979675,1091.6023762357868,1
169,7,16.99999999999997,3290.37804000924,1113.8528445403404,3321.6610604450802,1128.331195013057,3322.087705600634,1100.3344456676195,3259.0950195734,1099.3744940676238,3258.6683744178463,1127.3712434130612,1
169,8,16.99999999999997,417.82185565392206,1173.5652942759953,386.55185940326663,1159.0588359044975,386.10005401432994,1187.0551905223854,449.0918519045775,1188.071752647493,449.5436572935142,1160.0753980296051,1
169,9,16.99999999999997,333.85018285969386,1171.772593184648,302.4912752491813,1157.4593505934204,302.2122193416349,1185.4579599838964,365.20909047020643,1186.0858357758757,365.4881463777528,1158.0872263853996,1
169,10,16.99999999999997,160.78006639729142,1170.0476418577803,129.42115878677885,1155.7343992665526,129.14210287923248,1183.7330086570287,192.138974007804,1184.360884449008,192.41802991535036,1156.3622750585318,1
170,1,17.099999999999973,1809.8455793403737,1157.9084450073838,1778.1908461291544,1144.2619119192132,1778.504259329265,1172.2601577958033,1841.500312551593,1171.5549780955544,1841.1868993514822,1143.5567322189643,1
170,2,17.099999999999973,895.6866813082263,1054.3090129535854,927.2644008320688,1068.1328195810502,927.1079786920121,1040.1332565109933,864.1089617843838,1040.4852063261205,864.2653839244405,1068.4847693961774,1
170,3,17.099999999999973,2009.0913993635347,944.6558420155242,2023.7509026232508,913.4573009570328,1995.7570978755982,912.8683223917974,1994.4318961038186,975.8543830740156,2022.4257008514712,976.443361639251,1
170,4,17.099999999999973,2480.7265798460203,1101.5144880796292,2512.009600281861,1115.9928385523444,2512.4362454374136,1087.996089206907,2449.4435594101797,1087.036137606914,2449.016914254627,1115.0328869523514,1
170,5,17.099999999999973,2728.8878164866937,1071.300511579787,2760.1455563320105,1085.8333605696616,2760.6209939837718,1057.8373973063751,2697.630076641377,1056.7676625899126,2697.1546389896157,1084.763625853199,1
170,6,17.099999999999973,3124.0614175597852,1078.0114937012113,3155.319157405102,1092.5443426910858,3155.7945950568633,1064.5483794277993,3092.8036777144684,1063.4786447113368,3092.328240062707,1091.4746079746233,1
170,7,17.099999999999973,3283.0837638998228,1113.7416863652625,3314.366784335663,1128.220036837979,3314.7934294912166,1100.2232874925417,3251.8007434639826,1099.263335892546,3251.374098308429,1127.2600852379833,1
170,8,17.099999999999973,425.3417617519881,1173.6866505791918,394.071765501332,1159.1801922076954,393.61996011239654,1187.1765468255833,456.6117580026442,1188.1931089506882,457.06356339157963,1160.1967543328003,1
170,9,17.099999999999973,344.96517173094117,1171.8833738046274,313.6062641204286,1157.5701312133997,313.3272082128822,1185.5687406038758,376.32407934145374,1186.196616395855,376.6031352490001,1158.198007005379,1
170,10,17.099999999999973,171.4561374208547,1170.154047881271,140.09722981034213,1155.8408052900434,139.81817390279576,1183.8394146805194,202.81504503136728,1184.4672904724987,203.09410093891364,1156.4686810820226,1
171,1,17.199999999999974,1809.8455793403737,1157.9084450073838,1778.1908461291544,1144.2619119192132,1778.504259329265,1172.2601577958033,1841.500312551593,1171.5549780955544,1841.1868993514822,1143.5567322189643,1
171,2,17.199999999999974,883.9113604383679,1054.3747968690595,915.4890799622096,1068.198603496526,915.3326578221544,1040.1990404264689,852.3336409145261,1040.5509902415931,852.4900630545814,1068.5505533116502,1
171,3,17.199999999999974,2009.0913993635347,944.6558420155242,2023.7509026232508,913.4573009570328,1995.7570978755982,912.8683223917974,1994.4318961038186,975.8543830740156,2022.4257008514712,976.443361639251,1
171,4,17.199999999999974,2470.471969751483,1101.3582170902748,2501.754990187323,1115.8365675629914,2502.1816353428767,1087.839818217554,2439.1889493156427,1086.8798666175583,2438.762304160089,1114.8766159629956,1
171,5,17.199999999999974,2719.2125000198394,1071.136201829207,2750.4702398651566,1085.66905081908,2750.9456775169165,1057.6730875557935,2687.954760174522,1056.603352839334,2687.4793225227622,1084.5993161026206,1
171,6,17.199999999999974,3116.5378326428176,1077.8837254400478,3147.795572488135,1092.4165744299207,3148.2710101398948,1064.4206111666342,3085.2800927975004,1063.3508764501748,3084.8046551457405,1091.3468397134613,1
171,7,17.199999999999974,3275.7889761684755,1113.630520393529,3307.0719966043157,1128.1088708662455,3307.4986417598693,1100.1121215208084,3244.5059557326354,1099.1521699208124,3244.0793105770817,1127.1489192662495,1
171,8,17.199999999999974,432.8616678500541,1173.808006882388,401.5916715993987,1159.3015485108904,401.139866210462,1187.2979031287782,464.13166410070954,1188.3144652538858,464.58346948964623,1160.318110635998,1
171,9,17.199999999999974,356.10581871589693,1171.9944101533147,324.74691110538436,1157.681167562087,324.467855197838,1185.679776952563,387.4647263264095,1186.3076527445423,387.74378223395587,1158.3090433540663,1
171,10,17.199999999999974,182.25752976822582,1170.2617029545006,150.89862215771325,1155.948460363273,150.61956625016688,1183.947069753749,213.6164373787384,1184.5749455457283,213.89549328628476,1156.5763361552522,1
172,1,17.299999999999976,1809.8455793403737,1157.9084450073838,1778.1908461291544,1144.2619119192132,1778.504259329265,1172.2601577958033,1841.500312551593,1171.5549780955544,1841.1868993514822,1143.5567322189643,1
172,2,17.299999999999976,872.1360395685094,1054.4405807845335,903.7137590923519,1068.2643874119983,903.5573369522953,1040.2648243419412,840.558320044667,1040.6167741570687,840.7147421847236,1068.6163372271258,1
172,3,17.299999999999976,2009.0913993635347,944.6558420155242,2023.7509026232508,913.4573009570328,1995.7570978755982,912.8683223917974,1994.4318961038186,975.8543830740156,2022.4257008514712,976.443361639251,1
172,4,17.299999999999976,2460.217359656946,1101.2019461009204,2491.5003800927866,1115.6802965736356,2491.9270252483393,1087.6835472281982,2428.9343392211053,1086.7235956282052,2428.5076940655526,1114.7203449736426,1
172,5,17.299999999999976,2709.537183552985,1070.9718920786268,2740.794923398302,1085.5047410684997,2741.270361050062,1057.5087778052132,2678.2794437076677,1056.4390430887538,2677.804006055908,1084.4350063520403,1
172,6,17.299999999999976,3109.01424772585,1077.7559571788845,3140.271987571167,1092.288806168759,3140.747425222928,1064.2928429054725,3077.7565078805333,1063.22310818901,3077.281070228772,1091.2190714522965,1
172,7,17.299999999999976,3268.4941884371283,1113.5193544217955,3299.7772088729685,1127.997704894512,3300.203854028522,1100.0009555490747,3237.211168001288,1099.041003949079,3236.7845228457345,1127.0377532945163,1
172,8,17.299999999999976,440.38157394812015,1173.9293631855844,409.1115776974647,1159.4229048140867,408.65977230852803,1187.4192594319745,471.6515701987756,1188.4358215570821,472.10337558771226,1160.4394669391943,1
172,9,17.299999999999976,367.2464657008527,1172.105446502002,335.8875580903401,1157.7922039107743,335.60850218279376,1185.7908133012504,398.60537331136527,1186.4186890932297,398.88442921891163,1158.4200797027536,1
172,10,17.299999999999976,193.184243439405,1170.3706070774692,161.82533582889243,1156.0573644862416,161.54627992134607,1184.0559738767176,224.54315104991758,1184.683849668697,224.82220695746395,1156.6852402782208,1
173,1,17.399999999999977,1809.8455793403737,1157.9084450073838,1778.1908461291544,1144.2619119192132,1778.504259329265,1172.2601577958033,1841.500312551593,1171.5549780955544,1841.1868993514822,1143.5567322189643,1
173,2,17.399999999999977,860.360718698651,1054.5063647000075,891.9384382224935,1068.3301713274723,891.7820160824368,1040.3306082574154,828.7829991748085,1040.6825580725426,828.9394213148652,1068.6821211425995,1
173,3,17.399999999999977,2009.0913993635347,944.6558420155242,2023.7509026232508,913.4573009570328,1995.7570978755982,912.8683223917974,1994.4318961038186,975.8543830740156,2022.4257008514712,976.443361639251,1
173,4,17.399999999999977,2449.9630748202544,1101.0456800682014,2481.2460952560946,1115.524030540918,2481.672740411648,1087.5272811954808,2418.6800543844142,1086.5673295954848,2418.2534092288606,1114.564078940922,1
173,5,17.399999999999977,2699.8634877239215,1070.8076098503084,2731.1212275692387,1085.3404588401813,2731.5966652209986,1057.3444955768948,2668.6057478786042,1056.2747608604354,2668.1303102268444,1084.270724123722,1
173,6,17.399999999999977,3101.490662808883,1077.628188917721,3132.7484026542,1092.161037907594,3133.22384030596,1064.1650746443074,3070.2329229635657,1063.095339927848,3069.757485311806,1091.0913031911346,1
173,7,17.399999999999977,3261.199400705781,1113.4081884500617,3292.4824211416217,1127.886538922777,3292.9090662971744,1099.8897895773396,3229.9163802699404,1098.9298379773466,3229.4897351143877,1126.926587322784,1
173,8,17.399999999999977,447.9014800461857,1174.050719488781,416.6314837955303,1159.5442611172832,416.1796784065936,1187.540615735171,479.17147629684115,1188.5571778602787,479.62328168577784,1160.5608232423908,1
173,9,17.399999999999977,378.3871126858087,1172.2164828506893,347.0282050752961,1157.9032402594617,346.74914916774975,1185.9018496499377,409.74602029632126,1186.529725441917,410.0250762038676,1158.531116051441,1
173,10,17.399999999999977,204.23627843439226,1170.4807602501767,172.8773708238797,1156.167517658949,172.59831491633332,1184.166127049425,235.59518604490484,1184.7940028414043,235.8742419524512,1156.7953934509283,1
174,1,17.49999999999998,1809.8455793403737,1157.9084450073838,1778.1908461291544,1144.2619119192132,1778.504259329265,1172.2601577958033,1841.500312551593,1171.5549780955544,1841.1868993514822,1143.5567322189643,1
174,2,17.49999999999998,848.5853978287928,1054.5721486154816,880.1631173526353,1068.3959552429465,880.0066952125786,1040.3963921728896,817.0076783049503,1040.7483419880168,817.164100445007,1068.7479050580737,1
174,3,17.49999999999998,2009.0913993635347,944.6558420155242,2023.7509026232508,913.4573009570328,1995.7570978755982,912.8683223917974,1994.4318961038186,975.8543830740156,2022.4257008514712,976.443361639251,1
174,4,17.49999999999998,2439.7084647257175,1100.889409078847,2470.991485161558,1115.3677595515621,2471.418130317111,1087.3710102061248,2408.425444289877,1086.4110586061317,2407.998799134324,1114.407807951569,1
174,5,17.49999999999998,2690.188171257067,1070.643300099728,2721.445911102384,1085.1761490896026,2721.921348754145,1057.1801858263161,2658.9304314117503,1056.1104511098536,2658.454993759989,1084.10641437314,1
174,6,17.49999999999998,3093.967077891915,1077.5004206565577,3125.2248177372317,1092.0332696464322,3125.700255388993,1064.0373063831457,3062.709338046598,1062.9675716666832,3062.233900394837,1090.9635349299697,1
174,7,17.49999999999998,3253.904612974434,1113.2970224783282,3285.187633410274,1127.7753729510448,3285.6142785658276,1099.7786236056074,3222.6215925385936,1098.8186720056117,3222.19494738304,1126.815421351049,1
174,8,17.49999999999998,455.42138614425176,1174.1720757919775,424.15138989359565,1159.665617420481,423.6995845046602,1187.661972038369,486.69138239490786,1188.6785341634738,487.1431877838433,1160.682179545586,1
174,9,17.49999999999998,389.5277596707642,1172.3275191993764,358.16885206025165,1158.0142766081487,357.8897961527053,1186.0128859986248,420.8866672812768,1186.640761790604,421.16572318882316,1158.642152400128,1
174,10,17.49999999999998,215.41363475318758,1170.5921624726232,184.054727142675,1156.2789198813955,183.77567123512864,1184.2775292718716,246.77254236370015,1184.9054050638508,247.05159827124652,1156.9067956733747,1
174,11,17.49999999999998,1989.916136111445,18.568115341295027,2004.4919737662551,0.0,1976.4966910732728,0.0,1975.3402984566349,49.80583223386931,2003.3355811496172,50.319784507930635,1
175,1,17.59999999999998,1809.8455793403737,1157.9084450073838,1778.1908461291544,1144.2619119192132,1778.504259329265,1172.2601577958033,1841.500312551593,1171.5549780955544,1841.1868993514822,1143.5567322189643,1
175,2,17.59999999999998,836.8104496948067,1054.6379304486322,868.3881692186492,1068.461737076097,868.2317470785925,1040.4621740060402,805.2327301709643,1040.8141238211674,805.3891523110209,1068.8136868912243,1
175,3,17.59999999999998,2009.0913993635347,944.6558420155242,2023.7509026232508,913.4573009570328,1995.7570978755982,912.8683223917974,1994.4318961038186,975.8543830740156,2022.4257008514712,976.443361639251,1
175,4,17.59999999999998,2429.4538546311805,1100.7331380894925,2460.7368750670207,1115.211488562209,2461.1635202225743,1087.214739216772,2398.1708341953404,1086.254787616776,2397.7441890397868,1114.251536962213,1
175,5,17.59999999999998,2680.5145348028896,1070.4790188797356,2711.7722746482063,1085.0118678696101,2712.2477122999676,1057.0159046063236,2649.2567949575728,1055.946169889861,2648.7813573058115,1083.9421331531476,1
175,6,17.59999999999998,3086.4434929749473,1077.3726523953942,3117.701232820264,1091.9055013852685,3118.1766704720253,1063.9095381219822,3055.1857531296305,1062.83980340552,3054.7103154778692,1090.8357666688062,1
175,7,17.59999999999998,3246.6103101353656,1113.1858638959147,3277.893330571206,1127.66421436863,3278.319975726759,1099.6674650231926,3215.327289699525,1098.7075134231995,3214.9006445439722,1126.704262768637,1
175,8,17.59999999999998,462.9412922423178,1174.2934320951736,431.67129599166236,1159.7869737236758,431.21949060272567,1187.7833283415637,494.2112884929732,1188.7998904666713,494.6630938819099,1160.8035358487834,1
175,9,17.59999999999998,400.6684066557202,1172.4385555480635,369.30949904520764,1158.1253129568358,369.0304431376613,1186.123922347312,432.0273142662328,1186.7517981392912,432.30637017377916,1158.753188748815,1
175,10,17.59999999999998,226.7163123957905,1170.7048137448087,195.35740478527794,1156.391571153581,195.07834887773157,1184.390180544057,258.0752200063031,1185.0180563360364,258.35427591384945,1157.0194469455603,1
175,11,17.59999999999998,1989.830552420416,23.229909334982665,2004.4063900752262,0.0,1976.411107382244,0.0,1975.254714765606,54.46762622755695,2003.2499974585883,54.98157850161827,1
176,1,17.69999999999998,1809.8455793403737,1157.9084450073838,1778.1908461291544,1144.2619119192132,1778.504259329265,1172.2601577958033,1841.500312551593,1171.5549780955544,1841.1868993514822,1143.5567322189643,1
176,2,17.69999999999998,825.0351288249485,1054.7037143641064,856.6128483487903,1068.5275209915728,856.456426208735,1040.5279579215157,793.4574093011067,1040.87990773664,793.613831441162,1068.879470806697,1
176,3,17.69999999999998,2009.0913993635347,944.6558420155242,2023.7509026232508,913.4573009570328,1995.7570978755982,912.8683223917974,1994.4318961038186,975.8543830740156,2022.4257008514712,976.443361639251,1
176,4,17.69999999999998,2419.1992445366436,1100.5768671001379,2450.4822649724842,1115.055217572853,2450.908910128037,1087.0584682274157,2387.916224100803,1086.0985166274227,2387.4895789452503,1114.09526597286,1
176,5,17.69999999999998,2670.839218336035,1070.3147091291553,2702.0969581813524,1084.8475581190282,2702.5723958331123,1056.8515948557417,2639.581478490718,1055.7818601392823,2639.106040838958,1083.7778234025689,1
176,6,17.69999999999998,3078.91990805798,1077.2448841342307,3110.177647903298,1091.7777331241036,3110.6530855550573,1063.7817698608171,3047.6621682126624,1062.7120351443577,3047.186730560903,1090.7079984076443,1
176,7,17.69999999999998,3239.3155224040183,1113.074697924181,3270.5985428398585,1127.5530483968976,3271.025187995412,1099.5562990514602,3208.032501968178,1098.5963474514645,3207.6058568126246,1126.5930967969018,1
176,8,17.69999999999998,470.4611983403836,1174.41478839837,439.19120208972816,1159.9083300268724,438.7393967007915,1187.9046846447602,501.731194591039,1188.9212467698678,502.1829999799757,1160.92489215198,1
176,9,17.69999999999998,411.809053640676,1172.5495918967508,380.4501460301634,1158.2363493055232,380.17109012261704,1186.2349586959992,443.16796125118856,1186.8628344879785,443.4470171587349,1158.8642250975024,1
176,10,17.69999999999998,238.14431136220196,1170.8187140667328,206.7854037516894,1156.5054714755051,206.50634784414302,1184.5040808659812,269.50321897271454,1185.1319566579605,269.7822748802609,1157.1333472674844,1
176,11,17.69999999999998,1989.7432489269136,27.985381981063085,2004.3190865817235,0.0,1976.3238038887414,0.0,1975.1674112721037,59.223098873637454,2003.1626939650857,59.737051147698615,1
177,1,17.799999999999983,1809.8455793403737,1157.9084450073838,1778.1908461291544,1144.2619119192132,1778.504259329265,1172.2601577958033,1841.500312551593,1171.5549780955544,1841.1868993514822,1143.5567322189643,1
177,2,17.799999999999983,813.2598079550903,1054.7694982795806,844.8375274789328,1068.5933049070454,844.6811053388761,1040.5937418369886,781.6820884312478,1040.9456916521158,781.8385105713045,1068.9452547221726,1
177,3,17.799999999999983,2009.0913993635347,944.6558420155242,2023.7509026232508,913.4573009570328,1995.7570978755982,912.8683223917974,1994.4318961038186,975.8543830740156,2022.4257008514712,976.443361639251,1
177,4,17.799999999999983,2408.9446344421067,1100.4205961107837,2440.227654877947,1114.8989465835002,2440.6543000335005,1086.9021972380629,2377.6616140062665,1085.942245638067,2377.234968850713,1113.9389949835045,1
177,5,17.799999999999983,2661.1640499861346,1070.1504018939513,2692.421789831452,1084.6832508838243,2692.8972274832117,1056.6872876205377,2629.9063101408174,1055.6175529040784,2629.4308724890575,1083.6135161673649,1
177,6,17.799999999999983,3071.3963231410125,1077.1171158730676,3102.6540629863293,1091.6499648629422,3103.1295006380906,1063.6540015996557,3040.1385832956958,1062.584266883193,3039.6631456439345,1090.5802301464796,1
177,7,17.799999999999983,3232.020734672671,1112.9635319524473,3263.3037551085117,1127.4418824251625,3263.7304002640644,1099.445133079725,3200.7377142368305,1098.485181479732,3200.3110690812778,1126.4819308251695,1
177,8,17.799999999999983,477.9811044384496,1174.5361447015666,446.7111081877935,1160.0296863300703,446.2593027988581,1188.026040947958,509.2511006891057,1189.042603073063,509.70290607804117,1161.0462484551751,1
177,9,17.799999999999983,422.949700625632,1172.6606282454381,391.5907930151194,1158.3473856542105,391.31173710757304,1186.3459950446866,454.30860823614455,1186.9738708366658,454.5876641436909,1158.9752614461897,1
177,10,17.799999999999983,249.69763165242125,1170.9338634383962,218.33872404190868,1156.6206208471685,218.0596681343623,1184.6192302376446,281.0565392629338,1185.2471060296239,281.3355951704802,1157.2484966391478,1
177,11,17.799999999999983,1989.6542256309372,32.83453327953606,2004.2300632857473,1.5968163869617769,1976.234780592765,1.0828641129004524,1975.078387976127,64.07225017211034,2003.0736706691093,64.58620244617167,1
178,1,17.899999999999984,1809.8455793403737,1157.9084450073838,1778.1908461291544,1144.2619119192132,1778.504259329265,1172.2601577958033,1841.500312551593,1171.5549780955544,1841.1868993514822,1143.5567322189643,1
178,2,17.899999999999984,801.4844870852316,1054.8352821950546,833.0622066090741,1068.6590888225194,832.9057844690175,1040.6595257524623,769.9067675613892,1041.0114755675897,770.0631897014458,1069.0110386376468,1
178,3,17.899999999999984,2009.0913993635347,944.6558420155242,2023.7509026232508,913.4573009570328,1995.7570978755982,912.8683223917974,1994.4318961038186,975.8543830740156,2022.4257008514712,976.443361639251,1
178,4,17.899999999999984,2398.6900243475693,1100.264325121429,2429.97304478341,1114.7426755941442,2430.3996899389626,1086.7459262487068,2367.4070039117287,1085.7859746487138,2366.980358756176,1113.7827239941512,1
178,5,17.899999999999984,2651.4887335192802,1069.986092143371,2682.746473364597,1084.5189411332453,2683.2219110163583,1056.522977869959,2620.2309936739634,1055.4532431534967,2619.755556022202,1083.449206416783,1
178,6,17.899999999999984,3063.872979573355,1076.989351710586,3095.130719418672,1091.5222007004604,3095.6061570704333,1063.5262374371741,3032.6152397280384,1062.4565027207118,3032.139802076277,1090.452465983998,1
178,7,17.899999999999984,3224.725946941324,1112.8523659807138,3256.008967377164,1127.3307164534303,3256.4356125327176,1099.3339671079932,3193.4429265054837,1098.3740155079972,3193.01628134993,1126.3707648534344,1
178,8,17.899999999999984,485.50101053651565,1174.6575010047627,454.2310142858602,1160.151042633265,453.77920889692354,1188.1473972511528,516.771006787171,1189.1639593762604,517.2228121761078,1161.1676047583726,1
178,9,17.899999999999984,434.09034761058797,1172.7716645941255,402.7314400000754,1158.4584220028978,402.45238409252903,1186.4570313933739,465.44925522110054,1187.0849071853531,465.7283111286469,1159.086297794877,1
178,10,17.899999999999984,261.37627326644815,1171.0502618597984,230.01736565593558,1156.7370192685707,229.7383097483892,1184.7356286590468,292.7351808769607,1185.363504451026,293.0142367845071,1157.36489506055,1
178,11,17.899999999999984,1989.5634825324873,37.77736323040182,2004.1393201872975,6.539646337827534,1976.1440374943152,6.02569406376621,1974.9876448776772,69.0150801229761,2002.9829275706595,69.52903239703743,1
179,1,17.999999999999986,1809.8455793403737,1157.9084450073838,1778.1908461291544,1144.2619119192132,1778.504259329265,1172.2601577958033,1841.500312551593,1171.5549780955544,1841.1868993514822,1143.5567322189643,1
179,2,17.999999999999986,789.7091662153734,1054.9010661105285,821.2868857392159,1068.7248727379933,821.1304635991593,1040.7253096679365,758.131446691531,1041.0772594830637,758.2878688315876,1069.0768225531206,1
179,3,17.999999999999986,2009.0913993635347,944.6558420155242,2023.7509026232508,913.4573009570328,1995.7570978755982,912.8683223917974,1994.4318961038186,975.8543830740156,2022.4257008514712,976.443361639251,1
179,4,17.999999999999986,2388.4354142530324,1100.1080541320746,2419.7184346888725,1114.5864046047911,2420.145079844426,1086.589655259354,2357.152393817192,1085.629703659358,2356.7257486616386,1113.6264530047952,1
179,5,17.999999999999986,2641.8138472769615,1069.8217896990209,2673.0715871222783,1084.3546386888954,2673.5470247740395,1056.358675425609,2610.5561074316447,1055.2889407091463,2610.0806697798835,1083.2849039724329,1
179,6,17.999999999999986,3056.3493946563876,1076.8615834494226,3087.607134501705,1091.3944324392955,3088.0825721534648,1063.398469176009,3025.0916548110704,1062.3287344595497,3024.6162171593105,1090.3246977228362,1
179,7,17.999999999999986,3217.4317396005144,1112.7412088536073,3248.714760036355,1127.2195593263225,3249.141405191908,1099.2228099808851,3186.148719164674,1098.262858380892,3185.722074009121,1126.2596077263295,1
179,8,17.999999999999986,493.0209166345817,1174.7788573079592,461.75092038392626,1160.2723989364615,461.29911499498957,1188.2687535543494,524.290912885237,1189.285315679457,524.7427182741739,1161.2889610615691,1
179,9,17.999999999999986,445.2309945955435,1172.8827009428128,413.87208698503093,1158.5694583515851,413.59303107748457,1186.5680677420612,476.5899022060561,1187.1959435340405,476.86895811360245,1159.1973341435644,1
179,10,17.999999999999986,273.1802362042831,1171.1679093309397,241.82132859377055,1156.854666739712,241.54227268622418,1184.853276130188,304.5391438147957,1185.4811519221673,304.81819972234206,1157.4825425316913,1
179,11,17.999999999999986,1989.4710196315634,42.813871833660244,2004.0468572863733,11.576154941085875,1976.0515745933913,11.062202667024714,1974.8951819767535,74.05158872623461,2002.8904646697356,74.56554100029578,1
180,1,18.099999999999987,1809.8455793403737,1157.9084450073838,1778.1908461291544,1144.2619119192132,1778.504259329265,1172.2601577958033,1841.500312551593,1171.5549780955544,1841.1868993514822,1143.5567322189643,1
180,2,18.099999999999987,777.933845345515,1054.9668500260027,809.5115648693568,1068.7906566534691,809.3551427293015,1040.791093583412,746.3561258216732,1041.1430433985363,746.5125479617285,1069.1426064685934,1
180,3,18.099999999999987,2009.0913993635347,944.6558420155242,2023.7509026232508,913.4573009570328,1995.7570978755982,912.8683223917974,1994.4318961038186,975.8543830740156,2022.4257008514712,976.443361639251,1
180,4,18.099999999999987,2378.180804158495,1099.9517831427202,2409.463824594335,1114.4301336154367,2409.890469749889,1086.4333842699996,2346.897783722655,1085.4734326700036,2346.471138567101,1113.4701820154407,1
180,5,18.099999999999987,2632.138530810107,1069.6574799484406,2663.3962706554244,1084.1903289383135,2663.8717083071842,1056.194365675027,2600.88079096479,1055.1246309585676,2600.40535331303,1083.1205942218542,1
180,6,18.099999999999987,3048.82580973942,1076.7338151882593,3080.083549584737,1091.2666641781339,3080.558987236498,1063.270700914847,3017.5680698941032,1062.2009661983848,3017.092632242342,1090.1969294616715,1
180,7,18.099999999999987,3210.136951869167,1112.6300428818738,3241.4199723050074,1127.1083933545904,3241.846617460561,1099.111644009153,3178.853931433327,1098.1516924091572,3178.4272862777734,1126.1484417545946,1
180,8,18.099999999999987,500.5408227326477,1174.9002136111558,469.2708264819923,1160.393755239658,468.8190210930556,1188.390109857546,531.8108189833031,1189.4066719826535,532.2626243722399,1161.4103173647657,1
180,9,18.099999999999987,456.3716415804995,1172.9937372915,425.18575850351596,1158.3073253161838,424.5726306297088,1186.30061155075,487.55752465748304,1187.6801492668164,488.1706525312902,1159.6868630322501,1
180,10,18.099999999999987,285.1095204659266,1171.2868058518197,253.75061285541403,1156.973563260592,253.47155694786767,1184.9721726510681,316.4684280764392,1185.6000484430474,316.74748398398555,1157.6014390525713,1
180,11,18.099999999999987,1989.376839396204,47.9439246538264,2003.952677051014,16.70620776125203,1975.957394358032,16.19225548719087,1974.8010017413942,79.18164154640077,2002.7962844343763,79.69559382046194,1
181,1,18.19999999999999,1809.8455793403737,1157.9084450073838,1778.1908461291544,1144.2619119192132,1778.504259329265,1172.2601577958033,1841.500312551593,1171.5549780955544,1841.1868993514822,1143.5567322189643,1
181,2,18.19999999999999,766.2326293764622,1055.928082629075,799.5567942992966,1064.7456804990018,795.1082764550081,1037.1013196094993,732.9084644536279,1047.1104847591484,737.3569822979164,1074.7548456486509,1
181,3,18.19999999999999,2009.0913993635347,944.6558420155242,2023.7509026232508,913.4573009570328,1995.7570978755982,912.8683223917974,1994.4318961038186,975.8543830740156,2022.4257008514712,976.443361639251,1
181,4,18.19999999999999,2367.926194063958,1099.7955121533655,2399.2092144997987,1114.2738626260807,2399.6358596553514,1086.2771132806433,2336.6431736281174,1085.3171616806503,2336.2165284725647,1113.3139110260877,1
181,5,18.19999999999999,2622.463214343253,1069.4931701978605,2653.7209541885704,1084.0260191877335,2654.1963918403303,1056.030055924447,2591.205474497936,1054.9603212079876,2590.730036846176,1082.956284471274,1
181,6,18.19999999999999,3041.3022248224524,1076.6060469270958,3072.5599646677697,1091.1388959169687,3073.0354023195296,1063.1429326536822,3010.044484977135,1062.0731979372229,3009.5690473253753,1090.0691612005094,1
181,7,18.19999999999999,3202.84216413782,1112.51887691014,3234.1251845736606,1126.9972273828553,3234.5518297292133,1099.000478037418,3171.5591437019793,1098.040526437425,3171.1324985464266,1126.0372757828623,1
181,8,18.19999999999999,508.06072883071374,1175.021569914352,476.7907325800577,1160.5151115428557,476.3389271911222,1188.5114661607436,539.3307250813698,1189.5280282858484,539.7825304703053,1161.5316736679606,1
181,9,18.19999999999999,467.5085223624517,1173.30024349607,436.42120847352453,1158.4063214078046,435.6215348043551,1186.3948998287042,498.59583625137884,1188.1941655843352,499.39550992054825,1160.2055871634357,1
181,10,18.19999999999999,297.1127559529616,1171.4064394281027,265.75384834244835,1157.0931968368764,265.4747924349033,1185.0918062273527,328.47166356347486,1185.719682019329,328.7507194710199,1157.7210726288527,1
181,11,18.19999999999999,1989.280939358371,53.16765612638528,2003.8567770131808,21.929939233810913,1975.8614943201987,21.415986959749752,1974.705101703561,84.40537301895965,2002.700384396543,84.91932529302082,1
182,1,18.29999999999999,1809.8455793403737,1157.9084450073838,1778.1908461291544,1144.2619119192132,1778.504259329265,1172.2601577958033,1841.500312551593,1171.5549780955544,1841.1868993514822,1143.5567322189643,1
182,2,18.29999999999999,754.6066901108538,1057.7989234304373,787.930855033688,1066.6165213003649,783.4823371894003,1038.9721604108624,721.2825251880197,1048.9813255605097,725.7310430323074,1076.6256864500122,1
182,3,18.29999999999999,2009.0913993635347,944.6558420155242,2023.7509026232508,913.4573009570328,1995.7570978755982,912.8683223917974,1994.4318961038186,975.8543830740156,2022.4257008514712,976.443361639251,1
182,4,18.29999999999999,2357.671583969421,1099.6392411640113,2388.9546044052613,1114.1175916367279,2389.381249560815,1086.1208422912907,2326.388563533581,1085.1608906912948,2325.9619183780273,1113.157640036732,1
182,5,18.29999999999999,2612.787897876399,1069.3288604472805,2644.0456377217156,1083.861709437155,2644.521075373477,1055.8657461738685,2581.530158031082,1054.796011457406,2581.0547203793208,1082.7919747206925,1
182,6,18.29999999999999,3033.7786399054844,1076.4782786659325,3065.036379750801,1091.011127655807,3065.5118174025624,1063.0151643925205,3002.5209000601676,1061.945429676058,3002.0454624084064,1089.9413929393445,1
182,7,18.29999999999999,3195.5473764064727,1112.4077109384066,3226.830396842313,1126.8860614111231,3227.2570419978665,1098.8893120656858,3164.2643559706326,1097.92936046569,3163.837710815079,1125.9261098111274,1
182,8,18.29999999999999,515.5806349287795,1175.1429262175484,484.3106386781242,1160.6364678460507,483.8588332891874,1188.6328224639385,546.8506311794349,1189.6493845890461,547.3024365683717,1161.6530299711583,1
182,9,18.29999999999999,478.64517802450246,1173.618433657843,447.5578641355746,1158.7245115695791,446.7581904664065,1186.7130899904787,509.7324919134303,1188.512355746107,510.5321655825984,1160.5237773252074,1
182,10,18.29999999999999,309.11599143999706,1171.5260730043854,277.7570838294845,1157.2128304131577,277.4780279219381,1185.2114398036338,340.47489905050963,1185.839315595613,340.753954958056,1157.840706205137,1
182,11,18.29999999999999,1989.183319518064,58.48506625133683,2003.759157172874,27.247349358762463,1975.763874479892,26.733397084701302,1974.6074818632542,89.7227831439112,2002.6027645562363,90.23673541797237,1
183,1,18.39999999999999,1809.8455793403737,1157.9084450073838,1778.1908461291544,1144.2619119192132,1778.504259329265,1172.2601577958033,1841.500312551593,1171.5549780955544,1841.1868993514822,1143.5567322189643,1
183,2,18.39999999999999,742.9807508452454,1059.6697642317995,776.3049157680796,1068.487362101727,771.8563979237919,1040.8430012122246,709.6565859224113,1050.852166361872,714.105103766699,1078.4965272513743,1
183,3,18.39999999999999,2009.0913993635347,944.6558420155242,2023.7509026232508,913.4573009570328,1995.7570978755982,912.8683223917974,1994.4318961038186,975.8543830740156,2022.4257008514712,976.443361639251,1
183,4,18.39999999999999,2347.416973874884,1099.4829701746567,2378.699994310725,1113.9613206473718,2379.1266394662775,1085.9645713019345,2316.1339534390436,1085.0046197019415,2315.707308283491,1113.0013690473788,1
183,5,18.39999999999999,2603.1125814095444,1069.1645506967002,2634.370321254861,1083.6973996865747,2634.8457589066225,1055.7014364232882,2571.8548415642276,1054.6317017068257,2571.3794039124664,1082.6276649701122,1
183,6,18.39999999999999,3026.2550549885173,1076.350510404769,3057.512794833834,1090.8833593946433,3057.9882324855953,1062.887396131357,2994.9973151432005,1061.8176614148947,2994.521877491439,1089.813624678181,1
183,7,18.39999999999999,3188.2525886751255,1112.296544966673,3219.535609110966,1126.7748954393883,3219.962254266519,1098.778146093951,3156.969568239285,1097.818194493958,3156.542923083732,1125.8149438393953,1
183,8,18.39999999999999,523.1005410268456,1175.264282520745,491.8305447761902,1160.7578241492472,491.3787393872534,1188.754178767135,554.370537277501,1189.7707408922427,554.8223426664377,1161.7743862743548,1
183,9,18.39999999999999,489.7813638300479,1173.9366103951443,458.69404994112006,1159.0426883068803,457.89437627195196,1187.03126672778,520.8686777189757,1188.8305324834082,521.6683513881438,1160.8419540625086,1
183,10,18.39999999999999,321.11922692703206,1171.645706580668,289.7603193165195,1157.3324639894404,289.4812634089731,1185.3310733799165,352.47813453754463,1185.9589491718957,352.757190445091,1157.9603397814196,1
183,11,18.39999999999999,1989.0839798752834,63.89615502868111,2003.6598175300933,32.65843813610675,1975.6645348371112,32.14448586204556,1974.5081422204735,95.13387192125546,2002.5034249134555,95.64782419531664,1
184,1,18.499999999999993,1809.8455793403737,1157.9084450073838,1778.1908461291544,1144.2619119192132,1778.504259329265,1172.2601577958033,1841.500312551593,1171.5549780955544,1841.1868993514822,1143.5567322189643,1
184,2,18.499999999999993,731.354897451618,1061.540591214682,764.6790623744523,1070.3581890846087,760.2305445301638,1042.7138281951063,698.0307325287836,1052.7229933447554,702.4792503730721,1080.3673542342578,1
184,3,18.499999999999993,2009.0913993635347,944.6558420155242,2023.7509026232508,913.4573009570328,1995.7570978755982,912.8683223917974,1994.4318961038186,975.8543830740156,2022.4257008514712,976.443361639251,1
184,4,18.499999999999993,2337.162363780347,1099.3266991853022,2368.445384216187,1113.8050496580188,2368.8720293717406,1085.8083003125817,2305.8793433445067,1084.8483487125857,2305.452698188953,1112.8450980580228,1
184,5,18.499999999999993,2593.43726494269,1069.0002409461201,2624.695004788007,1083.5330899359947,2625.170442439768,1055.5371266727082,2562.1795250973732,1054.4673919562456,2561.704087445612,1082.463355219532,1
184,6,18.499999999999993,3018.7314700715497,1076.2227421436055,3049.989209916867,1090.7555911334784,3050.464647568627,1062.759627870192,2987.4737302262324,1061.6898931537326,2986.9982925744725,1089.685856417019,1
184,7,18.499999999999993,3180.9578009437782,1112.1853789949394,3212.2408213796184,1126.663729467656,3212.667466535172,1098.6669801222185,3149.674780507938,1097.7070285222228,3149.2481353523845,1125.7037778676602,1
184,8,18.499999999999993,530.6204471249116,1175.3856388239412,499.35045087425624,1160.8791804524435,498.89864548531943,1188.8755350703314,561.890443375567,1189.892097195439,562.3422487645038,1161.8957425775511,1
184,9,18.499999999999993,500.91801949209844,1174.254800556917,469.8307056031706,1159.360878468653,469.0310319340025,1187.3494568895526,532.0053333810263,1189.148722645181,532.8050070501944,1161.1601442242813,1
184,10,18.499999999999993,333.1224624140675,1171.765340156951,301.76355480355494,1157.4520975657233,301.4844988960086,1185.4507069561994,364.4813700245801,1186.0785827481786,364.76042593212645,1158.0799733577026,1
184,11,18.499999999999993,1988.9829463641513,69.39950981152055,2003.5587840189614,38.161792918946276,1975.5635013259791,37.64784064488492,1974.4071087093412,100.63722670409481,2002.4023914023235,101.15117897815617,1
185,1,18.599999999999994,1809.8455793403737,1157.9084450073838,1778.1908461291544,1144.2619119192132,1778.504259329265,1172.2601577958033,1841.500312551593,1171.5549780955544,1841.1868993514822,1143.5567322189643,1
185,2,18.599999999999994,719.7289581860095,1063.4114320160443,753.0531231088437,1072.2290298859718,748.604605264556,1044.5846689964694,686.4047932631754,1054.5938341461167,690.8533111074631,1082.2381950356191,1
185,3,18.599999999999994,2009.0913993635347,944.6558420155242,2023.7509026232508,913.4573009570328,1995.7570978755982,912.8683223917974,1994.4318961038186,975.8543830740156,2022.4257008514712,976.443361639251,1
185,4,18.599999999999994,2326.9077536858103,1099.1704281959478,2358.190774121651,1113.648778668663,2358.6174192772037,1085.6520293232256,2295.6247332499697,1084.6920777232326,2295.198088094417,1112.68882706867,1
185,5,18.599999999999994,2583.7619484758357,1068.83593119554,2615.0196883211524,1083.3687801854146,2615.4951259729137,1055.372816922128,2552.504208630519,1054.3030822056655,2552.0287709787576,1082.299045468952,1
185,6,18.599999999999994,3011.207885154582,1076.0949738824424,3042.465624999899,1090.6278228723168,3042.94106265166,1062.6318596090305,2979.9501453092653,1061.5621248925681,2979.474707657504,1089.5580881558544,1
185,7,18.599999999999994,3173.663013212431,1112.0742130232056,3204.946033648271,1126.5525634959222,3205.372678803825,1098.5558141504848,3142.379992776591,1097.595862550489,3141.953347621037,1125.5926118959264,1
185,8,18.599999999999994,538.1403532229776,1175.5069951271375,506.8703569723216,1161.0005367556412,506.4185515833861,1188.996891373529,569.4103494736337,1190.013453498634,569.8621548625692,1162.017098880746,1
185,9,18.599999999999994,512.0546751541494,1174.57299071869,480.9673612652223,1159.6790686304248,480.1676875960529,1187.6676470513244,543.1419890430766,1189.4669128069554,543.9416627122459,1161.4783343860558,1
185,10,18.599999999999994,345.1256979011025,1171.8849737332334,313.76679029058994,1157.5717311420058,313.4877343830436,1185.5703405324819,376.4846055116151,1186.198216324461,376.76366141916145,1158.199606933985,1
185,11,18.599999999999994,1988.8801930505456,74.99654324675265,2003.4560307053557,43.75882635417838,1975.4607480123734,43.24487408011703,1974.3043553957355,106.23426013932692,2002.2996380887178,106.74821241338827,1
186,1,18.699999999999996,1809.8455793403737,1157.9084450073838,1778.1908461291544,1144.2619119192132,1778.504259329265,1172.2601577958033,1841.500312551593,1171.5549780955544,1841.1868993514822,1143.5567322189643,1
186,2,18.699999999999996,708.1030189204012,1065.2822728174067,741.4271838432353,1074.0998706873343,736.9786659989476,1046.4555097978318,674.778853997567,1056.4646749474791,679.2273718418547,1084.1090358369815,1
186,3,18.699999999999996,2009.0913993635347,944.6558420155242,2023.7509026232508,913.4573009570328,1995.7570978755982,912.8683223917974,1994.4318961038186,975.8543830740156,2022.4257008514712,976.443361639251,1
186,4,18.699999999999996,2316.653143591273,1099.0141572065932,2347.9361640271136,1113.4925076793083,2348.3628091826663,1085.495758333871,2285.3701231554323,1084.535806733878,2284.9434779998796,1112.5325560793153,1
186,5,18.699999999999996,2574.0866320089813,1068.6716214449598,2605.3443718542985,1083.2044704348327,2605.8198095060584,1055.2085071715462,2542.828892163664,1054.1387724550868,2542.353454511904,1082.1347357183733,1
186,6,18.699999999999996,3003.6850513998597,1075.9672183777898,3034.9427912451774,1090.5000673676627,3035.418228896937,1062.5041041043762,2972.427311554542,1061.4343693879168,2971.9518739027826,1089.4303326512033,1
186,7,18.699999999999996,3166.3682254810838,1111.9630470514721,3197.6512459169244,1126.4413975241873,3198.077891072477,1098.44464817875,3135.085205045243,1097.484696578757,3134.6585598896904,1125.4814459241943,1
186,8,18.699999999999996,545.6599874718218,1175.628347043229,514.3899912211664,1161.1218886717313,513.9381858322296,1189.1182432896192,576.9299837224771,1190.1348054147268,577.3817891114139,1162.138450796839,1
186,9,18.699999999999996,523.1913308162002,1174.8911808804628,492.10401692727305,1159.9972587921975,491.30434325810364,1187.985837213097,554.2786447051274,1189.785102968728,555.0783183742967,1161.7965245478285,1
186,10,18.699999999999996,357.12893338813797,1172.0046073095164,325.7700257776254,1157.6913647182887,325.490969870079,1185.6899741087648,388.48784099865054,1186.317849900744,388.7668969061969,1158.319240510268,1
186,11,18.699999999999996,1988.775719934466,80.68725533437737,2003.351557589276,49.449538441803,1975.3562748962938,48.93558616774184,1974.199882279656,111.92497222695174,2002.1951649726382,112.4389245010129,1
187,1,18.799999999999997,1809.8455793403737,1157.9084450073838,1778.1908461291544,1144.2619119192132,1778.504259329265,1172.2601577958033,1841.500312551593,1171.5549780955544,1841.1868993514822,1143.5567322189643,1
187,2,18.799999999999997,696.4770796547928,1067.1531136187689,729.8012445776269,1075.9707114886965,725.3527267333392,1048.326350599194,663.1529147319586,1058.3355157488413,667.6014325762463,1085.9798766383437,1
187,3,18.799999999999997,2009.0913993635347,944.6558420155242,2023.7509026232508,913.4573009570328,1995.7570978755982,912.8683223917974,1994.4318961038186,975.8543830740156,2022.4257008514712,976.443361639251,1
187,4,18.799999999999997,2306.398533496736,1098.8578862172387,2337.681553932576,1113.3362366899553,2338.10819908813,1085.3394873445181,2275.115513060896,1084.3795357445222,2274.6888679053422,1112.3762850899593,1
187,5,18.799999999999997,2564.411315542127,1068.5073116943795,2595.669055387444,1083.0401606842524,2596.144493039204,1055.044197420966,2533.1535756968096,1053.9744627045065,2532.6781380450498,1081.970425967793,1
187,6,18.799999999999997,2996.1614664828917,1075.8394501166265,3027.4192063282085,1090.372299106501,3027.8946439799697,1062.3763358432145,2964.903726637575,1061.306601126752,2964.4282889858137,1089.3025643900385,1
187,7,18.799999999999997,3159.0741989820945,1111.8518926802317,3190.357219417935,1126.3302431529469,3190.783864573488,1098.3334938075095,3127.791178546254,1097.3735422075165,3127.364533390701,1125.3702915529539,1
187,8,18.799999999999997,553.1798935698878,1175.7497033464256,521.9098973192324,1161.2432449749278,521.4580919302956,1189.2395995928157,584.4498898205431,1190.2561617179233,584.90169520948,1162.2598071000355,1
187,9,18.799999999999997,534.3279864782508,1175.209371042236,503.2406725893229,1160.315448953972,502.4409989201548,1188.3040273748716,565.4153003671786,1190.1032931304999,566.2149740363467,1162.1147147096003,1
187,10,18.799999999999997,369.1321688751732,1172.124240885799,337.7732612646606,1157.8109982945714,337.49420535711425,1185.8096076850475,400.49107648568577,1186.4374834770267,400.77013239323213,1158.4388740865506,1
187,11,18.799999999999997,1988.6695270159128,86.47164607439481,2003.2453646707227,55.23392918182044,1975.2500819777406,54.71997690775928,1974.0936893611029,117.70936296696918,2002.088972054085,118.22331524103035,1
188,1,18.9,1809.8455793403737,1157.9084450073838,1778.1908461291544,1144.2619119192132,1778.504259329265,1172.2601577958033,1841.500312551593,1171.5549780955544,1841.1868993514822,1143.5567322189643,1
188,2,18.9,684.849646579456,1068.9988695231536,716.2434960507152,1083.2353092247054,716.4540164159878,1055.236100643465,653.4557971081969,1054.762429821602,653.2452767429243,1082.7616384028422,1
188,3,18.9,2009.0913993635347,944.6558420155242,2023.7509026232508,913.4573009570328,1995.7570978755982,912.8683223917974,1994.4318961038186,975.8543830740156,2022.4257008514712,976.443361639251,1
188,4,18.9,2296.143923402199,1098.7016152278843,2327.4269438380397,1113.1799657005995,2327.8535889935924,1085.1832163551621,2264.8609029663585,1084.223264755169,2264.434257810806,1112.2200141006065,1
188,5,18.9,2554.7359990752725,1068.3430019437997,2585.9937389205897,1082.8758509336726,2586.4691765723496,1054.879887670386,2523.4782592299553,1053.8101529539267,2523.0028215781954,1081.8061162172132,1
188,6,18.9,2988.637881565924,1075.7116818554632,3019.8956214112413,1090.2445308453362,3020.371059063001,1062.2485675820496,2957.380141720607,1061.1788328655903,2956.904704068847,1089.1747961288768,1
188,7,18.9,3151.779411250747,1111.740726708498,3183.0624316865874,1126.2190771812145,3183.489076842141,1098.2223278357772,3120.496390814907,1097.2623762357814,3120.0697456593534,1125.2591255812188,1
188,8,18.9,560.6997996679538,1175.871059649622,529.4298034172984,1161.3646012781244,528.9779980283616,1189.3609558960122,591.9697959186092,1190.3775180211198,592.421601307546,1162.381163403232,1
188,9,18.9,545.4646421403015,1175.5275612040086,514.3773282513737,1160.6336391157447,513.5776545822056,1188.6222175366443,576.5519560292294,1190.4214832922726,577.3516296983975,1162.432904871373,1
188,10,18.9,381.1354043622084,1172.2438744620817,349.77649675169584,1157.930631870854,349.4974408441495,1185.9292412613302,412.494311972721,1186.5571170533094,412.77336788026736,1158.5585076628333,1
188,11,18.9,1988.5616142948859,92.34971546680504,2003.1374519496958,61.11199857423068,1975.1421692567137,60.59804630016949,1973.985776640076,123.58743235937939,2001.981059333058,124.10138463344057,1
189,1,19.0,1809.8455793403737,1157.9084450073838,1778.1908461291544,1144.2619119192132,1778.504259329265,1172.2601577958033,1841.500312551593,1171.5549780955544,1841.1868993514822,1143.5567322189643,1
189,2,19.0,673.074474791194,1068.9103343969264,704.4683242624532,1083.146774098478,704.6788446277258,1055.1475655172378,641.6806253199348,1054.6738946953747,641.4701049546622,1082.673103276615,1
189,3,19.0,2009.0913993635347,944.6558420155242,2023.7509026232508,913.4573009570328,1995.7570978755982,912.8683223917974,1994.4318961038186,975.8543830740156,2022.4257008514712,976.443361639251,1
189,4,19.0,2285.889313307662,1098.5453442385297,2317.1723337435023,1113.0236947112462,2317.598978899056,1085.026945365809,2254.606292871822,1084.066993765813,2254.1796477162684,1112.0637431112502,1
189,5,19.0,2545.060682608418,1068.1786921932194,2576.318422453735,1082.711541183094,2576.793860105496,1054.7155779198074,2513.8029427631013,1053.6458432033448,2513.32750511134,1081.6418064666314,1
189,6,19.0,2981.114296648957,1075.5839135942997,3012.3720364942737,1090.116762584174,3012.847474146035,1062.1207993208875,2949.85655680364,1061.0510646044254,2949.381119151879,1089.047027867712,1
189,7,19.0,3144.4846235194,1111.6295607367642,3175.7676439552406,1126.1079112094794,3176.1942891107933,1098.111161864042,3113.2016030835593,1097.151210264049,3112.7749579280066,1125.1479596094864,1
189,8,19.0,568.2197057660194,1175.9924159528182,536.9497095153633,1161.4859575813218,536.4979041264279,1189.4823121992097,599.4897020166754,1190.4988743243146,599.9415074056109,1162.5025197064267,1
189,9,19.0,556.6012978023521,1175.8457513657816,525.5139839134242,1160.9518292775176,524.7143102442561,1188.9404076984172,587.6886116912799,1190.7396734540455,588.488285360448,1162.751095033146,1
189,10,19.0,393.13863984924365,1172.3635080383647,361.77973223873107,1158.050265447137,361.5006763311847,1186.048874837613,424.4975474597562,1186.6767506295923,424.7766033673026,1158.6781412391163,1
189,11,19.0,1988.4519817713851,98.32146351160787,2003.027819426195,67.08374661903352,1975.032536733213,66.56979434497234,1973.8761441165752,129.55918040418223,2001.8714268095573,130.0731326782434,1
190,1,19.1,1809.8455793403737,1157.9084450073838,1778.1908461291544,1144.2619119192132,1778.504259329265,1172.2601577958033,1841.500312551593,1171.5549780955544,1841.1868993514822,1143.5567322189643,1
190,2,19.1,661.2993030029322,1068.8217992706986,692.6931524741914,1083.0582389722504,692.903672839464,1055.05903039101,629.9054535316731,1054.585359569147,629.6949331664005,1082.5845681503872,1
190,3,19.1,2009.0913993635347,944.6558420155242,2023.7509026232508,913.4573009570328,1995.7570978755982,912.8683223917974,1994.4318961038186,975.8543830740156,2022.4257008514712,976.443361639251,1
190,4,19.1,2275.634703213125,1098.3890732491752,2306.9177236489654,1112.8674237218904,2307.344368804518,1084.870674376453,2244.351682777284,1083.91072277646,2243.9250376217315,1111.9074721218974,1
190,5,19.1,2535.3853661415637,1068.014382442639,2566.6431059868805,1082.5472314325136,2567.1185436386418,1054.5512681692271,2504.127626296247,1053.4815334527646,2503.6521886444857,1081.477496716051,1
190,6,19.1,2973.5907117319894,1075.4561453331362,3004.848451577306,1089.9889943230107,3005.3238892290674,1061.9930310597242,2942.3329718866726,1060.9232963432617,2941.8575342349113,1088.9192596065482,1
190,7,19.1,3137.1898357880527,1111.5183947650307,3168.472856223893,1125.9967452377473,3168.8995013794465,1097.99999589231,3105.9068153522126,1097.0400442923142,3105.480170196659,1125.0367936377515,1
190,8,19.1,575.7396118640854,1176.1137722560147,544.46961561343,1161.607313884517,544.0178102244932,1189.6036685024048,607.0096081147408,1190.6202306275125,607.4614135036776,1162.6238760096246,1
190,9,19.1,567.7379534644028,1176.1639415275545,536.6506395754757,1161.2700194392892,535.8509659063063,1189.2585978601887,598.82526735333,1191.0578636158198,599.6249410224993,1163.0692851949202,1
190,10,19.1,405.1416000882657,1172.4831388713114,373.78269247775313,1158.1698962800838,373.50363657020677,1186.1685056705599,436.5005076987783,1186.796381462539,436.77956360632464,1158.797772072063,1
190,11,19.1,1988.3406294454107,104.38689020880332,2002.9164671002206,73.14917331622895,1974.9211844072386,72.63522104216779,1973.7647917906008,135.6246071013777,2001.760074483583,136.13855937543886,1
191,1,19.200000000000003,1809.8455793403737,1157.9084450073838,1778.1908461291544,1144.2619119192132,1778.504259329265,1172.2601577958033,1841.500312551593,1171.5549780955544,1841.1868993514822,1143.5567322189643,1
191,2,19.200000000000003,649.5241312146702,1068.7332641444711,680.9179806859294,1082.9697038460229,681.128501051202,1054.9704952647826,618.130281743411,1054.4968244429194,617.9197613781384,1082.4960330241597,1
191,3,19.200000000000003,2009.0913993635347,944.6558420155242,2023.7509026232508,913.4573009570328,1995.7570978755982,912.8683223917974,1994.4318961038186,975.8543830740156,2022.4257008514712,976.443361639251,1
191,4,19.200000000000003,2265.380093118588,1098.2328022598208,2296.663113554428,1112.7111527325374,2297.0897587099817,1084.7144033871,2234.0970726827477,1083.7544517871042,2233.670427527194,1111.7512011325416,1
191,5,19.200000000000003,2525.7100496747094,1067.8500726920593,2556.967789520026,1082.3829216819338,2557.4432271717874,1054.3869584186473,2494.4523098293926,1053.3172237021847,2493.9768721776313,1081.3131869654712,1
191,6,19.200000000000003,2966.0671268150218,1075.328377071973,2997.3248666603395,1089.8612260618459,2997.800304312099,1061.8652627985593,2934.809386969704,1060.7955280821,2934.3339493179446,1088.7914913453865,1
191,7,19.200000000000003,3129.8950480567055,1111.4072287932972,3161.1780684925457,1125.8855792660138,3161.6047136480993,1097.8888299205767,3098.6120276208653,1096.9288783205807,3098.1853824653117,1124.9256276660178,1
191,8,19.200000000000003,583.2595179621514,1176.2351285592113,551.9895217114961,1161.7286701877135,551.5377163225593,1189.7250248056014,614.5295142128068,1190.741586930709,614.9813196017436,1162.7452323128211,1
191,9,19.200000000000003,578.8746091264538,1176.4821316893272,547.7872952375267,1161.5882096010619,546.9876215683573,1189.5767880219614,609.961923015381,1191.3760537775925,610.7615966845503,1163.387475356693,1
191,10,19.200000000000003,417.14483557530116,1172.6027724475944,385.7859279647886,1158.2895298563665,385.5068720572422,1186.2881392468428,448.50374318581373,1186.9160150388223,448.7827990933601,1158.917405648346,1
191,11,19.200000000000003,1988.2275573169625,110.54599555839144,2002.8033949717724,79.30827866581707,1974.8081122787903,78.7943263917559,1973.6517196621526,141.78371245096582,2001.6470023551346,142.29766472502698,1
192,1,19.300000000000004,1809.8455793403737,1157.9084450073838,1778.1908461291544,1144.2619119192132,1778.504259329265,1172.2601577958033,1841.500312551593,1171.5549780955544,1841.1868993514822,1143.5567322189643,1
192,2,19.300000000000004,637.7489594264082,1068.6447290182437,669.1428088976674,1082.8811687197954,669.35332926294,1054.881960138555,606.355109955149,1054.408289316692,606.1445895898764,1082.4074978979322,1
192,3,19.300000000000004,2009.0913993635347,944.6558420155242,2023.7509026232508,913.4573009570328,1995.7570978755982,912.8683223917974,1994.4318961038186,975.8543830740156,2022.4257008514712,976.443361639251,1
192,4,19.300000000000004,2255.125483024051,1098.0765312704664,2286.4085034598916,1112.5548817431816,2286.8351486154443,1084.5581323977442,2223.8424625882103,1083.5981807977512,2223.4158174326576,1111.5949301431885,1
192,5,19.300000000000004,2516.034733207855,1067.685762941479,2547.2924730531718,1082.2186119313535,2547.767910704933,1054.222648668067,2484.776993362538,1053.1529139516044,2484.301555710777,1081.148877214891,1
192,6,19.300000000000004,2958.543541898054,1075.2006088108096,2989.801281743371,1089.7334578006842,2990.276719395132,1061.7374945373977,2927.2858020527374,1060.667759820935,2926.810364400976,1088.6637230842216,1
192,7,19.300000000000004,3122.600418879579,1111.2960652377865,3153.8834393154193,1125.774415710503,3154.310084470973,1097.7776663650657,3091.317398443739,1096.81771476507,3090.8907532881854,1124.8144641105073,1
192,8,19.300000000000004,590.7794240602175,1176.3564848624073,559.5094278095621,1161.8500264909096,559.0576224206253,1189.8463811087975,622.0494203108728,1190.862943233905,622.5012256998097,1162.8665886160172,1
192,9,19.300000000000004,578.8746091264538,1176.4821316893272,547.7872952375267,1161.5882096010619,546.9876215683573,1189.5767880219614,609.961923015381,1191.3760537775925,610.7615966845503,1163.387475356693,1
192,10,19.300000000000004,429.14807106233616,1172.722406023877,397.7891634518236,1158.4091634326494,397.5101075442772,1186.4077728231255,460.50697867284873,1187.0356486151047,460.7860345803951,1159.0370392246286,1
192,11,19.300000000000004,1988.1127653860408,116.79877956037228,2002.6886030408507,85.56106266779791,1974.6933203478686,85.04711039373674,1973.536927731231,148.03649645294666,2001.532210424213,148.55044872700782,1
193,1,19.400000000000006,1809.8455793403737,1157.9084450073838,1778.1908461291544,1144.2619119192132,1778.504259329265,1172.2601577958033,1841.500312551593,1171.5549780955544,1841.1868993514822,1143.5567322189643,1
193,2,19.400000000000006,625.9743671062254,1068.556198248919,657.3682165774845,1082.7926379504706,657.5787369427571,1054.7934293692304,594.5805176349662,1054.3197585473672,594.3699972696936,1082.3189671286075,1
193,3,19.400000000000006,2009.0913993635347,944.6558420155242,2023.7509026232508,913.4573009570328,1995.7570978755982,912.8683223917974,1994.4318961038186,975.8543830740156,2022.4257008514712,976.443361639251,1
193,4,19.400000000000006,2244.870872929514,1097.920260281112,2276.1538933653546,1112.3986107538271,2276.5805385209073,1084.4018614083898,2213.5878524936734,1083.4419098083968,2213.1612073381207,1111.4386591538341,1
193,5,19.400000000000006,2506.359726521247,1067.5214584516998,2537.6174663665643,1082.0543074415727,2538.092904018324,1054.0583441782862,2475.1019866759298,1052.9886094618269,2474.62654902417,1080.9845727251134,1
193,6,19.400000000000006,2951.0199569810866,1075.0728405496461,2982.277696826404,1089.605689539519,2982.7531344781637,1061.6097262762325,2919.7622171357693,1060.5399915597732,2919.2867794840095,1088.5359548230597,1
193,7,19.400000000000006,3115.305631148232,1111.184899266053,3146.5886515840725,1125.6632497387682,3147.0152967396252,1097.6665003933308,3084.0226107123913,1096.7065487933378,3083.5959655568386,1124.7032981387752,1
193,8,19.400000000000006,598.2993301582835,1176.4778411656039,567.0293339076275,1161.9713827941075,566.577528518692,1189.9677374119954,629.5693264089396,1190.9842995371002,630.021131797875,1162.9879449192124,1
193,9,19.400000000000006,578.9846287976404,1176.485275108504,547.8973149087126,1161.5913530202401,547.0976412395445,1189.5799314411397,610.0719426865683,1191.379197196768,610.8716163557364,1163.3906187758685,1
193,10,19.400000000000006,441.14990065339884,1172.8420255879078,409.79099304288627,1158.52878299668,409.5119371353399,1186.5273923871562,472.5088082639114,1187.1552681791354,472.7878641714578,1159.1566587886593,1
193,11,19.400000000000006,1987.996253652645,123.1452422147459,2002.5720913074551,91.90752532217164,1974.5768086144728,91.39357304811028,1973.4204159978349,154.38295910732018,2001.4156986908172,154.89691138138153,1
194,1,19.500000000000007,1809.8455793403737,1157.9084450073838,1778.1908461291544,1144.2619119192132,1778.504259329265,1172.2601577958033,1841.500312551593,1171.5549780955544,1841.1868993514822,1143.5567322189643,1
194,2,19.500000000000007,614.1999153080549,1068.4676685361508,645.593764779314,1082.7041082377025,645.8042851445866,1054.7048996564622,582.8060658367957,1054.231228834599,582.5955454715231,1082.2304374158393,1
194,3,19.500000000000007,2009.0913993635347,944.6558420155242,2023.7509026232508,913.4573009570328,1995.7570978755982,912.8683223917974,1994.4318961038186,975.8543830740156,2022.4257008514712,976.443361639251,1
194,4,19.500000000000007,2234.617498349625,1097.7640081198838,2265.9005187854655,1112.242358592599,2266.327163941018,1084.2456092471616,2203.334477913784,1083.2856576471686,2202.9078327582315,1111.282406992606,1
194,5,19.500000000000007,2496.6844100543926,1067.3571487011195,2527.94214989971,1081.8899976909925,2528.4175875514698,1053.894034427706,2465.4266702090754,1052.8242997112466,2464.9512325573155,1080.820262974533,1
194,6,19.500000000000007,2943.496372064119,1074.9450722884828,2974.754111909436,1089.4779212783571,2975.229549561197,1061.4819580150706,2912.238632218802,1060.4122232986085,2911.763194567041,1088.408186561895,1
194,7,19.500000000000007,3108.0108434168847,1111.0737332943193,3139.293863852725,1125.5520837670358,3139.7205090082784,1097.5553344215984,3076.7278229810445,1096.5953828216027,3076.301177825491,1124.59213216704,1
194,8,19.500000000000007,605.8192362563493,1176.5991974688004,574.549240005694,1162.0927390973027,574.0974346167571,1190.0890937151905,637.0892325070047,1191.1056558402981,637.5410378959415,1163.1093012224103,1
194,9,19.500000000000007,579.2046681400141,1176.4915619468575,548.1173542510862,1161.5976398585935,547.3176805819181,1189.586218279493,610.2919820289419,1191.3854840351214,611.09165569811,1163.3969056142219,1
194,10,19.500000000000007,453.15313614043407,1172.9616591641902,421.7942285299215,1158.6484165729626,421.51517262237513,1186.6470259634386,484.51204375094665,1187.2749017554179,484.791099658493,1159.2762923649418,1
194,11,19.500000000000007,1987.8780221167758,129.58538352151203,2002.4538597715857,98.34766662893766,1974.4585770786036,97.83371435487649,1973.302184461966,160.8231004140864,2001.297467154948,161.33705268814757,1
194,12,19.500000000000007,1989.8482344030554,22.266761339457673,2004.4240720578655,0.0,1976.4287893648832,0.0,1975.2723967482452,53.50447823203196,2003.2676794412275,54.01843050609328,1
195,1,19.60000000000001,1809.8455793403737,1157.9084450073838,1778.1908461291544,1144.2619119192132,1778.504259329265,1172.2601577958033,1841.500312551593,1171.5549780955544,1841.1868993514822,1143.5567322189643,1
195,2,19.60000000000001,602.4258031487986,1068.3791413770587,633.8196526200578,1082.6155810786104,634.0301729853304,1054.61637249737,571.0319536775395,1054.142701675507,570.8214333122669,1082.1419102567472,1
195,3,19.60000000000001,2009.0913993635347,944.6558420155242,2023.7509026232508,913.4573009570328,1995.7570978755982,912.8683223917974,1994.4318961038186,975.8543830740156,2022.4257008514712,976.443361639251,1
195,4,19.60000000000001,2224.363726003709,1097.6077498970612,2255.6467464395496,1112.0861003697764,2256.0733915951023,1084.089351024339,2193.0807055678683,1083.129399424346,2192.6540604123156,1111.1261487697834,1
195,5,19.60000000000001,2487.0090935875382,1067.1928389505395,2518.2668334328555,1081.7256879404124,2518.7422710846154,1053.729724677126,2455.751353742221,1052.6599899606665,2455.275916090461,1080.655953223953,1
195,6,19.60000000000001,2935.9727871471514,1074.8173040273193,2967.230526992468,1089.3501530171939,2967.7059646442294,1061.3541897539073,2904.7150473018346,1060.2844550374448,2904.2396096500734,1088.2804183007313,1
195,7,19.60000000000001,3100.7173217892737,1110.9625866168622,3132.0003422251143,1125.4409370895773,3132.426987380667,1097.44418774414,3069.434301353433,1096.484236144147,3069.0076561978804,1124.4809854895843,1
195,8,19.60000000000001,613.3391423544153,1176.7205537719965,582.06914610376,1162.2140954004988,581.6173407148232,1190.2104500183866,644.6091386050707,1191.2270121434942,645.0609439940075,1163.2306575256064,1
195,9,19.60000000000001,579.5347271535745,1176.5009922043878,548.4474132646474,1161.6070701161225,547.647739595478,1189.595648537022,610.6220410425017,1191.394914292653,611.421714711671,1163.4063358717535,1
195,10,19.60000000000001,465.15344947106814,1173.2329556991735,434.0661355821403,1158.3390336109096,433.2664619129722,1186.3276120318092,496.240763359996,1188.1268777874375,497.0404370291641,1160.138299366538,1
195,11,19.60000000000001,1987.7580707784325,136.11920348067093,2002.3339084332426,104.88148658809665,1974.3386257402603,104.36753431403532,1973.1822331236224,167.3569203732452,2001.1775158166047,167.87087264730656,1
195,12,19.60000000000001,1989.6944618613466,30.64284214076821,2004.2702995161567,0.0,1976.2750168231744,0.0,1975.1186242065364,61.88055903334249,2003.1139068995187,62.39451130740382,1
196,1,19.70000000000001,1809.8455793403737,1157.9084450073838,1778.1908461291544,1144.2619119192132,1778.504259329265,1172.2601577958033,1841.500312551593,1171.5549780955544,1841.1868993514822,1143.5567322189643,1
196,2,19.70000000000001,590.6506313605371,1068.290606250831,622.0444808317962,1082.5270459523827,622.2550011970689,1054.5278373711424,559.2567818892779,1054.0541665492792,559.0462615240053,1082.0533751305195,1
196,3,19.70000000000001,2009.0913993635347,944.6558420155242,2023.7509026232508,913.4573009570328,1995.7570978755982,912.8683223917974,1994.4318961038186,975.8543830740156,2022.4257008514712,976.443361639251,1
196,4,19.70000000000001,2214.109115909172,1097.4514789077068,2245.392136345012,1111.9298293804234,2245.818781500566,1083.933080034986,2182.826095473332,1082.9731284349903,2182.3994503177782,1110.9698777804276,1
196,5,19.70000000000001,2477.333777120684,1067.0285291999594,2508.5915169660007,1081.5613781898337,2509.066954617762,1053.5654149265474,2446.076037275367,1052.495680210085,2445.600599623606,1080.4916434733714,1
196,6,19.70000000000001,2928.449202230184,1074.689535766156,2959.706942075501,1089.222384756029,2960.182379727261,1061.2264214927425,2897.1914623848666,1060.156686776283,2896.7160247331067,1088.1526500395696,1
196,7,19.70000000000001,3093.4225340579264,1110.8514206451287,3124.7055544937666,1125.3297711178452,3125.1321996493202,1097.3330217724078,3062.1395136220863,1096.373070172412,3061.7128684665327,1124.3698195178495,1
196,8,19.70000000000001,620.8590484524814,1176.841910075193,589.589052201826,1162.3354517036953,589.1372468128892,1190.3318063215831,652.1290447031367,1191.3483684466908,652.5808500920735,1163.352013828803,1
196,9,19.70000000000001,579.9748058383213,1176.513565881095,548.8874919493935,1161.619643792831,548.0878182802254,1189.6082222137306,611.0621197272492,1191.407487969359,611.8617933964173,1163.4189095484594,1
196,10,19.70000000000001,477.1523845984566,1173.5757824170987,446.06507070952944,1158.6818603288334,445.26539704036,1186.670438749733,508.23969848738375,1188.469704505364,509.03937215655316,1160.4811260844644,1
196,11,19.70000000000001,1987.6370523017745,142.7111510915754,2002.2128899565846,111.47343419900112,1974.2176072636023,110.9594819249398,1973.0612146469643,173.94886798414967,2001.0564973399466,174.46282025821102,1
196,12,19.70000000000001,1989.538702659915,39.127137465802434,2004.114540314725,7.889420573228065,1976.119257621743,7.375468299166904,1974.9628650051052,70.3648543583768,2002.9581476980873,70.87880663243797,1
197,1,19.80000000000001,1809.8455793403737,1157.9084450073838,1778.1908461291544,1144.2619119192132,1778.504259329265,1172.2601577958033,1841.500312551593,1171.5549780955544,1841.1868993514822,1143.5567322189643,1
197,2,19.80000000000001,578.8754595722748,1068.2020711246037,610.2693090435347,1082.438510826154,610.4798294088059,1054.4393022449135,547.481610101015,1053.9656314230533,547.2710897357438,1081.9648400042938,1
197,3,19.80000000000001,2009.0913993635347,944.6558420155242,2023.7509026232508,913.4573009570328,1995.7570978755982,912.8683223917974,1994.4318961038186,975.8543830740156,2022.4257008514712,976.443361639251,1
197,4,19.80000000000001,2203.854505814635,1097.2952079183524,2235.1375262504753,1111.773558391069,2235.564171406029,1083.7768090456318,2172.571485378795,1082.8168574456358,2172.1448402232413,1110.813606791073,1
197,5,19.80000000000001,2467.6584606538295,1066.864219449379,2498.9162004991463,1081.3970684392534,2499.3916381509075,1053.4011051759671,2436.4007208085127,1052.3313704595048,2435.9252831567514,1080.327333722791,1
197,6,19.80000000000001,2920.925617313216,1074.5617675049925,2952.183357158533,1089.094616494867,2952.6587948102942,1061.0986532315806,2889.6678774678994,1060.028918515118,2889.192439816138,1088.0248817784045,1
197,7,19.80000000000001,3086.127746326579,1110.7402546733952,3117.41076676242,1125.2186051461103,3117.8374119179725,1097.221855800673,3054.8447258907386,1096.26190420068,3054.418080735186,1124.2586535461173,1
197,8,19.80000000000001,628.3789545505474,1176.9632663783896,597.1089582998914,1162.4568080068932,596.6571529109559,1190.453162624781,659.6489508012035,1191.469724749886,660.1007561901389,1163.473370131998,1
197,9,19.80000000000001,580.5249041942554,1176.5292829769787,549.4375903053283,1161.6353608887134,548.6379166361589,1189.623939309613,611.6122180831826,1191.423205065244,612.411891752352,1163.4346266443445,1
197,10,19.80000000000001,489.1513197258448,1173.9186091350243,458.064005836917,1159.0246870467604,457.2643321677489,1187.01326546766,520.2386336147727,1188.8125312232883,521.0383072839408,1160.8239528023887,1
197,11,19.80000000000001,1987.5160338251164,149.30309870247987,2002.0918714799266,118.0653818099056,1974.0965887869443,117.55142953584425,1972.9401961703063,180.54081559505414,2000.9354788632886,181.0547678691155,1
197,12,19.80000000000001,1989.3809365137195,47.720752252689465,2003.9567741685296,16.48303536011518,1975.9614914755473,15.969083086053857,1974.8050988589093,78.95846914526375,2002.8003815518916,79.47242141932507,1
198,1,19.900000000000013,1809.8455793403737,1157.9084450073838,1778.1908461291544,1144.2619119192132,1778.504259329265,1172.2601577958033,1841.500312551593,1171.5549780955544,1841.1868993514822,1143.5567322189643,1
198,2,19.900000000000013,567.1002877840128,1068.113535998376,598.494137255272,1082.3499756999277,598.7046576205446,1054.3507671186874,535.7064383127537,1053.8770962968242,535.4959179474811,1081.8763048780645,1
198,3,19.900000000000013,2009.0913993635347,944.6558420155242,2023.7509026232508,913.4573009570328,1995.7570978755982,912.8683223917974,1994.4318961038186,975.8543830740156,2022.4257008514712,976.443361639251,1
198,4,19.900000000000013,2193.5998957200977,1097.1389369289977,2224.8829161559383,1111.617287401713,2225.309561311491,1083.6205380562756,2162.316875284257,1082.6605864562825,2161.8902301287044,1110.65733580172,1
198,5,19.900000000000013,2457.983144186975,1066.699909698799,2489.240884032292,1081.2327586886736,2489.716321684053,1053.236795425387,2426.7254043416583,1052.1670607089245,2426.249966689897,1080.163023972211,1
198,6,19.900000000000013,2913.403137047076,1074.4340180034121,2944.660876892393,1088.9668669932867,2945.136314544154,1060.97090373,2882.1453972017594,1059.9011690135376,2881.669959549998,1087.8971322768243,1
198,7,19.900000000000013,3078.8329585952315,1110.6290887016614,3110.1159790310717,1125.107439174378,3110.5426241866253,1097.1106898289408,3047.5499381593913,1096.1507382289449,3047.1232930038377,1124.147487574382,1
198,8,19.900000000000013,635.8988606486134,1177.0846226815859,604.6288643979581,1162.5781643100881,604.1770590090213,1190.574518927976,667.1688568992688,1191.5910810530836,667.6206622882056,1163.5947264351958,1
198,9,19.900000000000013,581.1850222213761,1176.5481434920393,550.0977083324483,1161.6542214037754,549.2980346632802,1189.642799824675,612.272336110304,1191.4420655803033,613.0720097794721,1163.4534871594037,1
198,10,19.900000000000013,501.15025485323326,1174.2614358529495,470.0629409643061,1159.3675137646842,469.2632672951367,1187.3560921855837,532.2375687421604,1189.1553579412148,533.0372424113298,1161.1667795203152,1
198,11,19.900000000000013,1987.3950153484584,155.8950463133844,2001.9708530032685,124.65732942081013,1973.9755703102862,124.14337714674878,1972.8191776936483,187.13276320595867,2000.8144603866306,187.64671548002002,1
198,12,19.900000000000013,1989.22116342276,56.423686501429415,2003.79700107757,25.18596960885513,1975.8017183845877,24.672017334793807,1974.6453257679498,87.6614033940037,2002.640608460932,88.17535566806502,1
199,1,20.000000000000014,1809.8455793403737,1157.9084450073838,1778.1908461291544,1144.2619119192132,1778.504259329265,1172.2601577958033,1841.500312551593,1171.5549780955544,1841.1868993514822,1143.5567322189643,1
199,2,20.000000000000014,555.3251159957508,1068.0250008721484,586.71896546701,1082.2614405737002,586.9294858322826,1054.2622319924599,523.9312665244917,1053.7885611705967,523.7207461592191,1081.787769751837,1
199,3,20.000000000000014,2009.0913993635347,944.6558420155242,2023.7509026232508,913.4573009570328,1995.7570978755982,912.8683223917974,1994.4318961038186,975.8543830740156,2022.4257008514712,976.443361639251,1
199,4,20.000000000000014,2183.3453601877654,1096.982667075904,2214.6283806236056,1111.4610175486205,2215.055025779159,1083.464268203183,2152.0623397519253,1082.5043166031874,2151.6356945963716,1110.5010659486247,1
199,5,20.000000000000014,2448.3078277201207,1066.535599948219,2479.5655675654375,1081.0684489380935,2480.0410052171987,1053.072485674807,2417.050087874804,1052.0027509583444,2416.5746502230427,1079.998714221631,1
199,6,20.000000000000014,2905.8795521301086,1074.3062497422488,2937.1372919754253,1088.8390987321234,2937.6127296271866,1060.8431354688369,2874.6218122847918,1059.7734007523743,2874.1463746330305,1087.7693640156608,1
199,7,20.000000000000014,3071.5381708638843,1110.5179227299277,3102.8211912997244,1124.9962732026443,3103.247836455278,1096.999523857207,3040.255150428044,1096.0395722572111,3039.8285052724905,1124.0363216026485,1
199,8,20.000000000000014,643.4187667466795,1177.2059789847822,612.1487704960241,1162.6995206132844,611.6969651070873,1190.6958752311723,674.6887629973348,1191.71243735628,675.1405683862716,1163.716082738392,1
199,9,20.000000000000014,581.9551599196834,1176.5701474262767,550.8678460307556,1161.6762253380127,550.0681723615875,1189.6648037589123,613.0424738086112,1191.4640695145406,613.8421474777793,1163.475491093641,1
199,10,20.000000000000014,513.1491899806215,1174.6042625708749,482.06187609169365,1159.710340482611,481.26220242252555,1187.6989189035105,544.2365038695493,1189.4981846591388,545.0361775387174,1161.5096062382393,1
199,11,20.000000000000014,1987.2739968718004,162.4869939242888,2001.8498345266105,131.24927703171454,1973.8545518336282,130.7353247576532,1972.6981592169902,193.72471081686308,2000.6934419099725,194.23866309092443,1
199,12,20.000000000000014,1989.0593833870364,65.23594021202229,2003.6352210418463,33.998223319447916,1975.6399383488642,33.484271045386755,1974.4835457322265,96.47365710459665,2002.4788284252086,96.98760937865782,1
200,1,20.100000000000016,1809.8455793403737,1157.9084450073838,1778.1908461291544,1144.2619119192132,1778.504259329265,1172.2601577958033,1841.500312551593,1171.5549780955544,1841.1868993514822,1143.5567322189643,1
200,2,20.100000000000016,543.5499442074893,1067.936465745921,574.9437936787484,1082.1729054474727,575.154314044021,1054.1736968662324,512.1560947362301,1053.7000260443692,511.94557437095756,1081.6992346256095,1
200,3,20.100000000000016,2009.0913993635347,944.6558420155242,2023.7509026232508,913.4573009570328,1995.7570978755982,912.8683223917974,1994.4318961038186,975.8543830740156,2022.4257008514712,976.443361639251,1
200,4,20.100000000000016,2173.0907500932285,1096.8263960865493,2204.373770529069,1111.3047465592645,2204.800415684622,1083.307997213827,2141.807729657388,1082.348045613834,2141.381084501835,1110.3447949592714,1
200,5,20.100000000000016,2438.632511253267,1066.3712901976387,2469.890251098584,1080.9041391875116,2470.365688750344,1052.9081759242251,2407.3747714079495,1051.8384412077658,2406.8993337561897,1079.8344044710523,1
200,6,20.100000000000016,2898.355967213141,1074.1784814810853,2929.613707058458,1088.7113304709583,2930.089144710218,1060.7153672076718,2867.0982273678237,1059.6456324912124,2866.622789716064,1087.641595754499,1
200,7,20.100000000000016,3064.243383132537,1110.4067567581942,3095.5264035683776,1124.8851072309094,3095.9530487239304,1096.888357885472,3032.9603626966964,1095.928406285479,3032.5337175411437,1123.9251556309164,1
200,8,20.100000000000016,650.9386728447453,1177.3273352879787,619.6686765940899,1162.820876916481,619.2168712051531,1190.8172315343688,682.2086690954006,1191.8337936594764,682.6604744843374,1163.8374390415886,1
200,9,20.100000000000016,582.8353172891775,1176.595294779691,551.7480034002496,1161.7013726914272,550.9483297310817,1189.6899511123268,613.9226311781055,1191.4892168679546,614.7223048472733,1163.500638447055,1
200,10,20.100000000000016,525.1481251080097,1174.9470892888003,494.06081121908187,1160.0531672005363,493.26113754991377,1188.041745621436,556.2354389969375,1189.8410113770642,557.0351126661056,1161.8524329561646,1
200,11,20.100000000000016,1987.1529783951423,169.07894153519334,2001.7288160499522,137.84122464261895,1973.7335333569702,137.3272723685578,1972.5771407403324,200.31665842776772,2000.5724234333145,200.83061070182887,1
200,12,20.100000000000016,1988.8955964065487,74.15751338446796,2003.4714340613587,42.91979649189359,1975.4761513683766,42.40584421783243,1974.3197587517388,105.39523027704233,2002.315041444721,105.9091825511035,1
201,1,20.200000000000017,1809.8455793403737,1157.9084450073838,1778.1908461291544,1144.2619119192132,1778.504259329265,1172.2601577958033,1841.500312551593,1171.5549780955544,1841.1868993514822,1143.5567322189643,1
201,2,20.200000000000017,531.774772419227,1067.8479306196934,563.1686218904862,1082.0843703212452,563.3791422557588,1054.0851617400049,500.38092294796786,1053.6114909181417,500.1704025826953,1081.610699499382,1
201,3,20.200000000000017,2009.0913993635347,944.6558420155242,2023.7509026232508,913.4573009570328,1995.7570978755982,912.8683223917974,1994.4318961038186,975.8543830740156,2022.4257008514712,976.443361639251,1
201,4,20.200000000000017,2162.836139998691,1096.670125097195,2194.1191604345313,1111.1484755699116,2194.545805590085,1083.1517262244745,2131.553119562851,1082.1917746244785,2131.1264744072973,1110.1885239699157,1
201,5,20.200000000000017,2428.9571947864124,1066.2069804470584,2460.2149346317296,1080.7398294369314,2460.6903722834895,1052.7438661736448,2397.699454941095,1051.6741314571855,2397.2240172893353,1079.670094720472,1
201,6,20.200000000000017,2890.8323822961734,1074.0507132199218,2922.09012214149,1088.5835622097964,2922.5655597932514,1060.5875989465098,2859.5746424508566,1059.5178642300473,2859.0992047990953,1087.5138274933338,1
201,7,20.200000000000017,3056.94859540119,1110.2955907864607,3088.23161583703,1124.7739412591773,3088.6582609925836,1096.7771919137401,3025.6655749653496,1095.8172403137442,3025.238929809796,1123.8139896591813,1
201,8,20.200000000000017,658.456826130275,1177.4486633042725,627.1868298796196,1162.9422049327748,626.7350244906828,1190.9385595506626,689.7268223809303,1191.9551216757702,690.1786277698671,1163.9587670578824,1
201,9,20.200000000000017,583.8254943298587,1176.6235855522818,552.7381804409308,1161.729663464018,551.9385067717627,1189.7182418849175,614.9128082187865,1191.5175076405458,615.7124818879546,1163.5289292196462,1
201,10,20.200000000000017,537.146519690237,1175.2899005625782,506.0592058013092,1160.3959784743142,505.2595321321411,1188.3845568952138,568.2338335791649,1190.183822650842,569.033507248333,1162.1952442299425,1
201,11,20.200000000000017,1987.031959918484,175.6708891460978,2001.607797573294,144.43317225352345,1973.612514880312,143.91921997946227,1972.4561222636742,206.90860603867216,2000.4514049566562,207.42255831273334,1
201,12,20.200000000000017,1988.7298276464628,83.1870352573747,2003.305665301273,51.94931836480042,1975.3103826082906,51.435366090739095,1974.1539899916527,114.42475214994899,2002.149272684635,114.93870442401031,1
202,1,20.30000000000002,1809.8455793403737,1157.9084450073838,1778.1908461291544,1144.2619119192132,1778.504259329265,1172.2601577958033,1841.500312551593,1171.5549780955544,1841.1868993514822,1143.5567322189643,1
202,2,20.30000000000002,519.999600630965,1067.759395493466,551.3934501022242,1081.9958351950177,551.6039704674968,1053.9966266137774,488.60575115970585,1053.5229557919142,488.3952307944333,1081.5221643731545,1
202,3,20.30000000000002,2009.0913993635347,944.6558420155242,2023.7509026232508,913.4573009570328,1995.7570978755982,912.8683223917974,1994.4318961038186,975.8543830740156,2022.4257008514712,976.443361639251,1
202,4,20.30000000000002,2152.5822869494223,1096.513865644526,2183.8653073852624,1110.9922161172426,2184.291952540816,1082.9954667718055,2121.299266513582,1082.0355151718095,2120.8726213580285,1110.0322645172466,1
202,5,20.30000000000002,2419.281878319558,1066.0426706964786,2450.539618164875,1080.5755196863531,2451.015055816636,1052.5795564230666,2388.024138474241,1051.509821706604,2387.54870082248,1079.5057849698906,1
202,6,20.30000000000002,2883.3087973792058,1073.9229449587585,2914.566537224523,1088.4557939486315,2915.041974876283,1060.459830685345,2852.0510575338885,1059.3900959688856,2851.5756198821286,1087.386059232172,1
202,7,20.30000000000002,3049.6538076698425,1110.184424814727,3080.936828105683,1124.6627752874422,3081.363473261236,1096.6660259420048,3018.370787234002,1095.7060743420118,3017.944142078449,1123.7028236874492,1
202,8,20.30000000000002,665.9767322283408,1177.570019607469,634.7067359776854,1163.0635612359713,634.2549305887486,1191.0599158538591,697.2467284789961,1192.0764779789668,697.698533867933,1164.080123361079,1
202,9,20.30000000000002,584.9256910417266,1176.6550197440492,553.8383771527995,1161.761097655784,553.0387034836301,1189.7496760766835,616.0130049306538,1191.5489418323145,616.8126785998231,1163.560363411415,1
202,10,20.30000000000002,549.1454548176255,1175.6327272805036,518.0581409286983,1160.7388051922383,517.258467259529,1188.7273836131378,580.2327687065526,1190.5266493687689,581.032442375722,1162.5380709478693,1
202,11,20.30000000000002,1986.910941441826,182.26283675700228,2001.486779096636,151.02511986442792,1973.4914964036539,150.51116759036674,1972.3351037870161,213.50055364957663,2000.3303864799982,214.0145059236378,1
202,12,20.30000000000002,1988.5620519416132,92.3258765921343,2003.137889596423,61.08815969955994,1975.142606903441,60.57420742549878,1973.9862142868033,123.56359348470868,2001.9814969797853,124.07754575876984,1
203,1,20.40000000000002,1809.8455793403737,1157.9084450073838,1778.1908461291544,1144.2619119192132,1778.504259329265,1172.2601577958033,1841.500312551593,1171.5549780955544,1841.1868993514822,1143.5567322189643,1
203,2,20.40000000000002,508.22442884270345,1067.6708603672382,539.6182783139626,1081.90730006879,539.8287986792352,1053.9080914875497,476.8305793714443,1053.4344206656865,476.62005900617174,1081.4336292469268,1
203,3,20.40000000000002,2009.0913993635347,944.6558420155242,2023.7509026232508,913.4573009570328,1995.7570978755982,912.8683223917974,1994.4318961038186,975.8543830740156,2022.4257008514712,976.443361639251,1
203,4,20.40000000000002,2142.3276768548853,1096.3575946551719,2173.6106972907255,1110.8359451278884,2174.037342446279,1082.839195782451,2111.044656419045,1081.8792441824553,2110.6180112634916,1109.8759935278927,1
203,5,20.40000000000002,2409.6065618527036,1065.8783609458983,2440.8643016980204,1080.4112099357726,2441.3397393497817,1052.4152466724863,2378.348822007387,1051.345511956024,2377.8733843556256,1079.3414752193103,1
203,6,20.40000000000002,2875.785212462238,1073.7951766975953,2907.042952307555,1088.3280256874696,2907.518389959316,1060.3320624241833,2844.5274726169214,1059.262327707721,2844.05203496516,1087.2582909710072,1
203,7,20.40000000000002,3042.3590199384953,1110.0732588429933,3073.6420403743355,1124.5516093157098,3074.068685529889,1096.5548599702727,3011.075999502655,1095.5949083702767,3010.6493543471015,1123.5916577157138,1
203,8,20.40000000000002,673.4966383264068,1177.6913759106656,642.2266420757508,1163.1849175391692,641.7748366868153,1191.181272157057,704.7666345770629,1192.197834282162,705.2184399659983,1164.201479664274,1
203,9,20.40000000000002,586.135907424781,1176.6895973549936,555.0485935358538,1161.7956752667283,554.2489198666844,1189.7842536876278,617.2232213137081,1191.5835194432589,618.0228949828775,1163.5949410223593,1
203,10,20.40000000000002,560.9784867571493,1175.9708139073473,529.8911728682215,1161.0768918190834,529.0914991990534,1189.065470239983,592.0658006460772,1190.8647359956112,592.8654743152453,1162.8761575747117,1
203,11,20.40000000000002,1986.789922965168,188.85478436790675,2001.365760619978,157.61706747533236,1973.3704779269958,157.1031152012712,1972.214085310358,220.09250126048113,2000.2093680033402,220.60645353454228,1
203,12,20.40000000000002,1988.3922692919994,101.57403738874689,2002.9681069468093,70.33632049617252,1974.9728242538272,69.82236822211135,1973.8164316371895,132.81175428132127,2001.8117143301715,133.32570655538242,1
204,1,20.50000000000002,1809.8455793403737,1157.9084450073838,1778.1908461291544,1144.2619119192132,1778.504259329265,1172.2601577958033,1841.500312551593,1171.5549780955544,1841.1868993514822,1143.5567322189643,1
204,2,20.50000000000002,496.44925705444143,1067.5823252410107,527.8431065257013,1081.818764942561,528.0536268909725,1053.8195563613208,465.0554075831816,1053.3458855394604,464.84488721791035,1081.3450941207007,1
204,3,20.50000000000002,2009.0913993635347,944.6558420155242,2023.7509026232508,913.4573009570328,1995.7570978755982,912.8683223917974,1994.4318961038186,975.8543830740156,2022.4257008514712,976.443361639251,1
204,4,20.50000000000002,2132.0733651657642,1096.2013282132461,2163.356385601605,1110.6796786859613,2163.7830307571576,1082.682929340524,2100.7903447299236,1081.722977740531,2100.363699574371,1109.7197270859683,1
204,5,20.50000000000002,2399.9326516821493,1065.7140750775543,2431.1903915274665,1080.2469240674272,2431.6658291792264,1052.2509608041407,2368.674911836832,1051.1812260876814,2368.199474185072,1079.1771893509679,1
204,6,20.50000000000002,2868.2616275452706,1073.6674084364317,2899.5193673905874,1088.2002574263063,2899.9948050423486,1060.2042941630198,2837.003887699954,1059.1345594465572,2836.5284500481926,1087.1305227098437,1
204,7,20.50000000000002,3035.064232207148,1109.9620928712598,3066.3472526429887,1124.440443343975,3066.7738977985414,1096.4436939985376,3003.7812117713074,1095.4837423985446,3003.3545666157547,1123.480491743982,1
204,8,20.50000000000002,681.0165444244728,1177.8127322138616,649.7465481738175,1163.306273842364,649.2947427848807,1191.3026284602518,712.2865406751282,1192.3191905853594,712.738346064065,1164.3228359674715,1
204,9,20.50000000000002,587.4561434790221,1176.7273183851148,556.3688295900943,1161.8333962968509,555.5691559209262,1189.8219747177504,618.5434573679499,1191.6212404733787,619.343131037118,1163.6326620524792,1
204,10,20.50000000000002,572.6456155088083,1176.3041604431087,541.5583016198805,1161.4102383548448,540.7586279507124,1189.3988167757443,603.7329293977361,1191.1980825313726,604.5326030669042,1163.209504110473,1
204,11,20.50000000000002,1986.66890448851,195.44673197881121,2001.2447421433199,164.20901508623683,1973.2494594503378,163.69506281217568,1972.0930668337,226.6844488713856,2000.0883495266821,227.19840114544675,1
204,12,20.50000000000002,1988.2204796976214,110.93151764721227,2002.7963173524313,79.6938007546379,1974.8010346594492,79.17984848057674,1973.6446420428115,142.16923453978666,2001.6399247357936,142.6831868138478,1
205,1,20.600000000000023,1809.8455793403737,1157.9084450073838,1778.1908461291544,1144.2619119192132,1778.504259329265,1172.2601577958033,1841.500312551593,1171.5549780955544,1841.1868993514822,1143.5567322189643,1
205,2,20.600000000000023,484.67465188037,1067.4937943750404,516.0685013516292,1081.730234076592,516.2790217169018,1053.7310254953518,453.28080240911083,1053.2573546734886,453.0702820438383,1081.256563254729,1
205,3,20.600000000000023,2009.0913993635347,944.6558420155242,2023.7509026232508,913.4573009570328,1995.7570978755982,912.8683223917974,1994.4318961038186,975.8543830740156,2022.4257008514712,976.443361639251,1
205,4,20.600000000000023,2121.8187550712273,1096.0450572238915,2153.1017755070675,1110.523407696608,2153.528420662621,1082.5266583511707,2090.535734635387,1081.566706751175,2090.1090894798335,1109.5634560966123,1
205,5,20.600000000000023,2390.257335215295,1065.5497653269742,2421.515075060612,1080.0826143168472,2421.990512712372,1052.0866510535607,2358.9995953699777,1051.0169163371013,2358.524157718218,1079.0128796003878,1
205,6,20.600000000000023,2860.738042628303,1073.5396401752682,2891.9957824736202,1088.0724891651412,2892.47122012538,1060.0765259018547,2829.4803027829857,1059.0067911853953,2829.004865131226,1087.0027544486818,1
205,7,20.600000000000023,3027.769444475801,1109.8509268995263,3059.052464911641,1124.3292773722428,3059.4791100671946,1096.3325280268054,2996.4864240399606,1095.3725764268097,2996.059778884407,1123.369325772247,1
205,8,20.600000000000023,688.5364505225386,1177.9340885170582,657.2664542718833,1163.4276301455604,656.8146488829465,1191.4239847634483,719.806446773194,1192.440546888556,720.2582521621308,1164.444192270668,1
205,9,20.600000000000023,588.8863992044501,1176.768182834413,557.7990853155222,1161.874260746149,556.9994116463541,1189.8628391670486,619.9737130933779,1191.662104922677,620.773386762546,1163.6735265017774,1
205,10,20.600000000000023,584.1468410726029,1176.6327668877886,553.0595271836758,1161.7388447995233,552.2598535145064,1189.727423220423,615.2341549615301,1191.526688976054,616.0338286306994,1163.5381105551544,1
205,11,20.600000000000023,1986.547886011852,202.03867958971568,2001.1237236666618,170.8009626971413,1973.1284409736797,170.28701042308015,1971.972048357042,233.27639648229007,1999.967331050024,233.79034875635122,1
205,12,20.600000000000023,1988.0466831584795,120.39831736753052,2002.6225208132894,89.16060047495615,1974.6272381203073,88.64664820089499,1973.4708455036696,151.6360342601049,2001.4661281966517,152.14998653416606,1
206,1,20.700000000000024,1809.8455793403737,1157.9084450073838,1778.1908461291544,1144.2619119192132,1778.504259329265,1172.2601577958033,1841.500312551593,1171.5549780955544,1841.1868993514822,1143.5567322189643,1
206,2,20.700000000000024,472.899480092108,1067.4052592488129,504.29332956336714,1081.6416989503646,504.5038499286397,1053.6424903691243,441.5056306208488,1053.1688195472611,441.2951102555763,1081.1680281285014,1
206,3,20.700000000000024,2009.0913993635347,944.6558420155242,2023.7509026232508,913.4573009570328,1995.7570978755982,912.8683223917974,1994.4318961038186,975.8543830740156,2022.4257008514712,976.443361639251,1
206,4,20.700000000000024,2111.5641449766904,1095.888786234537,2142.8471654125306,1110.3671367072536,2143.273810568084,1082.3703873618165,2080.28112454085,1081.4104357618205,2079.8544793852966,1109.4071851072576,1
206,5,20.700000000000024,2380.5820187484405,1065.3854555763942,2411.839758593758,1079.9183045662671,2412.3151962455177,1051.9223413029806,2349.3242789031233,1050.8526065865212,2348.8488412513634,1078.8485698498077,1
206,6,20.700000000000024,2853.2144577113354,1073.411871914105,2884.472197556652,1087.9447209039795,2884.9476352084134,1059.948757640693,2821.9567178660186,1058.8790229242304,2821.4812802142574,1086.874986187517,1
206,7,20.700000000000024,3020.4746567444536,1109.7397609277925,3051.7576771802937,1124.218111400509,3052.1843223358474,1096.221362055072,2989.1916363086134,1095.261410455076,2988.76499115306,1123.258159800513,1
206,8,20.700000000000024,696.0563566206047,1178.0554448202547,664.7863603699493,1163.548986448757,664.3345549810125,1191.5453410666448,727.32635287126,1192.5619031917524,727.7781582601968,1164.5655485738646,1
206,9,20.700000000000024,590.4266746010651,1176.8121907028876,559.3393607121372,1161.9182686146237,558.5396870429691,1189.9068470355232,621.5139884899929,1191.7061127911516,622.313662159161,1163.717534370252,1
206,10,20.700000000000024,595.4821634485331,1176.9566332413867,564.3948495596053,1162.0627111531228,563.5951758904372,1190.0512895740223,626.569477337461,1191.8505553296507,627.3691510066291,1163.861976908751,1
206,11,20.700000000000024,1986.426895282603,208.62911578291772,2001.002732937413,177.39139889034337,1973.0074502444309,176.87744661628219,1971.8510576277931,239.86683267549208,1999.8463403207752,240.38078494955326,1
206,12,20.700000000000024,1987.8708796745734,129.97443654970175,2002.4467173293835,98.73671965712747,1974.4514346364012,98.22276738306614,1973.2950420197633,161.21215344227602,2001.2903247127456,161.72610571633737,1
207,1,20.800000000000026,1809.8455793403737,1157.9084450073838,1778.1908461291544,1144.2619119192132,1778.504259329265,1172.2601577958033,1841.500312551593,1171.5549780955544,1841.1868993514822,1143.5567322189643,1
207,2,20.800000000000026,461.12430830384596,1067.3167241225854,492.5181577751051,1081.553163824137,492.72867814037767,1053.5539552428968,429.7304588325868,1053.0802844210336,429.51993846731426,1081.079493002274,1
207,3,20.800000000000026,2009.0913993635347,944.6558420155242,2023.7509026232508,913.4573009570328,1995.7570978755982,912.8683223917974,1994.4318961038186,975.8543830740156,2022.4257008514712,976.443361639251,1
207,4,20.800000000000026,2101.309534882153,1095.7325152451826,2132.5925553179936,1110.2108657178978,2133.0192004735463,1082.2141163724605,2070.0265144463124,1081.2541647724674,2069.5998692907597,1109.2509141179048,1
207,5,20.800000000000026,2370.9067022815866,1065.221145825814,2402.1644421269034,1079.7539948156884,2402.6398797786646,1051.758031552402,2339.64896243627,1050.6882968359394,2339.1735247845086,1078.6842600992259,1
207,6,20.800000000000026,2845.690872794368,1073.2841036529417,2876.948612639685,1087.8169526428146,2877.424050291445,1059.820989379528,2814.4331329490506,1058.7512546630687,2813.9576952972907,1086.7472179263552,1
207,7,20.800000000000026,3013.179869013106,1109.6285949560588,3044.4628894489465,1124.106945428774,3044.889534604499,1096.1101960833366,2981.8968485772652,1095.1502444833436,2981.4702034217125,1123.146993828781,1
207,8,20.800000000000026,703.5762627186705,1178.176801123451,672.3062664680144,1163.6703427519546,671.854461079079,1191.6666973698425,734.8462589693265,1192.6832594949474,735.298064358262,1164.6869048770595,1
207,9,20.800000000000026,590.4266746010651,1176.8121907028876,559.3393607121372,1161.9182686146237,558.5396870429691,1189.9068470355232,621.5139884899929,1191.7061127911516,622.313662159161,1163.717534370252,1
207,10,20.800000000000026,606.9427622498135,1177.2840789214233,575.8554483608864,1162.390156833158,575.055774691717,1190.3787352540576,638.0300761387407,1192.1780010096886,638.82974980791,1164.189422588789,1
207,11,20.800000000000026,1986.305876805945,215.2210633938222,2000.881714460755,183.98334650124784,1972.8864317677728,183.46939422718665,1971.730039151135,246.45878028639655,1999.7253218441172,246.97273256045773,1
207,12,20.800000000000026,1987.6930692459036,139.65987519372584,2002.2689069007138,108.42215830115155,1974.2736242077315,107.90820602709023,1973.1172315910935,170.8975920863001,2001.1125142840758,171.41154436036146,1
208,1,20.900000000000027,1809.8455793403737,1157.9084450073838,1778.1908461291544,1144.2619119192132,1778.504259329265,1172.2601577958033,1841.500312551593,1171.5549780955544,1841.1868993514822,1143.5567322189643,1
208,2,20.900000000000027,449.3491365155842,1067.2281889963579,480.74298598684334,1081.4646286979096,480.9535063521159,1053.4654201166693,417.955287044325,1052.9917492948061,417.7447666790525,1080.9909578760464,1
208,3,20.900000000000027,2009.0913993635347,944.6558420155242,2023.7509026232508,913.4573009570328,1995.7570978755982,912.8683223917974,1994.4318961038186,975.8543830740156,2022.4257008514712,976.443361639251,1
208,4,20.900000000000027,2091.054924787616,1095.576244255828,2122.3379452234562,1110.0545947285445,2122.76459037901,1082.0578453831074,2059.771904351776,1081.0978937831114,2059.3452591962223,1109.0946431285486,1
208,5,20.900000000000027,2361.231385814732,1065.0568360752338,2392.489125660049,1079.5896850651084,2392.9645633118103,1051.5937218018219,2329.9736459694154,1050.5239870853593,2329.498208317654,1078.5199503486458,1
208,6,20.900000000000027,2838.1672878774,1073.1563353917782,2869.425027722717,1087.6891843816527,2869.9004653744782,1059.6932211183662,2806.9095480320834,1058.6234864019036,2806.434110380322,1086.6194496651901,1
208,7,20.900000000000027,3005.885081281759,1109.5174289843253,3037.1681017175993,1123.9957794570419,3037.594746873153,1095.9990301116045,2974.602060845919,1095.0390785116087,2974.1754156903653,1123.0358278570461,1
208,8,20.900000000000027,711.0961688167365,1178.2981574266473,679.8261725660811,1163.7916990551496,679.3743671771443,1191.7880536730374,742.3661650673919,1192.804615798145,742.8179704563287,1164.8082611802572,1
208,9,20.900000000000027,590.5366942722519,1176.8153341220643,559.4493803833246,1161.9214120337992,558.6497067141554,1189.9099904546986,621.6240081611792,1191.7092562103294,622.4236818303484,1163.72067778943,1
208,10,20.900000000000027,618.5286374764435,1177.6151039278984,587.4413235875156,1162.7211818396345,586.6416499183475,1190.709760260534,649.6159513653713,1192.5090260161624,650.4156250345394,1164.5204475952628,1
208,11,20.900000000000027,1986.184858329287,221.81301100472666,2000.760695984097,190.5752941121524,1972.7654132911148,190.06134183809104,1971.6090206744768,253.05072789730093,1999.6043033674591,253.56468017136228,1
208,12,20.900000000000027,1987.5132518724695,149.45463329960285,2002.0890895272794,118.21691640702849,1974.0938068342973,117.70296413296731,1972.9374142176596,180.6923501921772,2000.9326969106417,181.20630246623838,1
209,1,21.00000000000003,1809.8455793403737,1157.9084450073838,1778.1908461291544,1144.2619119192132,1778.504259329265,1172.2601577958033,1841.500312551593,1171.5549780955544,1841.1868993514822,1143.5567322189643,1
209,2,21.00000000000003,437.57396472732216,1067.1396538701301,468.9678141985813,1081.3760935716818,469.17833456385387,1053.3768849904416,406.180115256063,1052.9032141685784,405.96959489079046,1080.9024227498187,1
209,3,21.00000000000003,2009.0913993635347,944.6558420155242,2023.7509026232508,913.4573009570328,1995.7570978755982,912.8683223917974,1994.4318961038186,975.8543830740156,2022.4257008514712,976.443361639251,1
209,4,21.00000000000003,2080.800314693079,1095.4199732664736,2112.0833351289198,1109.8983237391888,2112.5099802844725,1081.9015743937514,2049.5172942572385,1080.9416227937584,2049.090649101686,1108.9383721391957,1
209,5,21.00000000000003,2351.5560693478783,1064.8925263246538,2382.813809193195,1079.425375314528,2383.2892468449563,1051.4294120512416,2320.2983295025615,1050.3596773347795,2319.8228918508003,1078.355640598066,1
209,6,21.00000000000003,2830.64379196684,1073.028568642154,2861.9015318121574,1087.5614176320269,2862.3769694639172,1059.5654543687403,2799.386052121523,1058.495719652281,2798.910614469763,1086.4916829155675,1
209,7,21.00000000000003,2998.5902935504114,1109.4062630125916,3029.873313986252,1123.8846134853068,3030.2999591418047,1095.8878641398694,2967.3072731145708,1094.9279125398764,2966.880627959018,1122.9246618853138,1
209,8,21.00000000000003,718.6159039279094,1178.419510970456,687.345907677254,1163.9130525989583,686.8941022883172,1191.9094072168461,749.8859001785647,1192.9259693419538,750.3377055675015,1164.929614724066,1
209,9,21.00000000000003,590.7567336146253,1176.821620960418,559.6694197256982,1161.9276988721526,558.8697460565288,1189.9162772930522,621.8440475035525,1191.7155430486832,622.6437211727218,1163.7269646277837,1
209,10,21.00000000000003,630.2397891284238,1177.9497082608123,599.1524752394967,1163.055786172547,598.3528015703273,1191.0443645934465,661.327103017351,1192.8436303490776,662.1267766865203,1164.855051928178,1
209,11,21.00000000000003,1986.063839852629,228.40495861563113,2000.639677507439,197.16724172305686,1972.6443948144567,196.6532894489955,1971.4880021978188,259.6426755082054,1999.483284890801,260.15662778226675,1
209,12,21.00000000000003,1987.3314275542714,159.3587108673326,2001.9072652090815,128.12099397475833,1973.9119825160992,127.607041700697,1972.7555898994613,190.59642775990687,2000.7508725924436,191.11038003396823,1
210,1,21.10000000000003,1809.8455793403737,1157.9084450073838,1778.1908461291544,1144.2619119192132,1778.504259329265,1172.2601577958033,1841.500312551593,1171.5549780955544,1841.1868993514822,1143.5567322189643,1
210,2,21.10000000000003,425.79879293906015,1067.0511187439026,457.1926424103193,1081.2875584454544,457.40316277559185,1053.288349864214,394.404943467801,1052.814679042351,394.19442310252845,1080.8138876235912,1
210,3,21.10000000000003,2009.0913993635347,944.6558420155242,2023.7509026232508,913.4573009570328,1995.7570978755982,912.8683223917974,1994.4318961038186,975.8543830740156,2022.4257008514712,976.443361639251,1
210,4,21.10000000000003,2070.5457045985418,1095.2637022771191,2101.828725034382,1109.7420527498357,2102.2553701899355,1081.7453034043986,2039.2626841627016,1080.7853518044026,2038.836039007148,1108.7821011498397,1
210,5,21.10000000000003,2341.8807528810244,1064.7282165740735,2373.138492726341,1079.2610655639478,2373.6139303781024,1051.2651023006613,2310.6230130357076,1050.1953675841992,2310.1475753839463,1078.1913308474857,1
210,6,21.10000000000003,2823.1202070498725,1072.9008003809906,2854.3779468951893,1087.4336493708652,2854.8533845469506,1059.4376861075784,2791.8624672045557,1058.367951391116,2791.3870295527945,1086.3639146544028,1
210,7,21.10000000000003,2991.295505819064,1109.295097040858,3022.5785262549043,1123.7734475135746,3023.005171410458,1095.7766981681373,2960.012485383224,1094.8167465681415,2959.5858402276704,1122.813495913579,1
210,8,21.10000000000003,726.1358100259752,1178.5408672736523,694.8658137753198,1164.0344089021546,694.414008386383,1192.0307635200425,757.4058062766305,1193.04732564515,757.8576116655673,1165.0509710272622,1
210,9,21.10000000000003,591.086792628186,1176.8310512179482,559.9994787392582,1161.9371291296843,559.1998050700901,1189.9257075505839,622.1741065171138,1191.7249733062122,622.9737801862819,1163.7363948853126,1
210,10,21.10000000000003,642.0762172057539,1178.2878919201644,610.988903316826,1163.3939698319004,610.189229647658,1191.3825482528,673.1635310946817,1193.1818140084283,673.9632047638498,1165.1932355875288,1
210,11,21.10000000000003,1985.9428213759707,234.99690622653566,2000.5186590307808,203.7591893339614,1972.5233763377985,203.24523705990003,1971.3669837211605,266.2346231191099,1999.3622664141428,266.7485753931713,1
210,12,21.10000000000003,1987.1475962913094,169.37210789691534,2001.7234339461195,138.13439100434107,1973.7281512531372,137.62043873027972,1972.5717586364992,200.6098247894896,2000.5670413294815,201.12377706355096,1
211,1,21.20000000000003,1809.8455793403737,1157.9084450073838,1778.1908461291544,1144.2619119192132,1778.504259329265,1172.2601577958033,1841.500312551593,1171.5549780955544,1841.1868993514822,1143.5567322189643,1
211,2,21.20000000000003,414.02362115079814,1066.9625836176751,445.4174706220573,1081.1990233192269,445.62799098732984,1053.1998147379866,382.629771679539,1052.7261439161234,382.41925131426643,1080.7253524973637,1
211,3,21.20000000000003,2009.0913993635347,944.6558420155242,2023.7509026232508,913.4573009570328,1995.7570978755982,912.8683223917974,1994.4318961038186,975.8543830740156,2022.4257008514712,976.443361639251,1
211,4,21.20000000000003,2060.291094504005,1095.1074312877645,2091.5741149398455,1109.5857817604797,2092.000760095398,1081.5890324150423,2029.0080740681642,1080.6290808150493,2028.5814289126117,1108.6258301604867,1
211,5,21.20000000000003,2332.20543641417,1064.5639068234934,2363.4631762594868,1079.096755813368,2363.938613911248,1051.1007925500815,2300.947696568853,1050.031057833619,2300.472258917092,1078.0270210969054,1
211,6,21.20000000000003,2815.596622132905,1072.7730321198273,2846.854361978222,1087.3058811097003,2847.329799629982,1059.3099178464138,2784.3388822875877,1058.2401831299544,2783.863444635828,1086.236146393241,1
211,7,21.20000000000003,2984.000718087717,1109.1839310691244,3015.283738523557,1123.662281541841,3015.7103836791107,1095.6655321964035,2952.7176976518767,1094.7055805964078,2952.291052496323,1122.7023299418452,1
211,8,21.20000000000003,733.6557161240412,1178.6622235768486,702.3857198733851,1164.1557652053523,701.9339144844497,1192.1521198232401,764.9257123746972,1193.168681948345,765.3775177636327,1165.1723273304572,1
211,9,21.20000000000003,591.526871312933,1176.8436248946552,560.4395574240052,1161.9497028063913,559.6398837548371,1189.9382812272909,622.6141852018609,1191.7375469829192,623.413858871029,1163.7489685620196,1
211,10,21.20000000000003,654.0379217084344,1178.6296549059552,622.9506078195072,1163.73573281769,622.1509341503379,1191.7243112385895,685.1252355973616,1193.5235769942205,685.9249092665309,1165.534998573321,1
211,11,21.20000000000003,1985.8218028993126,241.58885383744007,2000.3976405541227,210.3511369448658,1972.4023578611404,209.83718467080445,1971.2459652445025,272.82657073001434,1999.2412479374848,273.3405230040757,1
211,12,21.20000000000003,1986.9617580835832,179.49482438835093,2001.5375957383933,148.25710749577667,1973.542313045411,147.7431552217153,1972.385920428773,210.7325412809252,2000.3812031217553,211.24649355498656,1
212,1,21.300000000000033,1809.8455793403737,1157.9084450073838,1778.1908461291544,1144.2619119192132,1778.504259329265,1172.2601577958033,1841.500312551593,1171.5549780955544,1841.1868993514822,1143.5567322189643,1
212,2,21.300000000000033,402.24844936253635,1066.8740484914476,433.6422988337955,1081.1104881929994,433.85281919906805,1053.111279611759,370.8545998912772,1052.637608789896,370.64407952600465,1080.6368173711362,1
212,3,21.300000000000033,2009.0913993635347,944.6558420155242,2023.7509026232508,913.4573009570328,1995.7570978755982,912.8683223917974,1994.4318961038186,975.8543830740156,2022.4257008514712,976.443361639251,1
212,4,21.300000000000033,2050.036484409468,1094.9511602984103,2081.319504845308,1109.4295107711268,2081.7461500008617,1081.4327614256897,2018.7534639736277,1080.4728098256937,2018.3268188180741,1108.4695591711309,1
212,5,21.300000000000033,2322.5301199473156,1064.3995970729134,2353.787859792633,1078.9324460627863,2354.2632974443927,1050.9364827994998,2291.2723801019984,1049.8667480830404,2290.7969424502385,1077.862711346327,1
212,6,21.300000000000033,2808.0730372159373,1072.6452638586638,2839.330777061254,1087.1781128485384,2839.8062147130154,1059.1821495852519,2776.8152973706206,1058.1124148687893,2776.3398597188593,1086.1083781320758,1
212,7,21.300000000000033,2976.7059303563697,1109.0727650973909,3007.98895079221,1123.5511155701074,3008.4155959477634,1095.5543662246703,2945.4229099205295,1094.5944146246743,2944.996264764976,1122.5911639701114,1
212,8,21.300000000000033,741.1756222221072,1178.7835798800452,709.9056259714519,1164.2771215085475,709.453820582515,1192.2734761264353,772.4456184727626,1193.290038251543,772.8974238616994,1165.293683633655,1
212,9,21.300000000000033,592.0756835702769,1176.859305244865,560.988369681349,1161.965383156601,560.1886960121809,1189.9539615775006,623.1629974592047,1191.753227333129,623.9626711283728,1163.7646489122294,1
212,10,21.300000000000033,666.0357973762948,1178.9724513536084,634.948483487367,1164.0785292653445,634.1488098181989,1192.067107686244,697.1231112652226,1193.8663734418724,697.9227849343907,1165.8777950209728,1
212,11,21.300000000000033,1985.7007844226546,248.1808014483446,2000.2766220774647,216.94308455577033,1972.2813393844824,216.42913228170897,1971.1249467678444,279.41851834091887,1999.1202294608267,279.9324706149802,1
212,12,21.300000000000033,1986.773912931093,189.7268603416395,2001.349750585903,158.48914344906515,1973.3544678929209,157.97519117500397,1972.1980752762831,220.96457723421386,2000.1933579692652,221.47852950827505,1
213,1,21.400000000000034,1809.8455793403737,1157.9084450073838,1778.1908461291544,1144.2619119192132,1778.504259329265,1172.2601577958033,1841.500312551593,1171.5549780955544,1841.1868993514822,1143.5567322189643,1
213,2,21.400000000000034,390.47327757427433,1066.7855133652201,421.8671270455335,1081.0219530667719,422.07764741080604,1053.0227444855316,359.0794281030152,1052.5490736636684,358.86890773774263,1080.5482822449087,1
213,3,21.400000000000034,2009.0913993635347,944.6558420155242,2023.7509026232508,913.4573009570328,1995.7570978755982,912.8683223917974,1994.4318961038186,975.8543830740156,2022.4257008514712,976.443361639251,1
213,4,21.400000000000034,2039.781874314931,1094.7948893090556,2071.064894750771,1109.2732397817722,2071.4915399063248,1081.2764904363348,2008.4988538790908,1080.316538836339,2008.0722087235372,1108.3132881817764,1
213,5,21.400000000000034,2312.8548034804617,1064.235287322333,2344.112543325779,1078.768136312206,2344.587980977539,1050.7721730489195,2281.5970636351444,1049.7024383324601,2281.1216259833845,1077.6984015957466,1
213,6,21.400000000000034,2800.5494522989698,1072.5174955975003,2831.8071921442865,1087.0503445873749,2832.282629796048,1059.0543813240884,2769.291712453653,1057.9846466076258,2768.8162748018917,1085.9806098709123,1
213,7,21.400000000000034,2969.4111426250224,1108.9615991256571,3000.6941630608626,1123.4399495983737,3001.120808216416,1095.4432002529363,2938.1281221891822,1094.4832486529406,2937.7014770336286,1122.479997998378,1
213,8,21.400000000000034,748.6942530011056,1178.9049156021324,717.4242567504502,1164.3984572306347,716.9724513615134,1192.3948118485225,779.964249251761,1193.4113739736301,780.4160546406978,1165.4150193557423,1
213,9,21.400000000000034,592.7345154988075,1176.8781290142515,561.6472016098803,1161.9842069259862,560.847527940711,1189.9727853468858,623.8218293877346,1191.7720511025168,624.621503056904,1163.7834726816172,1
213,10,21.400000000000034,678.034732503683,1179.3152780715338,646.9474186147552,1164.42135598327,646.1477449455871,1192.4099344041695,709.1220463926109,1194.2092001597978,709.921720061779,1166.2206217388982,1
213,11,21.400000000000034,1985.5797659459965,254.77274905924907,2000.1556036008067,223.5350321666748,1972.1603209078244,223.02107989261344,1971.0039282911864,286.01046595182333,1998.9992109841687,286.5244182258847,1
213,12,21.400000000000034,1986.5840608338387,200.06821575678083,2001.1598984886487,168.83049886420648,1973.1646157956666,168.3165465901453,1972.0082231790288,231.30593264935519,2000.003505872011,231.81988492341637,1
214,1,21.500000000000036,1809.8455793403737,1157.9084450073838,1778.1908461291544,1144.2619119192132,1778.504259329265,1172.2601577958033,1841.500312551593,1171.5549780955544,1841.1868993514822,1143.5567322189643,1
214,2,21.500000000000036,378.6981057860123,1066.6969782389924,410.0919552572715,1080.9334179405441,410.302475622544,1052.9342093593038,347.30425631475316,1052.4605385374407,347.0937359494806,1080.459747118681,1
214,3,21.500000000000036,2009.0913993635347,944.6558420155242,2023.7509026232508,913.4573009570328,1995.7570978755982,912.8683223917974,1994.4318961038186,975.8543830740156,2022.4257008514712,976.443361639251,1
214,4,21.500000000000036,2029.5272642203938,1094.6386183197012,2060.8102846562347,1109.1169687924164,2061.236929811787,1081.120219446979,1998.2442437845532,1080.160267846986,1997.8175986290007,1108.1570171924234,1
214,5,21.500000000000036,2303.1794870136073,1064.0709775717528,2334.4372268589245,1078.6038265616257,2334.9126645106844,1050.6078632983392,2271.92174716829,1049.5381285818798,2271.44630951653,1077.5340918451664,1
214,6,21.500000000000036,2793.025867382002,1072.389727336337,2824.2836072273194,1086.92257632621,2824.7590448790793,1058.9266130629235,2761.768127536685,1057.856878346464,2761.292689884925,1085.8528416097506,1
214,7,21.500000000000036,2962.1163548936747,1108.8504331539234,2993.3993753295154,1123.3287836266386,2993.826020485068,1095.3320342812012,2930.833334457834,1094.3720826812082,2930.4066893022814,1122.3688320266456,1
214,8,21.500000000000036,756.2141590991716,1179.026271905329,724.9441628485163,1164.5198135338312,724.4923574595795,1192.516168151719,787.484155349827,1193.5327302768267,787.9359607387638,1165.5363756589388,1
214,9,21.500000000000036,593.5033670985247,1176.900096202815,562.4160532095968,1162.006174114551,561.6163795404287,1189.9947525354505,624.5906809874525,1191.7940182910788,625.3903546566206,1163.8054398701793,1
214,10,21.500000000000036,690.0323787019365,1179.6580679629124,658.9450648130094,1164.764145874647,658.14539114384,1192.7527242955466,721.1196925908637,1194.5519900511777,721.919366260033,1166.563411630278,1
214,11,21.500000000000036,1985.4587474693385,261.36469667015353,2000.0345851241486,230.12697977757927,1972.0393024311663,229.6130275035179,1970.8829098145284,292.6024135627278,1998.8781925075107,293.11636583678916,1
214,12,21.500000000000036,1986.3922017918205,210.51889063377507,2000.9680394466304,179.2811737412007,1972.9727567536484,178.76722146713954,1971.8163641370106,241.75660752634946,1999.8116468299927,242.2705598004106,1
214,13,21.500000000000036,3816.7479402924932,1121.8742460685667,3840.0,1136.3525965412832,3840.0,1108.355847195846,3785.464919856653,1107.39589559585,3785.0382747010995,1135.3926449412872,1
215,1,21.600000000000037,1809.8455793403737,1157.9084450073838,1778.1908461291544,1144.2619119192132,1778.504259329265,1172.2601577958033,1841.500312551593,1171.5549780955544,1841.1868993514822,1143.5567322189643,1
215,2,21.600000000000037,366.9229339977503,1066.6084431127651,398.31678346900947,1080.8448828143169,398.527303834282,1052.8456742330766,335.52908452649115,1052.3720034112134,335.3185641612186,1080.3712119924537,1
215,3,21.600000000000037,2009.0913993635347,944.6558420155242,2023.7509026232508,913.4573009570328,1995.7570978755982,912.8683223917974,1994.4318961038186,975.8543830740156,2022.4257008514712,976.443361639251,1
215,4,21.600000000000037,2019.272654125857,1094.4823473303468,2050.555674561697,1108.9606978030633,2050.982319717251,1080.9639484576262,1987.9896336900167,1080.0039968576302,1987.562988534463,1108.0007462030674,1
215,5,21.600000000000037,2293.833165571493,1062.1292496034716,2318.6853646746476,1086.016865636411,2328.2177150155826,1059.6894218376356,2268.980966468338,1038.2416335705323,2259.448616127403,1064.5690773693077,1
215,6,21.600000000000037,2785.5022824650346,1072.2619590751738,2816.7600223103514,1086.794808065048,2817.2354599621126,1058.7988448017618,2754.244542619718,1057.7291100852995,2753.7691049679565,1085.7250733485857,1
215,7,21.600000000000037,2954.8215671623275,1108.73926718219,2986.1045875981677,1123.2176176549065,2986.5312327537213,1095.2208683094693,2923.5385467264873,1094.2609167094733,2923.1119015709337,1122.2576660549105,1
215,8,21.600000000000037,763.7340651972374,1179.1476282085252,732.4640689465821,1164.6411698370275,732.0122635576453,1192.6375244549154,795.0040614478928,1193.654086580023,795.4558668368296,1165.6577319621351,1
215,9,21.600000000000037,594.3822383694289,1176.9252068105552,563.2949244805018,1162.03128472229,562.4952508113324,1190.0198631431895,625.4695522583561,1191.8191288988205,626.2692259275254,1163.830550477921,1
215,10,21.600000000000037,702.0296075512488,1179.9897652909262,667.6842422387656,1177.049377297468,676.832115996193,1203.5128692385963,736.374972863732,1182.9301532843845,727.2270991063045,1156.4666613432562,1
215,11,21.600000000000037,1985.3377289926805,267.956644281058,1999.9135666474906,236.71892738848373,1971.9182839545083,236.20497511442238,1970.7618913378703,299.1943611736323,1998.7571740308526,299.7083134476936,1
215,12,21.600000000000037,1986.1983358050384,221.07888497262223,2000.7741734598483,189.84116808004785,1972.7788907668662,189.3272158059867,1971.6224981502285,252.31660186519662,1999.6177808432105,252.83055413925777,1
215,13,21.600000000000037,3808.3812797932114,1121.746745724647,3839.6643002290516,1136.2250961973637,3840.0,1108.2283468519263,3777.0982593573713,1107.2683952519305,3776.6716142018176,1135.265144597368,1
216,1,21.70000000000004,1809.8455793403737,1157.9084450073838,1778.1908461291544,1144.2619119192132,1778.504259329265,1172.2601577958033,1841.500312551593,1171.5549780955544,1841.1868993514822,1143.5567322189643,1
216,2,21.70000000000004,355.1480037159456,1066.5199098023754,386.54185318720477,1080.7563495039271,386.7523735524773,1052.7571409226869,323.75415424468645,1052.2834701008237,323.5436338794139,1080.282678682064,1
216,3,21.70000000000004,2009.0913993635347,944.6558420155242,2023.7509026232508,913.4573009570328,1995.7570978755982,912.8683223917974,1994.4318961038186,975.8543830740156,2022.4257008514712,976.443361639251,1
216,4,21.70000000000004,2009.0180440313197,1094.3260763409921,2040.3010644671606,1108.8044268137073,2040.7277096227128,1080.80767746827,1977.7350235954789,1079.847725868277,1977.3083784399266,1107.8444752137143,1
216,5,21.70000000000004,2284.7344841608588,1058.8348994375524,2309.5866832640127,1082.722515470493,2319.1190336049485,1056.395071671718,2259.882285057705,1034.9472834046119,2250.349934716769,1061.2747272033869,1
216,6,21.70000000000004,2777.978697548067,1072.1341908140103,2809.236437393384,1086.6670398038832,2809.711875045144,1058.6710765405967,2746.7209577027497,1057.6013418241373,2746.24552005099,1085.5973050874238,1
216,7,21.70000000000004,2947.5267794309802,1108.6281012104564,2978.809799866821,1123.1064516831716,2979.2364450223736,1095.1097023377342,2916.2437589951396,1094.1497507377412,2915.817113839587,1122.1465000831786,1
216,8,21.70000000000004,771.2539712953032,1179.2689845117216,739.9839750446479,1164.7625261402238,739.5321696557111,1192.7588807581117,802.5239675459586,1193.7754428832193,802.9757729348954,1165.7790882653314,1
216,9,21.70000000000004,595.3694497517288,1176.9534128500495,564.2821358628016,1162.0594907617842,563.4824621936323,1190.0480691826838,626.4567636406559,1191.8473349383148,627.2564373098253,1163.8587565174153,1
216,10,21.70000000000004,713.3747254872371,1176.0679961278688,679.029360174754,1173.1276081344095,688.1772339321807,1199.5911000755382,747.7200907997203,1179.0083841213282,738.5722170422936,1152.5448921801994,1
216,11,21.70000000000004,1985.2167105160222,274.5485918919625,1999.7925481708323,243.3108749993882,1971.79726547785,242.79692272532685,1970.640872861212,305.78630878453674,1998.6361555541944,306.3002610585981,1
216,12,21.70000000000004,1986.0024628734918,231.74819877332226,2000.5783005283017,200.51048188074788,1972.5830178353197,199.99652960668672,1971.426625218682,262.98591566589664,1999.421907911664,263.49986793995777,1
216,13,21.70000000000004,3799.900018502154,1121.6174989682409,3831.1830389379948,1136.095849440956,3831.6096840935475,1108.0991000955187,3768.6169980663135,1107.1391484955257,3768.190352910761,1135.135897840963,1
217,1,21.80000000000004,1809.8455793403737,1157.9084450073838,1778.1908461291544,1144.2619119192132,1778.504259329265,1172.2601577958033,1841.500312551593,1171.5549780955544,1841.1868993514822,1143.5567322189643,1
217,2,21.80000000000004,343.3728319276836,1066.431374676148,374.76668139894275,1080.6678143776996,374.9772017642153,1052.6686057964594,311.97898245642443,1052.1949349745962,311.7684620911519,1080.1941435558365,1
217,3,21.80000000000004,2009.0913993635347,944.6558420155242,2023.7509026232508,913.4573009570328,1995.7570978755982,912.8683223917974,1994.4318961038186,975.8543830740156,2022.4257008514712,976.443361639251,1
217,4,21.80000000000004,1998.7634339367826,1094.169805351638,2030.0464543726227,1108.6481558243545,2030.4730995281764,1080.6514064789174,1967.4804135009424,1079.6914548789214,1967.0537683453888,1107.6882042243585,1
217,5,21.80000000000004,2275.6358027502242,1055.540549271633,2300.488001853378,1079.4281653045734,2310.020352194314,1053.1007215057984,2250.7836036470703,1031.6529332386924,2241.2512533061345,1057.9803770374674,1
217,6,21.80000000000004,2770.4551126310994,1072.0064225528467,2801.712852476416,1086.5392715427213,2802.1882901281774,1058.5433082794348,2739.1973727857826,1057.4735735629722,2738.7219351340214,1085.4695368262587,1
217,7,21.80000000000004,2940.231991699633,1108.5169352387227,2971.515012135473,1122.9952857114392,2971.941657291027,1094.9985363660019,2908.948971263793,1094.0385847660061,2908.522326108239,1122.0353341114435,1
217,8,21.80000000000004,778.7738773933693,1179.390340814918,747.5038811427132,1164.8838824434217,747.0520757537778,1192.8802370613096,810.0438736440253,1193.8967991864145,810.4956790329608,1165.9004445685266,1
217,9,21.80000000000004,596.4666808052152,1176.9847623087203,565.3793669162881,1162.090840220455,564.5796932471187,1190.0794186413546,627.5539946941424,1191.8786843969856,628.3536683633117,1163.890105976086,1
217,10,21.80000000000004,724.7198434232255,1172.146226964811,690.3744781107423,1169.2058389713516,699.522351868169,1195.6693309124803,759.0652087357087,1175.0866149582703,749.9173349782819,1148.6231230171416,1
217,11,21.80000000000004,1985.0956920393642,281.14053950286694,1999.671529694174,249.90282261029256,1971.676247001192,249.3888703362314,1970.5198543845543,312.3782563954413,1998.5151370775363,312.89220866950245,1
217,12,21.80000000000004,1985.8045998089235,242.5259162903987,2000.3804374637336,211.28819939782443,1972.3851547707513,210.77424712376308,1971.2287621541134,273.76363318297297,1999.2240448470957,274.2775854570343,1
217,13,21.80000000000004,3791.3041564193218,1121.4865057993486,3822.587176855162,1135.9648562720652,3823.0138220107156,1107.9681069266278,3760.0211359834816,1107.008155326632,3759.594490827928,1135.0049046720694,1
218,1,21.90000000000004,1809.8455793403737,1157.9084450073838,1778.1908461291544,1144.2619119192132,1778.504259329265,1172.2601577958033,1841.500312551593,1171.5549780955544,1841.1868993514822,1143.5567322189643,1
218,2,21.90000000000004,331.5976601394216,1066.3428395499204,362.99150961068074,1080.5792792514721,363.2020299759533,1052.5800706702319,300.2038106681624,1052.1063998483687,299.9932903028899,1080.105608429609,1
218,3,21.90000000000004,2009.0913993635347,944.6558420155242,2023.7509026232508,913.4573009570328,1995.7570978755982,912.8683223917974,1994.4318961038186,975.8543830740156,2022.4257008514712,976.443361639251,1
218,4,21.90000000000004,1988.5088238422456,1094.0135343622833,2019.7918442780865,1108.4918848349985,2020.2184894336388,1080.495135489561,1957.2258034064048,1079.535183889568,1956.7991582508525,1107.5319332350055,1
218,5,21.90000000000004,2266.5371213395897,1052.2461991057135,2291.3893204427436,1076.133815138654,2300.9216707836795,1049.806371339879,2241.684922236436,1028.358583072773,2232.1525718955,1054.686026871548,1
218,6,21.90000000000004,2762.931527714132,1071.8786542916835,2794.1892675594486,1086.411503281558,2794.66470521121,1058.4155400182713,2731.673787868815,1057.345805301809,2731.1983502170538,1085.3417685650957,1
218,7,21.90000000000004,2932.9372039682858,1108.405769266989,2964.220224404126,1122.8841197397055,2964.6468695596795,1094.8873703942684,2901.6541835324456,1093.9274187942724,2901.227538376892,1121.9241681397095,1
218,8,21.90000000000004,786.2937834914351,1179.5116971181144,755.0237872407797,1165.0052387466167,754.5719818518429,1193.0015933645045,817.5637797420904,1194.0181554896121,818.0155851310273,1166.0218008717243,1
218,9,21.90000000000004,597.6739315298885,1177.0192551865682,566.5866176409613,1162.125333098303,565.786943971792,1190.1139115192025,628.7612454188156,1191.9131772748335,629.560919087985,1163.924598853934,1
218,10,21.90000000000004,736.0649613592141,1168.2244578017533,701.7195960467309,1165.284069808295,710.8674698041583,1191.7475617494233,770.4103266716972,1171.1648457952115,761.2624529142698,1144.7013538540832,1
218,11,21.90000000000004,1984.9746735627061,287.7324871137714,1999.550511217516,256.4947702211971,1971.555228524534,255.98081794713588,1970.3988359078962,318.97020400634574,1998.3941186008783,319.484156280407,1
218,12,21.90000000000004,1985.6047297995913,253.412953269328,2000.1805674544012,222.17523637675365,1972.185284761419,221.66128410269246,1971.0288921447814,284.6506701619024,1999.0241748377634,285.16462243596357,1
218,13,21.90000000000004,3782.5936935447135,1121.3537662179697,3813.876713980554,1135.8321166906849,3814.303359136107,1107.8353673452475,3751.310673108873,1106.8754157452545,3750.88402795332,1134.8721650906919,1
219,1,22.000000000000043,1809.8455793403737,1157.9084450073838,1778.1908461291544,1144.2619119192132,1778.504259329265,1172.2601577958033,1841.500312551593,1171.5549780955544,1841.1868993514822,1143.5567322189643,1
219,2,22.000000000000043,319.8224883511598,1066.254304423693,351.21633782241895,1080.4907441252446,351.4268581876915,1052.4915355440044,288.42863887990063,1052.0178647221412,288.2181185146281,1080.0170733033815,1
219,3,22.000000000000043,2009.0913993635347,944.6558420155242,2023.7509026232508,913.4573009570328,1995.7570978755982,912.8683223917974,1994.4318961038186,975.8543830740156,2022.4257008514712,976.443361639251,1
219,4,22.000000000000043,1978.2542137477087,1093.8572633729289,2009.537234183549,1108.3356138456454,2009.9638793391025,1080.3388645002083,1946.9711933118685,1079.3789129002123,1946.544548156315,1107.3756622456494,1
219,5,22.000000000000043,2257.4384399289556,1048.9518489397942,2282.2906390321095,1072.8394649727347,2291.8229893730454,1046.5120211739597,2232.5862408258017,1025.0642329068537,2223.053890484866,1051.3916767056287,1
219,6,22.000000000000043,2755.407942797164,1071.7508860305202,2786.6656826424814,1086.2837350203931,2787.1411202942413,1058.2877717571066,2724.150202951847,1057.2180370406472,2723.674765300087,1085.2140003039337,1
219,7,22.000000000000043,2925.6424162369385,1108.2946032952555,2956.925436672779,1122.7729537679706,2957.352081828332,1094.7762044225333,2894.359395801098,1093.8162528225403,2893.932750645545,1121.8130021679776,1
219,8,22.000000000000043,793.8132572124098,1179.633046443606,762.5432609617537,1165.1265880721096,762.0914555728183,1193.1229426899974,825.0832534630658,1194.1395048151023,825.5350588520013,1166.1431501972145,1
219,9,22.000000000000043,598.9912019257486,1177.0568914835928,567.9038880368207,1162.162969395329,567.1042143676526,1190.1515478162285,630.0785158146764,1191.9508135718568,630.8781894838445,1163.9622351509572,1
219,10,22.000000000000043,747.4100792952024,1164.3026886386956,713.0647139827192,1161.3623006452374,722.2125877401467,1187.8257925863657,781.7554446076856,1167.2430766321538,772.6075708502582,1140.7795846910255,1
219,11,22.000000000000043,1984.853655086048,294.32443472467594,1999.429492740858,263.08671783210156,1971.434210047876,262.5727655580404,1970.2778174312382,325.5621516172503,1998.2731001242203,326.0761038913115,1
219,12,22.000000000000043,1985.4028528454946,264.4093097101102,1999.9786905003048,233.17159281753595,1971.9834078073225,232.6576405434746,1970.8270151906845,295.6470266026845,1998.8222978836668,296.16097887674584,1
219,13,22.000000000000043,3773.7695648026647,1121.2192944715066,3805.052585238505,1135.6976449442232,3805.4792303940585,1107.7008955987858,3742.4865443668245,1106.74094399879,3742.059899211271,1134.7376933442274,1
220,1,22.100000000000044,1809.8455793403737,1157.9084450073838,1778.1908461291544,1144.2619119192132,1778.504259329265,1172.2601577958033,1841.500312551593,1171.5549780955544,1841.1868993514822,1143.5567322189643,1
220,2,22.100000000000044,308.0473165628978,1066.1657692974654,339.44116603415694,1080.4022089990171,339.6516863994295,1052.4030004177769,276.6534670916386,1051.9293295959137,276.4429467263661,1079.928538177154,1
220,3,22.100000000000044,2009.0913993635347,944.6558420155242,2023.7509026232508,913.4573009570328,1995.7570978755982,912.8683223917974,1994.4318961038186,975.8543830740156,2022.4257008514712,976.443361639251,1
220,4,22.100000000000044,1967.9996036531713,1093.7009923835744,1999.2826240890115,1108.179342856291,1999.7092692445651,1080.1825935108538,1936.7165832173312,1079.2226419108579,1936.2899380617775,1107.219391256295,1
220,5,22.100000000000044,2248.339758518321,1045.657498773875,2273.191957621475,1069.5451148068155,2282.724307962411,1043.2176710080405,2223.487559415167,1021.7698827409345,2213.9552090742313,1048.0973265397095,1
220,6,22.100000000000044,2747.884357880197,1071.6231177693567,2779.142097725514,1086.155966759231,2779.617535377275,1058.1600034959447,2716.6266180348803,1057.0902687794824,2716.151180383119,1085.0862320427686,1
220,7,22.100000000000044,2918.3476285055913,1108.183437323522,2949.6306489414314,1122.6617877962385,2950.057294096985,1094.6650384508011,2887.064608069751,1093.7050868508054,2886.6379629141975,1121.7018361962428,1
220,8,22.100000000000044,801.3331633104756,1179.7544027468023,770.0631670598202,1165.2479443753045,769.6113616708834,1193.2442989931924,832.603159561131,1194.2608611183,833.0549649500678,1166.2645065004122,1
220,9,22.100000000000044,600.418491992795,1177.0976711997941,569.3311781038672,1162.2037491115302,568.5315044346991,1190.1923275324298,631.5058058817228,1191.991593288058,632.3054795508909,1164.0030148671585,1
220,10,22.100000000000044,758.7535813996058,1160.3814780347043,724.4082160871226,1157.441090041245,733.5560898445493,1183.9045819823737,793.098946712089,1163.3218660281636,783.9510729546622,1136.858374087035,1
220,11,22.100000000000044,1984.73263660939,300.91638233558035,1999.3084742642,269.67866544300597,1971.3131915712179,269.16471316894484,1970.1567989545802,332.15409922815473,1998.1520816475622,332.66805150221586,1
220,12,22.100000000000044,1985.2044554743536,275.21613122050474,1999.7802931291637,243.97841432793047,1971.7850104361814,243.4644620538691,1970.6286178195435,306.453848113079,1998.6239005125258,306.96780038714036,1
220,13,22.100000000000044,3764.830835268841,1121.0830763125573,3796.113855704681,1135.5614267852739,3796.5405008602347,1107.5646774398365,3733.5478148330008,1106.6047258398407,3733.121169677447,1134.601475185278,1
221,1,22.200000000000045,1809.8455793403737,1157.9084450073838,1778.1908461291544,1144.2619119192132,1778.504259329265,1172.2601577958033,1841.500312551593,1171.5549780955544,1841.1868993514822,1143.5567322189643,1
221,2,22.200000000000045,296.2727779436509,1066.0772389319072,327.66662741491075,1080.3136786334576,327.877147780182,1052.314470052217,264.87892847239107,1051.8407992303569,264.66840810711983,1079.8400078115974,1
221,3,22.200000000000045,2009.0913993635347,944.6558420155242,2023.7509026232508,913.4573009570328,1995.7570978755982,912.8683223917974,1994.4318961038186,975.8543830740156,2022.4257008514712,976.443361639251,1
221,4,22.200000000000045,1957.7449935586349,1093.5447213942198,1989.0280139944757,1108.023071866935,1989.454659150028,1080.0263225214976,1926.461973122794,1079.0663709215046,1926.0353279672418,1107.063120266942,1
221,5,22.200000000000045,2239.493295589081,1041.8912929806443,2256.5670538663026,1071.8368565634357,2273.1621086404252,1049.2846026396285,2222.419537311859,1011.9457293978529,2205.8244825377365,1034.49798332166,1
221,6,22.200000000000045,2740.3607729632295,1071.4953495081932,2771.6185128085467,1086.028198498066,2772.0939504603066,1058.0322352347796,2709.103033117912,1056.9625005183202,2708.6275954661523,1084.9584637816067,1
221,7,22.200000000000045,2911.052840774244,1108.0722713517882,2942.3358612100847,1122.5506218245034,2942.7625063656374,1094.553872479066,2879.7698203384034,1093.593920879073,2879.3431751828507,1121.5906702245104,1
221,8,22.200000000000045,808.8519273666532,1179.8757406197178,777.5819311159971,1165.3692822482215,777.1301257270617,1193.3656368661093,840.1219236173092,1194.3821989912142,840.5737290062447,1166.3858443733263,1
221,9,22.200000000000045,601.95557801621,1177.1415879433202,570.8682641272821,1162.2476658550563,570.068590458114,1190.2362442759559,633.0428919051378,1192.0355100315842,633.8425655743059,1164.0469316106846,1
221,10,22.200000000000045,770.0986993355941,1156.4597088716464,735.7533340231109,1153.5193208781882,744.9012077805384,1179.9828128193165,804.4440646480773,1159.4000968651046,795.2961908906499,1132.9366049239763,1
221,11,22.200000000000045,1984.611618132732,307.5083299464848,1999.187455787542,276.27061305391044,1971.1921730945598,275.7566607798493,1970.0357804779221,338.7460468390592,1998.0310631709042,339.25999911312033,1
221,12,22.200000000000045,1985.0095376861677,285.8334178005117,1999.5853753409776,254.59570090793733,1971.5900926479956,254.08174863387617,1970.4337000313578,317.0711346930861,1998.42898272434,317.5850869671472,1
221,13,22.200000000000045,3755.7775049432416,1120.9451117411213,3787.060525379082,1135.4234622138379,3787.4871705346354,1107.4267128684005,3724.4944845074015,1106.4667612684048,3724.067839351848,1134.4635106138421,1
222,1,22.300000000000047,1809.8455793403737,1157.9084450073838,1778.1908461291544,1144.2619119192132,1778.504259329265,1172.2601577958033,1841.500312551593,1171.5549780955544,1841.1868993514822,1143.5567322189643,1
222,2,22.300000000000047,284.4976061553889,1065.9887038056795,315.89145562664805,1080.2251435072312,316.1019759919206,1052.225934925991,253.1037566841297,1051.7522641041278,252.8932363188572,1079.751472685368,1
222,3,22.300000000000047,2009.0913993635347,944.6558420155242,2023.7509026232508,913.4573009570328,1995.7570978755982,912.8683223917974,1994.4318961038186,975.8543830740156,2022.4257008514712,976.443361639251,1
222,4,22.300000000000047,1947.4903834640975,1093.3884504048654,1978.7734038999376,1107.866800877582,1979.2000490554913,1079.8700515321448,1916.2073630282573,1078.9100999321488,1915.7807178727037,1106.906849277586,1
222,5,22.300000000000047,2231.699307873722,1036.1560944731164,2248.773066150945,1066.1016580559071,2265.3681209250663,1043.5494041320994,2214.625549596499,1006.2105308903256,2198.0304948223775,1028.7627848141333,1
222,6,22.300000000000047,2732.8371880462614,1071.36758124703,2764.094927891578,1085.9004302369046,2764.5703655433394,1057.9044669736181,2701.5794482009446,1056.8347322571556,2701.1040105491834,1084.830695520442,1
222,7,22.300000000000047,2903.758053042897,1107.9611053800545,2935.041073478737,1122.439455852771,2935.4677186342906,1094.4427065073337,2872.4750326070566,1093.482754907338,2872.048387451503,1121.4795042527753,1
222,8,22.300000000000047,816.3718334647192,1179.9970969229141,785.1018372140638,1165.4906385514164,784.650031825127,1193.4869931693042,847.6418297153746,1194.5035552944119,848.0936351043114,1166.507200676524,1
222,9,22.300000000000047,603.6026837108113,1177.1886481060233,572.5153698218835,1162.2947260177593,571.7156961527154,1190.283304438659,634.6899975997392,1192.0825701942872,635.4896712689073,1164.0939917733876,1
222,10,22.300000000000047,781.4438172715827,1152.5379397085887,747.1746076294942,1148.8135242502128,755.715399336131,1175.4791365068972,815.7130269136712,1156.2623551669647,807.1722352070344,1129.5967429102802,1
222,11,22.300000000000047,1984.4905996560738,314.1002775573893,1999.0664373108837,282.8625606648149,1971.0711546179016,282.3486083907538,1969.9147620012639,345.3379944499637,1997.910044694246,345.8519467240248,1
222,12,22.300000000000047,1984.8180994809372,296.2611694501311,1999.3939371357471,265.0234525575567,1971.398654442765,264.5095002834955,1970.2422618261273,327.4988863427055,1998.2375445191094,328.01283861676666,1
222,13,22.300000000000047,3746.609573825867,1120.805400757199,3777.8925942617075,1135.2837512299143,3778.31923941726,1107.287001884477,3715.326553390026,1106.327050284484,3714.8999082344735,1134.3237996299213,1
223,1,22.40000000000005,1809.8455793403737,1157.9084450073838,1778.1908461291544,1144.2619119192132,1778.504259329265,1172.2601577958033,1841.500312551593,1171.5549780955544,1841.1868993514822,1143.5567322189643,1
223,2,22.40000000000005,272.7224343671269,1065.900168679452,304.11628383838604,1080.1366083810037,304.3268042036586,1052.1373997997634,241.32858489586772,1051.6637289779003,241.11806453059515,1079.6629375591406,1
223,3,22.40000000000005,2009.0913993635347,944.6558420155242,2023.7509026232508,913.4573009570328,1995.7570978755982,912.8683223917974,1994.4318961038186,975.8543830740156,2022.4257008514712,976.443361639251,1
223,4,22.40000000000005,1937.2357733695605,1093.232179415511,1968.5187938054014,1107.7105298882261,1968.9454389609537,1079.7137805427888,1905.9527529337197,1078.7538289427957,1905.5261077781674,1106.750578288233,1
223,5,22.40000000000005,2223.9053201583633,1030.4208959655882,2240.979078435585,1060.3664595483797,2257.5741332097077,1037.8142056245724,2206.8315618811416,1000.4753323827969,2190.236507107019,1023.0275863066039,1
223,6,22.40000000000005,2725.3136031292943,1071.2398129858666,2756.571342974611,1085.772661975741,2757.0467806263723,1057.7766987124546,2694.0558632839775,1056.7069639959923,2693.5804256322162,1084.7029272592786,1
223,7,22.40000000000005,2896.4632653115495,1107.849939408321,2927.74628574739,1122.3282898810362,2928.172930902943,1094.3315405355988,2865.180244875709,1093.3715889356058,2864.753599720156,1121.3683382810432,1
223,8,22.40000000000005,823.891739562785,1180.1184532261104,792.6217433121296,1165.6119948546127,792.1699379231928,1193.6083494725005,855.1617358134404,1194.6249115976082,855.6135412023772,1166.6285569797203,1
223,9,22.40000000000005,605.3598090765995,1177.2388516879028,574.2724951876723,1162.3449295996375,573.472821518503,1190.333508020537,636.4471229655267,1192.132773776168,637.246796634696,1164.1441953552685,1
223,10,22.40000000000005,793.3446264985625,1152.512110222701,762.5753764510837,1136.9717353393296,761.1909332543473,1164.9374879134157,824.1138765460414,1168.0524851060725,825.4983197427778,1140.0867325319864,1
223,11,22.40000000000005,1984.3695811794157,320.6922251682938,1998.9454188342256,289.4545082757195,1970.9501361412435,288.94055600165825,1969.7937435246058,351.92994206086814,1997.789026217588,352.4438943349294,1
223,12,22.40000000000005,1984.630140858662,306.4993861693628,1999.205978513472,275.26166927678855,1971.2106958204897,274.7477170027272,1970.0543032038518,337.7371030619371,1998.049585896834,338.25105533599844,1
223,13,22.40000000000005,3737.3270419167166,1120.6639433607907,3768.6100623525567,1135.1422938335072,3769.0367075081103,1107.1455444880698,3706.0440214808764,1106.185592888074,3705.6173763253228,1134.1823422335115,1
224,1,22.50000000000005,1809.8455793403737,1157.9084450073838,1778.1908461291544,1144.2619119192132,1778.504259329265,1172.2601577958033,1841.500312551593,1171.5549780955544,1841.1868993514822,1143.5567322189643,1
224,2,22.50000000000005,260.9472625788651,1065.8116335532245,292.34111205012425,1080.0480732547762,292.5516324153968,1052.048864673536,229.5534131076059,1051.5751938516728,229.3428927423334,1079.574402432913,1
224,3,22.50000000000005,2009.0913993635347,944.6558420155242,2023.7509026232508,913.4573009570328,1995.7570978755982,912.8683223917974,1994.4318961038186,975.8543830740156,2022.4257008514712,976.443361639251,1
224,4,22.50000000000005,1926.9826433829662,1093.0759309816635,1958.2656638188068,1107.5542814543787,1958.6923089743593,1079.5575321089414,1895.6996229471256,1078.5975805089483,1895.272977791573,1106.5943298543857,1
224,5,22.50000000000005,2216.111332443005,1024.68569745806,2233.1850907202265,1054.6312610408515,2249.780145494349,1032.0790071170443,2199.037574165783,994.7401338752687,2182.4425193916604,1017.2923877990758,1
224,6,22.50000000000005,2717.7900182123267,1071.112044724703,2749.047758057644,1085.644893714576,2749.523195709404,1057.6489304512895,2686.5322783670094,1056.5791957348301,2686.0568407152496,1084.5751589981166,1
224,7,22.50000000000005,2889.1684775802023,1107.7387734365875,2920.4514980160425,1122.217123909304,2920.878143171596,1094.2203745638667,2857.885457144362,1093.260422963871,2857.4588119888085,1121.2571723093083,1
224,8,22.50000000000005,831.4116456608508,1180.239809529307,800.1416494101954,1165.7333511578092,799.6898440212586,1193.729705775697,862.6816419115062,1194.7462679008047,863.133447300443,1166.7499132829169,1
224,9,22.50000000000005,607.2269541135745,1177.2921986889592,576.1396402246467,1162.3982766006952,575.3399665554786,1190.3868550215948,638.3142680025023,1192.186120777223,639.1139416716704,1164.1975423563235,1
224,10,22.50000000000005,805.3321984636875,1153.1055543793905,774.5629484162087,1137.565179496019,773.1785052194723,1165.530932070105,836.1014485111664,1168.645929262762,837.4858917079027,1140.6801766886758,1
224,11,22.50000000000005,1984.2485627027577,327.28417277919823,1998.8244003575676,296.04645588662385,1970.8291176645855,295.53250361256266,1969.6727250479478,358.5218896717726,1997.6680077409299,359.0358419458338,1
224,12,22.50000000000005,1984.4456618193417,316.5480679582069,1999.0214994741516,285.3103510656325,1971.0262167811695,284.7963987915714,1969.8698241645318,347.7857848507813,1997.8651068575139,348.2997371248424,1
224,13,22.50000000000005,3727.9299092157908,1120.520739551896,3759.2129296516314,1134.9990900246112,3759.639574807184,1107.0023406791738,3696.64688877995,1106.0423890791808,3696.2202436243974,1134.0391384246182,1
225,1,22.60000000000005,1809.8455793403737,1157.9084450073838,1778.1908461291544,1144.2619119192132,1778.504259329265,1172.2601577958033,1841.500312551593,1171.5549780955544,1841.1868993514822,1143.5567322189643,1
225,2,22.60000000000005,249.17209079060308,1065.723098426997,280.56594026186224,1079.9595381285487,280.7764606271348,1051.9603295473084,217.7782413193439,1051.4866587254453,217.56772095407138,1079.4858673066856,1
225,3,22.60000000000005,2009.0913993635347,944.6558420155242,2023.7509026232508,913.4573009570328,1995.7570978755982,912.8683223917974,1994.4318961038186,975.8543830740156,2022.4257008514712,976.443361639251,1
225,4,22.60000000000005,1916.728033288429,1092.9196599923093,1948.011053724269,1107.3980104650261,1948.4376988798228,1079.4012611195888,1885.4450128525891,1078.4413095195926,1885.0183676970353,1106.43805886503,1
225,5,22.60000000000005,2208.317344727646,1018.9504989505319,2225.3911030048675,1048.8960625333234,2241.98615777899,1026.3438086095161,2191.243586450424,989.0049353677406,2174.6485316763014,1011.5571892915476,1
225,6,22.60000000000005,2710.266433295359,1070.9842764635396,2741.524173140676,1085.5171254534139,2741.999610792437,1057.5211621901274,2679.0086934500423,1056.4514274736653,2678.533255798281,1084.4473907369518,1
225,7,22.60000000000005,2881.8736898488546,1107.6276074648538,2913.156710284695,1122.1059579375703,2913.5833554402484,1094.109208592133,2850.5906694130144,1093.1492569921372,2850.164024257461,1121.1460063375746,1
225,8,22.60000000000005,838.9315517589168,1180.3611658325035,807.6615555082608,1165.8547074610071,807.2097501193253,1193.851062078895,870.2015480095729,1194.8676242039999,870.6533533985083,1166.871269586112,1
225,9,22.60000000000005,609.2041188217363,1177.3486891091925,578.1168049328085,1162.4547670209286,577.3171312636404,1190.4433454418281,640.2914327106641,1192.2426111974564,641.0911063798322,1164.2540327765569,1
225,10,22.60000000000005,817.3213479617016,1153.6990766317674,786.5520979142235,1138.1587017483944,785.1676547174858,1166.1244543224807,848.0905980091796,1169.2394515151404,849.4750412059174,1141.2736989410541,1
225,11,22.60000000000005,1984.1275442260996,333.87612039010276,1998.7033818809095,302.6384034975284,1970.7080991879275,302.12445122346725,1969.5517065712897,365.11383728267714,1997.5469892642718,365.62778955673826,1
225,12,22.60000000000005,1984.264662362977,326.4072148166634,1998.840500017787,295.169497924089,1970.845217324805,294.6555456500279,1969.6888247081672,357.64493170923777,1997.6841074011493,358.1588839832989,1
225,13,22.60000000000005,3718.41817572309,1120.3757893305146,3749.7011961589305,1134.8541398032298,3750.1278413144832,1106.8573904577925,3687.1351552872493,1105.8974388577994,3686.7085101316966,1133.8941882032368,1
226,1,22.700000000000053,1809.8455793403737,1157.9084450073838,1778.1908461291544,1144.2619119192132,1778.504259329265,1172.2601577958033,1841.500312551593,1171.5549780955544,1841.1868993514822,1143.5567322189643,1
226,2,22.700000000000053,237.39691900234106,1065.6345633007695,268.7907684736002,1079.8710030023212,269.00128883887277,1051.871794421081,206.0030695310819,1051.3981235992178,205.79254916580933,1079.397332180458,1
226,3,22.700000000000053,2009.0913993635347,944.6558420155242,2023.7509026232508,913.4573009570328,1995.7570978755982,912.8683223917974,1994.4318961038186,975.8543830740156,2022.4257008514712,976.443361639251,1
226,4,22.700000000000053,1906.4734231938924,1092.7633890029547,1937.7564436297332,1107.2417394756699,1938.1830887852855,1079.2449901302325,1875.1904027580515,1078.2850385302395,1874.7637576024993,1106.2817878756769,1
226,5,22.700000000000053,2200.5233570122873,1013.2153004430038,2217.597115289509,1043.1608640257953,2234.1921700636317,1020.6086101019881,2183.4495987350656,983.2697368602124,2166.854543960943,1005.8219907840195,1
226,6,22.700000000000053,2702.7428483783915,1070.8565082023763,2734.0005882237087,1085.3893571922492,2734.4760258754686,1057.3933939289627,2671.4851085330743,1056.3236592125033,2671.0096708813144,1084.3196224757899,1
226,7,22.700000000000053,2874.5801899449684,1107.5164611184468,2905.8632103808086,1121.9948115911634,2906.289855536362,1093.998062245726,2843.2971695091283,1093.0381106457303,2842.8705243535746,1121.0348599911677,1
226,8,22.700000000000053,846.4514578569826,1180.4825221356996,815.1814616063273,1165.9760637642019,814.7296562173905,1193.9724183820897,877.721454107638,1194.9889805071973,878.1732594965748,1166.9926258893095,1
226,9,22.700000000000053,611.2913032010849,1177.4083229486023,580.2039893121571,1162.5144008603384,579.404315642989,1190.502979281238,642.3786170900128,1192.3022450368662,643.1782907591809,1164.3136666159667,1
226,10,22.700000000000053,829.3104974597154,1154.2925988841444,798.5412474122365,1138.752224000773,797.1568042155003,1166.7179765748592,860.0797475071943,1169.8329737675158,861.4641907039305,1141.8672211934295,1
226,11,22.700000000000053,1984.0065257494416,340.4680680010072,1998.5823634042515,309.23035110843284,1970.5870807112694,308.7163988343717,1969.4306880946317,371.7057848935816,1997.4259707876138,372.21973716764273,1
226,12,22.700000000000053,1984.0871424895677,336.0768267447323,1998.6629801443778,304.839109852158,1970.6676974513955,304.32515757809665,1969.5113048347575,367.31454363730654,1997.5065875277398,367.8284959113679,1
226,13,22.700000000000053,3708.791841438613,1120.2290926966473,3740.0748618744533,1134.7074431693638,3740.501507030007,1106.7106938239265,3677.508821002773,1105.7507422239307,3677.0821758472193,1133.747491569368,1
227,1,22.800000000000054,1809.8455793403737,1157.9084450073838,1778.1908461291544,1144.2619119192132,1778.504259329265,1172.2601577958033,1841.500312551593,1171.5549780955544,1841.1868993514822,1143.5567322189643,1
227,2,22.800000000000054,225.62174721407905,1065.546028174542,257.0155966853382,1079.7824678760937,257.22611705061075,1051.7832592948535,194.2278977428199,1051.3095884729903,194.01737737754732,1079.3087970542306,1
227,3,22.800000000000054,2009.0913993635347,944.6558420155242,2023.7509026232508,913.4573009570328,1995.7570978755982,912.8683223917974,1994.4318961038186,975.8543830740156,2022.4257008514712,976.443361639251,1
227,4,22.800000000000054,1896.2188130993554,1092.6071180136003,1927.5018335351956,1107.0854684863168,1927.9284786907492,1079.0887191408794,1864.9357926635153,1078.1287675408837,1864.5091475079616,1106.125516886321,1
227,5,22.800000000000054,2192.7293692969283,1007.4801019354757,2209.80312757415,1037.4256655182671,2226.3981823482727,1014.87341159446,2175.6556110197066,977.5345383526843,2159.060556245584,1000.0867922764913,1
227,6,22.800000000000054,2695.219263461424,1070.728739941213,2726.4770033067407,1085.2615889310875,2726.952440958502,1057.265625667801,2663.961523616107,1056.1958909513385,2663.486085964346,1084.191854214625,1
227,7,22.800000000000054,2867.2854022136216,1107.405295146713,2898.5684226494623,1121.883645619428,2898.995067805015,1093.8868962739907,2836.002381777781,1092.9269446739977,2835.5757366222283,1120.923694019435,1
227,8,22.800000000000054,853.9713639550484,1180.6038784388961,822.7013677043931,1166.0974200673984,822.2495623154563,1194.0937746852862,885.2413602057038,1195.1103368103938,885.6931655946406,1167.113982192506,1
227,9,22.800000000000054,613.4885072516201,1177.4711002071892,582.4011933626923,1162.5771781189253,581.6015196935242,1190.5657565398249,644.575821140548,1192.3650222954532,645.3754948097161,1164.3764438745536,1
227,10,22.800000000000054,841.2996469577295,1154.886121136521,810.5303969102514,1139.345746253148,809.1459537135137,1167.3114988272343,872.0688970052075,1170.426496019894,873.4533402019453,1142.4607434458078,1
227,11,22.800000000000054,1983.8855072727836,347.0600156119117,1998.4613449275935,315.8222987193373,1970.4660622346114,315.3083464452762,1969.3096696179737,378.2977325044861,1997.3049523109557,378.8116847785472,1
227,12,22.800000000000054,1984.0871424895677,336.0768267447323,1998.6629801443778,304.839109852158,1970.6676974513955,304.32515757809665,1969.5113048347575,367.31454363730654,1997.5065875277398,367.8284959113679,1
227,13,22.800000000000054,3699.051621935556,1120.0806605549822,3730.3346423713965,1134.5590110276974,3730.761287526949,1106.56226168226,3667.7686014997153,1105.602310082267,3667.3419563441626,1133.5990594277043,1
228,1,22.900000000000055,1809.8455793403737,1157.9084450073838,1778.1908461291544,1144.2619119192132,1778.504259329265,1172.2601577958033,1841.500312551593,1171.5549780955544,1841.1868993514822,1143.5567322189643,1
228,2,22.900000000000055,213.8478524749578,1065.4575026501875,245.2417019462176,1079.6939423517379,245.4522223114889,1051.6947337704976,182.45400300369798,1051.2210629486372,182.24348263842668,1079.2202715298774,1
228,3,22.900000000000055,2009.0913993635347,944.6558420155242,2023.7509026232508,913.4573009570328,1995.7570978755982,912.8683223917974,1994.4318961038186,975.8543830740156,2022.4257008514712,976.443361639251,1
228,4,22.900000000000055,1885.9642030048183,1092.4508470242458,1917.247223440659,1106.929197496961,1917.6738685962114,1078.9324481515237,1854.6811825689776,1077.9724965515306,1854.2545374134252,1105.969245896968,1
228,5,22.900000000000055,2185.8448986758403,1000.8653071648583,2192.153969657992,1034.7540312975573,2215.227143535574,1018.891224256719,2179.5358276936886,966.9765830321594,2156.4626538161065,982.8393900729976,1
228,6,22.900000000000055,2687.6956785444563,1070.6009716800495,2718.953418389773,1085.1338206699238,2719.4288560415343,1057.1378574066375,2656.4379386991395,1056.0681226901752,2655.9625010473783,1084.0640859534615,1
228,7,22.900000000000055,2859.990614482274,1107.2941291749794,2891.273634918114,1121.772479647696,2891.7002800736677,1093.7757303022586,2828.7075940464338,1092.8157787022628,2828.28094889088,1120.8125280477002,1
228,8,22.900000000000055,861.4912700531145,1180.7252347420927,830.2212738024584,1166.2187763705963,829.769468413523,1194.2151309884841,892.7612663037705,1195.231693113589,893.213071692706,1167.2353384957012,1
228,9,22.900000000000055,615.7957309733424,1177.5370208849527,584.7084170844146,1162.6430987966887,583.9087434152465,1190.6316772175883,646.8830448622703,1192.4309429732166,647.6827185314384,1164.442364552317,1
228,10,22.900000000000055,853.2887964557435,1155.4796433888982,822.5195464082647,1139.9392685055268,821.1351032115283,1167.9050210796129,884.0580465032224,1171.0200182722697,885.4424896999587,1143.0542656981836,1
228,11,22.900000000000055,1983.7644887961253,353.65196322281616,1998.3403264509352,322.4142463302418,1970.3450437579531,321.90029405618066,1969.1886511413154,384.88968011539055,1997.1839338342975,385.4036323894517,1
228,12,22.900000000000055,1984.0851355448035,336.18614620658514,1998.6609731996134,304.94842931401075,1970.6656905066313,304.43447703994957,1969.5092978899936,367.4238630991595,1997.5045805829757,367.9378153732207,1
228,13,22.900000000000055,3689.197687640392,1119.9304955026648,3720.4807080762325,1134.40884597538,3720.9073532317852,1106.4120966299427,3657.9146672045513,1105.4521450299496,3657.4880220489986,1133.448894375387,1
229,1,23.000000000000057,1809.8455793403737,1157.9084450073838,1778.1908461291544,1144.2619119192132,1778.504259329265,1172.2601577958033,1841.500312551593,1171.5549780955544,1841.1868993514822,1143.5567322189643,1
229,2,23.000000000000057,202.07268068669555,1065.3689675239602,233.4665301579547,1079.605407225512,233.67705052322728,1051.6061986442717,170.6788312154364,1051.1325278224085,170.46831085016382,1079.1317364036488,1
229,3,23.000000000000057,2009.0913993635347,944.6558420155242,2023.7509026232508,913.4573009570328,1995.7570978755982,912.8683223917974,1994.4318961038186,975.8543830740156,2022.4257008514712,976.443361639251,1
229,4,23.000000000000057,1875.7095929102813,1092.2945760348912,1906.9926133461215,1106.7729265076077,1907.4192585016751,1078.7761771621704,1844.4265724744412,1077.8162255621746,1843.9999273188876,1105.812974907612,1
229,5,23.000000000000057,2180.362762671825,992.8912911590181,2186.6718336539766,1026.780015291717,2209.7450075315587,1010.9172082508788,2174.053691689673,959.0025670263192,2150.980517812091,974.8653740671574,1
229,6,23.000000000000057,2680.1720936274887,1070.473203418886,2711.429833472806,1085.006052408759,2711.905271124566,1057.0100891454724,2648.9143537821715,1055.940354429013,2648.4389161304116,1083.9363176922996,1
229,7,23.000000000000057,2852.6958267509267,1107.182963203246,2883.9788471867673,1121.661313675961,2884.40549234232,1093.6645643305237,2821.412806315086,1092.7046127305307,2820.9861611595334,1120.701362075968,1
229,8,23.000000000000057,869.0095945145886,1180.8465655208252,837.7395982639332,1166.3401071493274,837.2877928749964,1194.3364617672153,900.2795907652439,1195.3530238923229,900.7313961541807,1167.356669274435,1
229,9,23.000000000000057,618.2129743662513,1177.6060849818928,587.1256604773241,1162.7121628936275,586.3259868081548,1190.700741314527,649.3002882551784,1192.500007070158,650.0999619243478,1164.5114286492585,1
229,10,23.000000000000057,865.2779459537576,1156.073165641275,834.5086959062795,1140.532790757902,833.1242527095418,1168.4985433319882,896.0471960012356,1171.613540524648,897.4316391979734,1143.6477879505617,1
229,11,23.000000000000057,1983.643494751641,360.2425799988506,1998.219332406451,329.00486310627633,1970.2240497134687,328.490910832215,1969.0676570968308,391.48029689142487,1997.062939789813,391.9942491654862,1
229,12,23.000000000000057,1984.0811216552754,336.4047851302909,1998.6569593100855,305.16706823771665,1970.6616766171032,304.6531159636553,1969.5052840004653,367.6425020228652,1997.5005666934476,368.15645429692654,1
229,13,23.000000000000057,3679.2303219575597,1119.778601858523,3710.5133423934,1134.2569523312395,3710.9399875489535,1106.2602029858024,3647.9473015217195,1105.3002513858064,3647.520656366166,1133.2970007312435,1
230,1,23.10000000000006,1809.8455793403737,1157.9084450073838,1778.1908461291544,1144.2619119192132,1778.504259329265,1172.2601577958033,1841.500312551593,1171.5549780955544,1841.1868993514822,1143.5567322189643,1
230,2,23.10000000000006,190.297508898434,1065.2804323977325,221.69135836969318,1079.5168720992842,221.9018787349657,1051.517663518044,158.9036594271748,1051.0439926961808,158.6931390619023,1079.043201277421,1
230,3,23.10000000000006,2009.0913993635347,944.6558420155242,2023.7509026232508,913.4573009570328,1995.7570978755982,912.8683223917974,1994.4318961038186,975.8543830740156,2022.4257008514712,976.443361639251,1
230,4,23.10000000000006,1865.454982815744,1092.1383050455368,1896.7380032515841,1106.6166555182533,1897.1646484071377,1078.6199061728162,1834.1719623799038,1077.6599545728202,1833.7453172243502,1105.6567039182573,1
230,5,23.10000000000006,2174.88062666781,984.9172751531778,2181.1896976499615,1018.8059992858767,2204.2628715275437,1002.9431922450389,2168.571555685658,951.0285510204789,2145.498381808076,966.8913580613167,1
230,6,23.10000000000006,2672.648508710521,1070.345435157723,2703.906248555838,1084.8782841475972,2704.381686207599,1056.882320884311,2641.3907688652043,1055.8125861678486,2640.915331213443,1083.808549431135,1
230,7,23.10000000000006,2845.4010390195795,1107.0717972315124,2876.6840594554196,1121.550147704229,2877.1107046109732,1093.5533983587916,2814.1180185837393,1092.5934467587958,2813.6913734281857,1120.5901961042332,1
230,8,23.10000000000006,876.5295006126546,1180.9679218240217,845.2595043619992,1166.461463452524,844.8076989730624,1194.4578180704118,907.79949686331,1195.4743801955194,908.2513022522468,1167.4780255776316,1
230,9,23.10000000000006,620.740237430347,1177.6782924980098,589.6529235414198,1162.7843704097445,588.8532498722504,1190.772948830644,651.8275513192741,1192.572214586275,652.6272249884435,1164.5836361653755,1
230,10,23.10000000000006,877.2670954517716,1156.6666878936521,846.4978454042928,1141.1263130102807,845.1134022075564,1169.0920655843668,908.0363454992505,1172.2070627770236,909.4207886959869,1144.2413102029375,1
230,11,23.10000000000006,1983.5224762749829,366.8345276097551,1998.098313929793,335.59681071718086,1970.1030312368107,335.0828584431195,1968.9466386201727,398.0722445023294,1996.941921313155,398.58619677639075,1
230,12,23.10000000000006,1984.0751008209834,336.73274351584956,1998.6509384757933,305.4950266232752,1970.6556557828112,304.98107434921405,1969.4992631661735,367.97046040842395,1997.4945458591556,368.4844126824851,1
230,13,23.10000000000006,3669.1483554829524,1119.6249618018946,3700.4313759187926,1134.1033122746112,3700.858021074346,1106.1065629291738,3637.8653350471122,1105.146611329178,3637.4386898915586,1133.1433606746155,1
231,1,23.20000000000006,1809.8455793403737,1157.9084450073838,1778.1908461291544,1144.2619119192132,1778.504259329265,1172.2601577958033,1841.500312551593,1171.5549780955544,1841.1868993514822,1143.5567322189643,1
231,2,23.20000000000006,178.52233711017197,1065.191897271505,209.91618658143116,1079.4283369730567,210.12670694670368,1051.4291283918164,147.1284876389128,1050.9554575699533,146.91796727364027,1078.9546661511936,1
231,3,23.20000000000006,2009.0913993635347,944.6558420155242,2023.7509026232508,913.4573009570328,1995.7570978755982,912.8683223917974,1994.4318961038186,975.8543830740156,2022.4257008514712,976.443361639251,1
231,4,23.20000000000006,1855.200372721207,1091.9820340561823,1886.4833931570477,1106.4603845288975,1886.9100383126001,1078.4636351834602,1823.9173522853664,1077.5036835834671,1823.490707129814,1105.5004329289045,1
231,5,23.20000000000006,2169.3984906637947,976.9432591473376,2175.7075616459456,1010.8319832800368,2198.780735523528,994.9691762391993,2163.089419681644,943.0545350146384,2140.0162458040613,958.9173420554758,1
231,6,23.20000000000006,2665.1249237935535,1070.2176668965594,2696.382663638871,1084.7505158864324,2696.8581012906307,1056.7545526231459,2633.8671839482363,1055.6848179066865,2633.3917462964764,1083.680781169973,1
231,7,23.20000000000006,2838.1062512882318,1106.9606312597784,2869.3892717240724,1121.4389817324936,2869.815916879625,1093.4422323870563,2806.823230852391,1092.4822807870632,2806.3965856968384,1120.4790301325006,1
231,8,23.20000000000006,884.0494067107204,1181.089278127218,852.779410460065,1166.5828197557203,852.3276050711282,1194.579174373608,915.3194029613758,1195.5957364987157,915.7712083503126,1167.5993818808279,1
231,9,23.20000000000006,623.3775201656294,1177.7536434333038,592.2902062767016,1162.8597213450398,591.4905326075335,1190.8482997659394,654.4648340545573,1192.6475655215677,655.2645077237254,1164.6589871006681,1
231,10,23.20000000000006,889.2621948388089,1156.9284055123971,857.5746513224265,1143.3582328569971,857.9555684495958,1171.3556417039283,920.9497383551914,1170.4985781677972,920.568821228022,1142.501169320866,1
231,11,23.20000000000006,1983.4014577983248,373.42647522065954,1997.977295453135,342.18875832808527,1969.9820127601527,341.6748060540239,1968.8256201435147,404.6641921132338,1996.820902836497,405.17814438729516,1
231,12,23.20000000000006,1984.0670730419272,337.17002136326107,1998.642910696737,305.9323044706867,1970.647628003755,305.41835219662556,1969.4912353871173,368.40773825583545,1997.4865180800994,368.9216905298966,1
231,13,23.20000000000006,3658.951788216569,1119.46957533278,3690.23480865241,1133.9479258054953,3690.6614538079625,1105.951176460058,3627.6687677807286,1104.991224860065,3627.242122625176,1132.9879742055023,1
232,1,23.30000000000006,1809.8455793403737,1157.9084450073838,1778.1908461291544,1144.2619119192132,1778.504259329265,1172.2601577958033,1841.500312551593,1171.5549780955544,1841.1868993514822,1143.5567322189643,1
232,2,23.30000000000006,166.74781791122405,1065.1033670519641,198.14166738248323,1079.3398067535159,198.35218774775575,1051.3405981722756,135.35396843996486,1050.8669273504124,135.14344807469234,1078.8661359316527,1
232,3,23.30000000000006,2009.0913993635347,944.6558420155242,2023.7509026232508,913.4573009570328,1995.7570978755982,912.8683223917974,1994.4318961038186,975.8543830740156,2022.4257008514712,976.443361639251,1
232,4,23.30000000000006,1844.94576262667,1091.825763066828,1876.2287830625103,1106.3041135395445,1876.655428218064,1078.307364194107,1813.66274219083,1077.3474125941113,1813.2360970352763,1105.3441619395487,1
232,5,23.30000000000006,2163.9163546597792,968.9692431414974,2170.22542564193,1002.8579672741965,2193.2985995195127,986.9951602333591,2157.6072836776284,935.0805190087982,2134.534109800046,950.9433260496356,1
232,6,23.30000000000006,2657.601338876586,1070.089898635396,2688.8590787219027,1084.6227476252704,2689.334516373664,1056.626784361984,2626.343599031269,1055.5570496455214,2625.868161379508,1083.553012908808,1
232,7,23.30000000000006,2830.8114635568845,1106.849465288045,2862.0944839927247,1121.3278157607615,2862.5211291482783,1093.3310664153244,2799.5284431210443,1092.3711148153284,2799.1017979654907,1120.3678641607655,1
232,8,23.30000000000006,891.5693128087862,1181.2106344304143,860.2993165581308,1166.7041760589166,859.847511169194,1194.7005306768044,922.8393090594416,1195.717092801912,923.2911144483784,1167.7207381840242,1
232,9,23.30000000000006,626.1248225720988,1177.8321377877742,595.0375086831709,1162.9382156995102,594.2378350140028,1190.9267941204098,657.2121364610266,1192.726059876038,658.0118101301947,1164.7374814551385,1
232,10,23.30000000000006,901.264915642894,1156.765103188532,869.5773721265116,1143.194930533132,869.958289253681,1171.1923393800632,932.9524591592765,1170.335275843932,932.5715420321071,1142.337866997001,1
232,11,23.30000000000006,1983.2804393216668,380.01842283156407,1997.856276976477,348.7807059389898,1969.8609942834946,348.26675366492844,1968.7046016668567,411.25613972413834,1996.699884359839,411.7700919981997,1
232,12,23.30000000000006,1984.0570530969349,337.7158136610787,1998.6328907517448,306.4780967685043,1970.6376080587627,305.9641444944432,1969.481215442125,368.9535305536531,1997.476498135107,369.4674828277142,1
232,13,23.30000000000006,3648.640620158411,1119.312442451179,3679.923640594251,1133.7907929238957,3680.3502857498047,1105.7940435784585,3617.3575997225707,1104.8340919784625,3616.930954567017,1132.8308413238997,1
233,1,23.400000000000063,1809.8455793403737,1157.9084450073838,1778.1908461291544,1144.2619119192132,1778.504259329265,1172.2601577958033,1841.500312551593,1171.5549780955544,1841.1868993514822,1143.5567322189643,1
233,2,23.400000000000063,154.97264612296203,1065.0148319257364,186.3664955942212,1079.2512716272881,186.57701595949376,1051.2520630460479,123.57879665170287,1050.7783922241847,123.36827628643032,1078.777600805425,1
233,3,23.400000000000063,2009.0913993635347,944.6558420155242,2023.7509026232508,913.4573009570328,1995.7570978755982,912.8683223917974,1994.4318961038186,975.8543830740156,2022.4257008514712,976.443361639251,1
233,4,23.400000000000063,1834.691152532133,1091.6694920774735,1865.9741729679736,1106.1478425501887,1866.400818123526,1078.1510932047513,1803.4081320962923,1077.1911416047583,1802.9814869407398,1105.1878909501957,1
233,5,23.400000000000063,2158.434218655764,960.9952271356572,2164.743289637916,994.8839512683561,2187.816463515498,979.0211442275182,2152.1251476736124,927.1065030029582,2129.0519737960303,942.9693100437961,1
233,6,23.400000000000063,2650.0777539596183,1069.9621303742324,2681.335493804935,1084.4949793641067,2681.8109314566964,1056.4990161008204,2618.8200141143016,1055.429281384358,2618.3445764625403,1083.4252446476444,1
233,7,23.400000000000063,2823.5166758255377,1106.7382993163114,2854.799696261378,1121.216649789028,2855.2263414169315,1093.2199004435906,2792.2336553896976,1092.2599488435949,2791.807010234144,1120.2566981890322,1
233,8,23.400000000000063,899.0892189068522,1181.3319907336108,867.8192226561962,1166.8255323621145,867.3674172672607,1194.8218869800023,930.3592151575083,1195.8384491051072,930.8110205464437,1167.8420944872194,1
233,9,23.400000000000063,628.9821446497547,1177.9137755614215,597.8948307608275,1163.0198534731562,597.0951570916582,1191.0084318940558,660.0694585386818,1192.8076976496868,660.8691322078512,1164.8191192287873,1
233,10,23.400000000000063,913.2676364469792,1156.601800864667,881.5800929305967,1143.031628209267,881.9610100577661,1171.0290370561981,944.9551799633616,1170.171973520067,944.5742628361922,1142.1745646731358,1
233,11,23.400000000000063,1983.1594208450088,386.6103704424686,1997.7352584998189,355.3726535498943,1969.7399758068366,354.85870127583297,1968.5835831901986,417.84808733504286,1996.578865883181,418.3620396091042,1
233,12,23.400000000000063,1984.0450262071786,338.37092542074924,1998.6208638619885,307.13320852817486,1970.6255811690064,306.6192562541137,1969.4691885523687,369.6086423133236,1997.4644712453508,370.1225945873848,1
233,13,23.400000000000063,3638.2148513084767,1119.1535631570919,3669.4978717443173,1133.631913629807,3669.92451689987,1105.6351642843697,3606.931830872636,1104.6752126843767,3606.5051857170834,1132.671962029814,1
234,1,23.500000000000064,1809.8455793403737,1157.9084450073838,1778.1908461291544,1144.2619119192132,1778.504259329265,1172.2601577958033,1841.500312551593,1171.5549780955544,1841.1868993514822,1143.5567322189643,1
234,2,23.500000000000064,143.19747433470047,1064.9262967995091,174.59132380595966,1079.1627365010609,174.80184417123218,1051.1635279198206,111.80362486344129,1050.6898570979574,111.59310449816877,1078.6890656791977,1
234,3,23.500000000000064,2009.0913993635347,944.6558420155242,2023.7509026232508,913.4573009570328,1995.7570978755982,912.8683223917974,1994.4318961038186,975.8543830740156,2022.4257008514712,976.443361639251,1
234,4,23.500000000000064,1824.4379682280614,1091.5132428158768,1855.7209886639016,1105.9915932885933,1856.1476338194552,1077.994843943156,1793.1549477922213,1077.0348923431602,1792.7283026366676,1105.0316416885976,1
234,5,23.500000000000064,2152.62370983256,953.2759600519591,2162.7808587200107,986.2165478803231,2183.880792320462,967.8102228246106,2142.4665609451094,920.3353722235952,2121.366627344658,938.7416972793077,1
234,6,23.500000000000064,2642.5544570811026,1069.8343670046431,2673.81219692642,1084.367215994516,2674.2876345781797,1056.3712527312296,2611.2967172357853,1055.3015180147702,2610.8212795840254,1083.2974812780567,1
234,7,23.500000000000064,2816.22188809419,1106.6271333445777,2847.5049085300307,1121.105483817293,2847.9315536855834,1093.1087344718555,2784.9388676583494,1092.1487828718625,2784.5122225027967,1120.1455322173,1
234,8,23.500000000000064,906.609125004918,1181.4533470368074,875.3391287542627,1166.9468886653096,874.8873233653259,1194.9432432831975,937.8791212555734,1195.959805408305,938.3309266445102,1167.9634507904173,1
234,9,23.500000000000064,631.9482155478242,1177.9985204442237,600.8609016588964,1163.1045983559598,600.0612279897283,1191.0931767768593,663.0355294367521,1192.8924425324876,663.8352031059202,1164.903864111588,1
234,10,23.500000000000064,925.2696761459051,1156.4385078075388,893.5821326295227,1142.8683351521388,893.963049756692,1170.86574399907,956.9572196622876,1170.0086804629389,956.5763025351182,1142.0112716160077,1
234,11,23.500000000000064,1983.0384023683505,393.2023180533731,1997.6142400231606,361.96460116079885,1969.6189573301783,361.4506488867375,1968.4625647135404,424.4400349459474,1996.4578474065227,424.95398722000874,1
234,12,23.500000000000064,1984.0309923726581,339.13535664227265,1998.606830027468,307.89763974969827,1970.611547334486,307.38368747563715,1969.4551547178482,370.37307353484704,1997.4504374108303,370.88702580890816,1
234,13,23.500000000000064,3627.674481666768,1118.9929374505182,3658.957502102608,1133.4712879232347,3659.3841472581616,1105.4745385777974,3596.3914612309277,1104.5145869778016,3595.964816075374,1132.511336323239,1
234,14,23.500000000000064,10.894679453647768,1168.052277576559,0.0,1153.6307579035831,0.0,1181.6282358354822,42.203939590578074,1182.4737972495348,42.57974466349029,1154.4763193176357,1
235,1,23.600000000000065,1809.8455793403737,1157.9084450073838,1778.1908461291544,1144.2619119192132,1778.504259329265,1172.2601577958033,1841.500312551593,1171.5549780955544,1841.1868993514822,1143.5567322189643,1
235,2,23.600000000000065,131.42230254643846,1064.8377616732814,162.81615201769765,1079.0742013748331,163.02667238297016,1051.0749927935929,100.02845307517927,1050.6013219717297,99.81793270990676,1078.60053055297,1
235,3,23.600000000000065,2009.0913993635347,944.6558420155242,2023.7509026232508,913.4573009570328,1995.7570978755982,912.8683223917974,1994.4318961038186,975.8543830740156,2022.4257008514712,976.443361639251,1
235,4,23.600000000000065,1814.183358133524,1091.3569718265223,1845.4663785693647,1105.8353222992375,1845.8930237249172,1077.8385729538002,1782.9003376976834,1076.8786213538071,1782.473692542131,1104.8753706992445,1
235,5,23.600000000000065,2146.262542037368,945.9838896525922,2156.41969092482,978.9244774809558,2177.5196245252705,960.5181524252428,2136.105393149916,913.0433018242286,2115.0054595494653,931.4496268799417,1
235,6,23.600000000000065,2635.030872164135,1069.7065987434798,2666.2886120094518,1084.2394477333544,2666.764049661213,1056.2434844700679,2603.773132318818,1055.1737497536053,2603.297694667057,1083.1697130168918,1
235,7,23.600000000000065,2808.927100362843,1106.515967372844,2840.210120798683,1120.9943178455605,2840.6367659542366,1092.9975685001232,2777.6440799270026,1092.0376169001274,2777.217434771449,1120.0343662455648,1
235,8,23.600000000000065,914.1290311029838,1181.5747033400035,882.8590348523285,1167.0682449685057,882.4072294633917,1195.0645995863936,945.3990273536392,1196.0811617115012,945.850832742576,1168.0848070936133,1
235,9,23.600000000000065,635.0243061170809,1178.0864087462023,603.936992228153,1163.1924866579384,603.1373185589849,1191.181065078838,666.1116200060087,1192.9803308344663,666.9112936751768,1164.9917524135667,1
235,10,23.600000000000065,937.2723969499903,1156.2752054836737,905.5848534336078,1142.7050328282737,905.9657705607772,1170.702441675205,968.9599404663727,1169.8453781390738,968.5790233392033,1141.8479692921426,1
235,11,23.600000000000065,1982.9173838916925,399.79426566427765,1997.4932215465026,368.5565487717034,1969.4979388535203,368.042596497642,1968.3415462368823,431.0319825568519,1996.3368289298646,431.54593483091327,1
235,12,23.600000000000065,1984.0149515933736,340.00910732564887,1998.5907892481835,308.7713904330745,1970.5955065552014,308.25743815901336,1969.4391139385637,371.24682421822325,1997.4343966315457,371.7607764922844,1
235,13,23.600000000000065,3617.019511233283,1118.8305653314583,3648.3025316691233,1133.3089158041748,3648.729176824677,1105.3121664587375,3585.736490797443,1104.3522148587417,3585.3098456418893,1132.348964204179,1
235,14,23.600000000000065,14.901110032125871,1168.1060551682165,0.0,1153.684535495242,0.0,1181.682013427141,46.2103701690568,1182.527574841191,46.58617524196781,1154.5300969092918,1
236,1,23.700000000000067,1809.8455793403737,1157.9084450073838,1778.1908461291544,1144.2619119192132,1778.504259329265,1172.2601577958033,1841.500312551593,1171.5549780955544,1841.1868993514822,1143.5567322189643,1
236,2,23.700000000000067,119.64713075817622,1064.749226547054,151.0409802294354,1078.9856662486056,151.25150059470792,1050.9864576673654,88.25328128691703,1050.5127868455022,88.04276092164451,1078.5119954267425,1
236,3,23.700000000000067,2009.0913993635347,944.6558420155242,2023.7509026232508,913.4573009570328,1995.7570978755982,912.8683223917974,1994.4318961038186,975.8543830740156,2022.4257008514712,976.443361639251,1
236,4,23.700000000000067,1803.9287480389871,1091.200700837168,1835.2117684748273,1105.6790513098845,1835.638413630381,1077.682301964447,1772.645727603147,1076.7223503644514,1772.2190824475933,1104.7190997098887,1
236,5,23.700000000000067,2139.9013742421753,938.6918192532253,2150.0585231296272,971.6324070815889,2171.158456730078,953.2260820258758,2129.7442253547233,905.7512314248617,2108.6442917542727,924.1575564805747,1
236,6,23.700000000000067,2627.507998367998,1069.5788425588294,2658.7657382133148,1084.1116915487037,2659.241175865076,1056.1157282854172,2596.250258522681,1055.045993568955,2595.77482087092,1083.0419568322416,1
236,7,23.700000000000067,2801.6323126314956,1106.4048014011105,2832.915333067336,1120.8831518738257,2833.341978222889,1092.8864025283883,2770.349292195655,1091.9264509283953,2769.922647040102,1119.9232002738327,1
236,8,23.700000000000067,921.6489372010499,1181.6960596432,890.3789409503945,1167.1896012717023,889.9271355614577,1195.18595588959,952.9189334517052,1196.2025180146977,953.370738840642,1168.2061633968099,1
236,9,23.700000000000067,638.2104163575241,1178.1774404673579,607.1231024685962,1163.283518379094,606.3234287994281,1191.2720967999935,669.2977302464519,1193.0713625556218,670.09740391562,1165.0827841347223,1
236,10,23.700000000000067,949.2736347636219,1156.1119233365494,917.5860912472394,1142.5417506811493,917.9670083744088,1170.5391595280805,980.9611782800043,1169.6820959919494,980.580261152835,1141.6846871450182,1
236,11,23.700000000000067,1982.7963654150344,406.3862132751821,1997.3722030698445,375.14849638260785,1969.3769203768622,374.6345441085465,1968.2205277602243,437.6239301677564,1996.2158104532066,438.13788244181774,1
236,12,23.700000000000067,1983.9969038693253,340.99217747087806,1998.5727415241352,309.7544605783037,1970.577458831153,309.24050830424255,1969.4210662145153,372.22989436345244,1997.4163489074974,372.74384663751357,1
236,13,23.700000000000067,3606.249940008023,1118.6664467999121,3637.532960443863,1133.1447972726287,3637.9596055994166,1105.1480479271913,3574.9669195721826,1104.1880963271956,3574.540274416629,1132.184845672633,1
236,14,23.700000000000067,19.01929173543317,1168.1613327749724,0.0,1153.7398131019982,0.0,1181.737291033897,50.32855187236414,1182.5828524479466,50.70435694527507,1154.5853745160478,1
237,1,23.800000000000068,1809.8455793403737,1157.9084450073838,1778.1908461291544,1144.2619119192132,1778.504259329265,1172.2601577958033,1841.500312551593,1171.5549780955544,1841.1868993514822,1143.5567322189643,1
237,2,23.800000000000068,107.87195896991466,1064.6606914208264,139.26580844117385,1078.8971311223781,139.47632880644636,1050.8979225411379,76.47810949865547,1050.4242517192747,76.26758913338296,1078.423460300515,1
237,3,23.800000000000068,2009.0913993635347,944.6558420155242,2023.7509026232508,913.4573009570328,1995.7570978755982,912.8683223917974,1994.4318961038186,975.8543830740156,2022.4257008514712,976.443361639251,1
237,4,23.800000000000068,1793.6752725776744,1091.0444471385981,1824.958293013515,1105.5227976113133,1825.3849381690675,1077.526048265876,1762.3922521418338,1076.566096665883,1761.9656069862813,1104.5628460113203,1
237,5,23.800000000000068,2133.5402064469827,931.3997488538585,2143.6973553344333,964.3403366822224,2164.797288934885,945.9340116265099,2123.383057559532,898.4591610254945,2102.2831239590805,916.865486081207,1
237,6,23.800000000000068,2619.9844134510304,1069.451074297666,2651.2421532963476,1083.983923287539,2651.7175909481075,1055.9879600242525,2588.726673605713,1054.9182253077931,2588.2512359539533,1082.9141885710796,1
237,7,23.800000000000068,2794.3375249001483,1106.293635429377,2825.6205453359885,1120.7719859020935,2826.047190491542,1092.7752365566564,2763.054504464308,1091.8152849566604,2762.6278593087545,1119.8120343020976,1
237,8,23.800000000000068,929.1688432991157,1181.8174159463965,897.8988470484596,1167.3109575749002,897.4470416595242,1195.307312192788,960.4388395497717,1196.323874317893,960.8906449387072,1168.327519700005,1
237,9,23.800000000000068,641.5065462691539,1178.2716156076901,610.419232380226,1163.3776935194262,609.619558711058,1191.3662719403258,672.5938601580817,1193.165537695954,673.3935338272498,1165.1769592750545,1
237,10,23.800000000000068,961.2763555677068,1155.9486210126843,929.5888120513243,1142.3784483572842,929.9697291784937,1170.3758572042154,992.9638990840892,1169.5187936680843,992.5829819569199,1141.521384821153,1
237,11,23.800000000000068,1982.6753469383764,412.9781608860866,1997.2511845931865,381.7404439935123,1969.2559019002042,381.22649171945096,1968.0995092835662,444.21587777866085,1996.0947919765485,444.7298300527222,1
237,12,23.800000000000068,1983.9768492005126,342.0845670779601,1998.5526868553225,310.84685018538573,1970.5574041623404,310.3328979113246,1969.4010115457027,373.3222839705345,1997.3962942386847,373.8362362445956,1
237,13,23.800000000000068,3595.3657679909866,1118.5005818558793,3626.6487884268267,1132.9789323285959,3627.0754335823804,1104.9821829831587,3564.0827475551464,1104.0222313831628,3563.656102399593,1132.0189807286,1
237,14,23.800000000000068,23.24922456357058,1168.2181103968264,0.0,1153.7965907238522,0.0,1181.794068655751,54.558484700501545,1182.6396300698007,54.93428977341248,1154.6421521379018,1
238,1,23.90000000000007,1809.8455793403737,1157.9084450073838,1778.1908461291544,1144.2619119192132,1778.504259329265,1172.2601577958033,1841.500312551593,1171.5549780955544,1841.1868993514822,1143.5567322189643,1
238,2,23.90000000000007,96.09678718165264,1064.5721562945987,127.49063665291183,1078.8085959961504,127.70115701818435,1050.8093874149101,64.70293771039346,1050.335716593047,64.49241734512094,1078.3349251742873,1
238,3,23.90000000000007,2009.0913993635347,944.6558420155242,2023.7509026232508,913.4573009570328,1995.7570978755982,912.8683223917974,1994.4318961038186,975.8543830740156,2022.4257008514712,976.443361639251,1
238,4,23.90000000000007,1783.4206624831374,1090.888176149244,1814.7036829189776,1105.3665266219605,1815.1303280745312,1077.369777276523,1752.1376420472973,1076.4098256765274,1751.7109968917437,1104.4065750219647,1
238,5,23.90000000000007,2127.1790386517905,924.1076784544916,2137.336187539241,957.0482662828556,2158.4361211396927,938.6419412271431,2117.02188976434,891.1670906261277,2095.9219561638884,909.5734156818402,1
238,6,23.90000000000007,2612.4610792730678,1069.3233102946438,2643.718819118385,1083.8561592845167,2644.194256770145,1055.8601960212302,2581.2033394277505,1054.7904613047708,2580.7279017759906,1082.7864245680573,1
238,7,23.90000000000007,2787.042737168801,1106.1824694576433,2818.3257576046417,1120.6608199303585,2818.7524027601944,1092.664070584921,2755.7597167329604,1091.704118984928,2755.3330715774077,1119.7008683303654,1
238,8,23.90000000000007,936.6887493971817,1181.9387722495926,905.4187531465263,1167.4323138780949,904.9669477575895,1195.4286684959827,967.9587456478371,1196.4452306210903,968.4105510367739,1168.4488760032025,1
238,9,23.90000000000007,644.912695851971,1178.3689341671993,613.8253819630431,1163.4750120789354,613.025708293875,1191.463590499835,676.0000097408988,1193.2628562554632,676.7996834100669,1165.2742778345637,1
238,10,23.90000000000007,973.2790763717919,1155.7853186888192,941.5915328554095,1142.2151460334192,941.9724499825788,1170.2125548803504,1004.9666198881744,1169.3554913442192,1004.585702761005,1141.358082497288,1
238,11,23.90000000000007,1982.5543284617183,419.57010849699117,1997.1301661165282,388.3323916044168,1969.1348834235462,387.8184393303556,1967.9784908069084,450.80782538956555,1995.9737734998905,451.32177766362673,1
238,12,23.90000000000007,1983.954791185057,343.2860801551272,1998.530628839867,312.0483632625528,1970.5353461468849,311.5344109884917,1969.3789535302471,374.5237970477016,1997.3742362232292,375.0377493217627,1
238,13,23.90000000000007,3584.3669951821757,1118.3329704993605,3615.650015618016,1132.811320972077,3616.0766607735695,1104.81457162664,3553.0839747463356,1103.854620026644,3552.657329590782,1131.851369372081,1
238,14,23.90000000000007,27.590908516537638,1168.276388033779,0.0,1153.8548683608033,0.0,1181.8523462927024,58.900168653467944,1182.697907706755,59.27597372638016,1154.7004297748558,1
239,1,24.00000000000007,1809.8455793403737,1157.9084450073838,1778.1908461291544,1144.2619119192132,1778.504259329265,1172.2601577958033,1841.500312551593,1171.5549780955544,1841.1868993514822,1143.5567322189643,1
239,2,24.00000000000007,84.32161539339063,1064.4836211683714,115.71546486464982,1078.7200608699231,115.92598522992233,1050.7208522886829,52.92776592213145,1050.2471814668197,52.71724555685893,1078.24639004806,1
239,3,24.00000000000007,2009.0913993635347,944.6558420155242,2023.7509026232508,913.4573009570328,1995.7570978755982,912.8683223917974,1994.4318961038186,975.8543830740156,2022.4257008514712,976.443361639251,1
239,4,24.00000000000007,1773.1660523886005,1090.7319051598893,1804.4490728244414,1105.2102556326045,1804.8757179799936,1077.213506287167,1741.8830319527597,1076.253554687174,1741.4563867972074,1104.2503040326114,1
239,5,24.00000000000007,2120.817870856598,916.8156080551246,2130.9750197440485,949.7561958834885,2152.0749533445,931.349870827776,2110.6607219691473,883.8750202267606,2089.5607883686957,902.2813452824731,1
239,6,24.00000000000007,2604.9374943561,1069.1955420334805,2636.195234201417,1083.728391023355,2636.670671853178,1055.7324277600685,2573.6797545107834,1054.662693043606,2573.204316859022,1082.6586563068925,1
239,7,24.00000000000007,2779.747949437454,1106.0713034859098,2811.030969873294,1120.5496539586263,2811.4576150288476,1092.552904613189,2748.4649290016137,1091.5929530131932,2748.03828384606,1119.5897023586306,1
239,8,24.00000000000007,944.2086554952475,1182.0601285527891,912.9386592445921,1167.5536701812914,912.4868538556553,1195.5500247991793,975.4786517459029,1196.5665869242869,975.9304571348397,1168.570232306399,1
239,9,24.00000000000007,648.4288651059742,1178.469396145885,617.341551217047,1163.5754740576197,616.5418775478777,1191.5640524785192,679.5161789949013,1193.3633182341503,680.3158526640707,1165.3747398132507,1
239,10,24.00000000000007,985.281797175877,1155.622016364954,953.5942536594946,1142.051843709554,953.975170786664,1170.0492525564853,1016.9693406922595,1169.1921890203541,1016.5884235650901,1141.194780173423,1
239,11,24.00000000000007,1982.4333110061395,426.162000489106,1997.0091486609494,394.9242835965316,1969.0138659679674,394.4103313224704,1967.8574733513296,457.3997173816804,1995.8527560443117,457.91366965574156,1
239,12,24.00000000000007,1983.9307262248374,344.59691269414714,1998.5065638796473,313.35919580157275,1970.5112811866652,312.8452435275116,1969.3548885700275,375.8346295867215,1997.3501712630095,376.34858186078264,1
239,13,24.00000000000007,3573.253621581589,1118.1636127303552,3604.5366420174296,1132.6419632030704,3604.9632871729823,1104.645213857633,3541.9706011457483,1103.68526225764,3541.5439559901956,1131.6820116030774,1
239,14,24.00000000000007,32.04434359433435,1168.33616568583,0.735083457403384,1153.9146460128559,0.3592783844924483,1181.9121239447547,63.353603731265316,1182.7576853588043,63.72940880417625,1154.7602074269055,1
240,1,24.100000000000072,1809.8455793403737,1157.9084450073838,1778.1908461291544,1144.2619119192132,1778.504259329265,1172.2601577958033,1841.500312551593,1171.5549780955544,1841.1868993514822,1143.5567322189643,1
240,2,24.100000000000072,72.54644360512839,1064.3950860421437,103.94029307638758,1078.6315257436954,104.15081344166009,1050.6323171624551,41.15259413386921,1050.158646340592,40.942073768596686,1078.1578549218323,1
240,3,24.100000000000072,2009.0913993635347,944.6558420155242,2023.7509026232508,913.4573009570328,1995.7570978755982,912.8683223917974,1994.4318961038186,975.8543830740156,2022.4257008514712,976.443361639251,1
240,4,24.100000000000072,1762.9114422940634,1090.5756341705348,1794.1944627299035,1105.0539846432514,1794.6211078854571,1077.0572352978143,1731.6284218582232,1076.0972836978183,1731.2017767026696,1104.0940330432554,1
240,5,24.100000000000072,2114.4567030614057,909.5235376557578,2117.665702365387,943.844847704575,2142.082675002371,930.1404160401544,2111.2477037574245,875.2022276069405,2086.8307311204403,888.9066592713611,1
240,6,24.100000000000072,2597.413909439132,1069.0677737723172,2628.671649284449,1083.6006227621917,2629.14708693621,1055.6046594989052,2566.1561695938153,1054.5349247824427,2565.680731942054,1082.5308880457292,1
240,7,24.100000000000072,2772.4531617061066,1105.960137514176,2803.7361821419468,1120.4384879868926,2804.1628272975004,1092.4417386414552,2741.1701412702664,1091.4817870414595,2740.743496114713,1119.4785363868968,1
240,8,24.100000000000072,951.7285615933133,1182.1814848559857,920.4585653426573,1167.6750264844893,920.0067599537218,1195.6713811023772,982.9985578439694,1196.687943227482,983.4503632329048,1168.6915886095942,1
240,9,24.100000000000072,652.0550540311647,1178.5730015437475,620.9677401422368,1163.6790794554836,620.1680664730687,1191.6676578763831,683.1423679200925,1193.4669236320115,683.9420415892606,1165.478345211112,1
240,10,24.100000000000072,997.2844228582344,1155.4587153352622,965.5968793418525,1141.8885426798606,965.9777964690207,1169.885951526792,1028.9719663746162,1169.0288879906639,1028.5910492474482,1141.0314791437324,1
240,11,24.100000000000072,1982.3122925294815,432.75394810001046,1996.8881301842916,401.5162312074362,1968.8928474913093,401.00227893337484,1967.7364548746714,463.99166499258473,1995.7317375676537,464.5056172666461,1
240,12,24.100000000000072,1983.9046543198538,346.01706469502005,1998.4804919746637,314.7793478024457,1970.4852092816816,314.2653955283845,1969.3288166650439,377.2547815875944,1997.324099358026,377.7687338616556,1
240,13,24.100000000000072,3562.025647189227,1117.9925085488635,3593.3086676250678,1132.4708590215787,3593.7353127806205,1104.4741096761413,3530.7426267533865,1103.5141580761483,3530.315981597834,1131.5109074215857,1
240,14,24.100000000000072,36.60952979696117,1168.3974433529793,5.300269660030203,1153.975923680005,4.924464587119267,1181.973401611904,67.91878993389213,1182.8189630259535,68.29459500680306,1154.8214850940547,1
241,1,24.200000000000074,1809.8455793403737,1157.9084450073838,1778.1908461291544,1144.2619119192132,1778.504259329265,1172.2601577958033,1841.500312551593,1171.5549780955544,1841.1868993514822,1143.5567322189643,1
241,2,24.200000000000074,60.771271816866374,1064.3065509159164,92.16512128812553,1078.5429906174681,92.37564165339809,1050.5437820362279,29.37742234560721,1050.0701112143647,29.166901980334654,1078.069319795605,1
241,3,24.200000000000074,2009.0913993635347,944.6558420155242,2023.7509026232508,913.4573009570328,1995.7570978755982,912.8683223917974,1994.4318961038186,975.8543830740156,2022.4257008514712,976.443361639251,1
241,4,24.200000000000074,1752.6568321995264,1090.4193631811804,1783.9398526353673,1104.8977136538956,1784.3664977909195,1076.9009643084582,1721.3738117636856,1075.9410127084652,1720.9471666081333,1103.9377620539026,1
241,5,24.200000000000074,2110.694200792599,900.6485072655132,2109.270434416334,935.0900938913616,2135.3050195823294,924.7847372631547,2112.117967168864,866.2069206396649,2086.083382002869,876.5122772678717,1
241,6,24.200000000000074,2589.890324522165,1068.9400055111537,2621.148064367482,1083.4728545010266,2621.623502019242,1055.4768912377401,2558.6325846768477,1054.4071565212807,2558.157147025088,1082.4031197845673,1
241,7,24.200000000000074,2765.1583739747593,1105.8489715424425,2796.4413944106,1120.3273220151577,2796.8680395661527,1092.3305726697204,2733.8753535389187,1091.3706210697273,2733.448708383366,1119.3673704151647,1
241,8,24.200000000000074,959.2484676913793,1182.302841159182,927.978471440724,1167.7963827876843,927.5266660517872,1195.792737405572,990.5184639420347,1196.8092995306797,990.9702693309715,1168.8129449127919,1
241,9,24.200000000000074,655.7912626275418,1178.6797503607868,624.7039487386139,1163.7858282725228,623.9042750694458,1191.7744066934224,686.8785765164696,1193.5736724490507,687.6782501856377,1165.5850940281512,1
241,10,24.200000000000074,1009.2871436623193,1155.295413011397,977.5996001459374,1141.7252403559953,977.9805172731056,1169.7226492029267,1040.974687178701,1168.8655856667986,1040.593770051533,1140.8681768198671,1
241,11,24.200000000000074,1982.1912740528235,439.345895710915,1996.7671117076334,408.1081788183406,1968.7718290146513,407.5942265442795,1967.6154363980136,470.58361260348937,1995.6107190909956,471.0975648775505,1
241,12,24.200000000000074,1983.8765754701062,347.5465361577458,1998.4524131249161,316.30881926517145,1970.457130431934,315.7948669911102,1969.3007378152963,378.7842530503201,1997.2960205082784,379.29820532438134,1
241,13,24.200000000000074,3550.6830720050893,1117.8196579548858,3581.96609244093,1132.298008427601,3582.3927375964827,1104.3012590821636,3519.4000515692487,1103.3413074821706,3518.973406413696,1131.338056827608,1
241,14,24.200000000000074,41.286298997183394,1168.4602187784858,9.977038860252428,1154.0386991055116,9.601233787341492,1182.0361770374104,72.59555913411435,1182.88173845146,72.97136420702529,1154.8842605195612,1
242,1,24.300000000000075,1809.8455793403737,1157.9084450073838,1778.1908461291544,1144.2619119192132,1778.504259329265,1172.2601577958033,1841.500312551593,1171.5549780955544,1841.1868993514822,1143.5567322189643,1
242,2,24.300000000000075,48.996100028604815,1064.2180157896887,80.389949499864,1078.4544554912404,80.60046986513652,1050.4552469100001,17.602250557345634,1049.981576088137,17.391730192073112,1077.9807846693773,1
242,3,24.300000000000075,2009.0913993635347,944.6558420155242,2023.7509026232508,913.4573009570328,1995.7570978755982,912.8683223917974,1994.4318961038186,975.8543830740156,2022.4257008514712,976.443361639251,1
242,4,24.300000000000075,1742.4034827302698,1090.2631114026158,1773.6865031661107,1104.741461875331,1774.113148321663,1076.7447125298936,1711.120462294429,1075.7847609299006,1710.6938171388767,1103.781510275338,1
242,5,24.300000000000075,2107.132702095662,891.6510368732512,2105.7089357193963,926.0926234990995,2131.743520885392,915.7872668708932,2108.5564684719275,857.2094502474029,2082.5218833059316,867.5148068756092,1
242,6,24.300000000000075,2582.3667396051974,1068.8122372499902,2613.624479450514,1083.3450862398647,2614.0999171022754,1055.3491229765782,2551.1089997598806,1054.2793882601156,2550.6335621081193,1082.2753515234022,1
242,7,24.300000000000075,2757.8635862434116,1105.7378055707088,2789.146606679252,1120.2161560434254,2789.5732518348054,1092.2194066979882,2726.5805658075715,1091.2594550979923,2726.153920652018,1119.2562044434294,1
242,8,24.300000000000075,966.7683737894451,1182.4241974623783,935.4983775387898,1167.9177390908806,935.046572149853,1195.9140937087684,998.0383700401005,1196.930655833876,998.4901754290373,1168.9343012159882,1
242,9,24.300000000000075,659.6374908951057,1178.789642597003,628.5501770061778,1163.895720508739,627.7505033370097,1191.8842989296386,690.7248047840335,1193.683564685267,691.5244784532016,1165.6949862643673,1
242,10,24.300000000000075,1021.2897268974652,1155.132112559218,989.6021833810828,1141.561939903818,989.9831005082522,1169.5593487507492,1052.9772704138477,1168.702285214618,1052.5963532866783,1140.704876367687,1
242,11,24.300000000000075,1982.0702555761652,445.9378433218195,1996.646093230975,414.7001264292452,1968.650810537993,414.18617415518395,1967.4944179213553,477.17556021439384,1995.4897006143374,477.6895124884551,1
242,12,24.300000000000075,1983.8464896755945,349.18532708232436,1998.4223273304044,317.94761018975,1970.4270446374223,317.43365791568885,1969.2706520207846,380.42304397489875,1997.2659347137667,380.9369962489599,1
242,13,24.300000000000075,3539.2258960291765,1117.6450609484214,3570.508916465017,1132.1234114211366,3570.93556162057,1104.1266620756992,3507.942875593336,1103.1667104757062,3507.516230437783,1131.1634598211435,1
242,14,24.300000000000075,46.074819322235044,1168.5244942190902,14.765559185304735,1154.1029745461144,14.389754112392527,1182.1004524780135,77.38407945916535,1182.946013892066,77.75988453207756,1154.948535960167,1
243,1,24.400000000000077,1809.8455793403737,1157.9084450073838,1778.1908461291544,1144.2619119192132,1778.504259329265,1172.2601577958033,1841.500312551593,1171.5549780955544,1841.1868993514822,1143.5567322189643,1
243,2,24.400000000000077,37.2209282403428,1064.1294806634612,68.61477771160199,1078.365920365013,68.8252980768745,1050.3667117837726,5.82707876908362,1049.8930409619095,5.616558403811098,1077.8922495431498,1
243,3,24.400000000000077,2009.0913993635347,944.6558420155242,2023.7509026232508,913.4573009570328,1995.7570978755982,912.8683223917974,1994.4318961038186,975.8543830740156,2022.4257008514712,976.443361639251,1
243,4,24.400000000000077,1732.1488726357327,1090.1068404132614,1763.4318930715729,1104.585190885978,1763.8585382271265,1076.5884415405408,1700.8658521998925,1075.6284899405448,1700.439207044339,1103.625239285982,1
243,5,24.400000000000077,2103.5712033987247,882.6535664809892,2102.1474370224596,917.0951531068375,2128.182022188455,906.7897964786309,2104.99496977499,848.2119798551408,2078.9603846089944,858.5173364833474,1
243,6,24.400000000000077,2574.84315468823,1068.684468988827,2606.1008945335466,1083.2173179787014,2606.576332185308,1055.2213547154147,2543.585414842913,1054.1516199989524,2543.1099771911518,1082.147583262239,1
243,7,24.400000000000077,2750.5687985120644,1105.626639598975,2781.851818947905,1120.1049900716903,2782.2784641034577,1092.108240726253,2719.285778076224,1091.14828912626,2718.859132920671,1119.1450384716973,1
243,8,24.400000000000077,974.288279887511,1182.5455537655748,943.0182836368556,1168.039095394077,942.5664782479188,1196.035450011965,1005.5582761381663,1197.0520121370726,1006.0100815271031,1169.0556575191847,1
243,9,24.400000000000077,663.5937388338562,1178.902678252396,632.5064249449283,1164.0087561641321,631.7067512757602,1191.9973345850317,694.681052722784,1193.79660034066,695.4807263919521,1165.8080219197604,1
243,10,24.400000000000077,1033.2926598670022,1155.0,1001.7926598670022,1141.0,1001.7926598670022,1169.0,1064.7926598670022,1169.0,1064.7926598670022,1141.0,1
243,11,24.400000000000077,1981.949248484941,452.52917076143785,1996.5250861397512,421.2914538688636,1968.529803446769,420.77750159480223,1967.373410830131,483.7668876540121,1995.3686935231133,484.2808399280735,1
243,12,24.400000000000077,1983.8143969363186,350.93343746875587,1998.3902345911285,319.6957205761815,1970.3949518981465,319.1817683021203,1969.2385592815087,382.17115436133025,1997.2338419744908,382.68510663539143,1
243,13,24.400000000000077,3527.6541192614877,1117.4687175294707,3558.9371396973283,1131.947068002186,3559.363784852881,1103.9503186567485,3496.371098825647,1102.9903670567555,3495.9444536700944,1130.987116402193,1
243,14,24.400000000000077,50.97509077211657,1168.5902696747935,19.665830635185607,1154.1687500018193,19.29002556227467,1182.1662279337181,82.28435090904753,1183.0117893477677,82.66015598195847,1155.0143114158689,1
244,1,24.500000000000078,1809.8455793403737,1157.9084450073838,1778.1908461291544,1144.2619119192132,1778.504259329265,1172.2601577958033,1841.500312551593,1171.5549780955544,1841.1868993514822,1143.5567322189643,1
244,2,24.500000000000078,25.44641235403037,1064.0409504688273,56.84026182528953,1078.277390170379,57.05078219056209,1050.2781815891387,0.0,1049.8045107672756,0.0,1077.8037193485159,1
244,3,24.500000000000078,2009.0913993635347,944.6558420155242,2023.7509026232508,913.4573009570328,1995.7570978755982,912.8683223917974,1994.4318961038186,975.8543830740156,2022.4257008514712,976.443361639251,1
244,4,24.500000000000078,1721.8942625411958,1089.950569423907,1753.177282977036,1104.4289198966235,1753.6039281325895,1076.4321705511861,1690.6112421053556,1075.4722189511904,1690.184596949802,1103.4689682966277,1
244,5,24.500000000000078,2100.009704701788,873.6560960887273,2098.585938325523,908.0976827145756,2124.6205234915183,897.7923260863689,2101.433471078053,839.2145094628789,2075.3988859120577,849.5198660910856,1
244,6,24.500000000000078,2567.32130462427,1068.5567301895694,2598.5790444695867,1083.089579179444,2599.054482121348,1055.0936159161574,2536.063564778953,1054.0238811996949,2535.588127127192,1082.0198444629814,1
244,7,24.500000000000078,2743.274010780717,1105.5154736272416,2774.5570312165573,1119.9938240999581,2774.983676372111,1091.9970747545208,2711.990990344877,1091.037123154525,2711.5643451893234,1119.0338724999624,1
244,8,24.500000000000078,981.808185985577,1182.6669100687711,950.5381897349209,1168.1604516972748,950.0863843459855,1196.1568063151626,1013.078182236233,1197.1733684402675,1013.5299876251685,1169.1770138223796,1
244,9,24.500000000000078,667.6600064437937,1179.0188573269656,636.5726925548665,1164.1249352387003,635.7730188856972,1192.1135136596,698.7473203327208,1193.912779415231,699.5469940018902,1165.9242009943314,1
244,10,24.500000000000078,1045.2964915198452,1155.0,1013.7964915198452,1141.0,1013.7964915198452,1169.0,1076.7964915198452,1169.0,1076.7964915198452,1141.0,1
244,11,24.500000000000078,1981.828230008283,459.1211183723423,1996.4040676630932,427.88340147976805,1968.408784970111,427.3694492057067,1967.252392353473,490.3588352649166,1995.2476750464552,490.87278753897795,1
244,12,24.500000000000078,1983.780297252279,352.79086731704024,1998.3561349070892,321.55315042446597,1970.360852214107,321.0391981504046,1969.204459597469,384.0285842096145,1997.1997422904512,384.54253648367586,1
244,13,24.500000000000078,3515.967741702024,1117.2906276980339,3547.250762137864,1131.7689781707504,3547.6774072934177,1103.772228825313,3484.6847212661837,1102.8122772253173,3484.25807611063,1130.8090265707547,1
244,14,24.500000000000078,55.98711334682798,1168.6575451455951,24.677853209897016,1154.236025472621,24.30204813698608,1182.2335034045198,87.29637348375894,1183.0790648185693,87.67217855666988,1155.0815868866705,1
245,1,24.60000000000008,1809.8455793403737,1157.9084450073838,1778.1908461291544,1144.2619119192132,1778.504259329265,1172.2601577958033,1841.500312551593,1171.5549780955544,1841.1868993514822,1143.5567322189643,1
245,3,24.60000000000008,2009.0913993635347,944.6558420155242,2023.7509026232508,913.4573009570328,1995.7570978755982,912.8683223917974,1994.4318961038186,975.8543830740156,2022.4257008514712,976.443361639251,1
245,4,24.60000000000008,1711.6396524466588,1089.7942984345523,1742.922672882499,1104.2726489072688,1743.3493180380526,1076.2758995618315,1680.3566320108187,1075.3159479618357,1679.929986855265,1103.312697307273,1
245,5,24.60000000000008,2096.448206004851,864.6586256964652,2095.0244396285857,899.1002123223135,2121.059024794581,888.7948556941068,2097.871972381116,830.2170390706168,2071.8373872151205,840.5223956988235,1
245,6,24.60000000000008,2559.797719707303,1068.4289619284064,2591.0554595526196,1082.9618109182807,2591.530897204381,1054.9658476549944,2528.539979861986,1053.896112938532,2528.0645422102248,1081.8920762018183,1
245,7,24.60000000000008,2735.97922304937,1105.404307655508,2767.26224348521,1119.8826581282246,2767.6888886407637,1091.8859087827873,2704.6962026135297,1090.9259571827915,2704.269557457976,1118.922706528229,1
245,8,24.60000000000008,989.3280920836428,1182.7882663719674,958.0580958329874,1168.2818080004697,957.6062904440506,1196.2781626183576,1020.5980883342982,1197.2947247434652,1021.049893723235,1169.2983701255773,1
245,9,24.60000000000008,671.8362937249178,1179.138179820712,640.74897983599,1164.244257732448,639.9493061668219,1192.2328361533475,702.9236076138457,1194.0321019089758,703.7232812830138,1166.0435234880763,1
245,10,24.60000000000008,1057.3003231726882,1155.0,1025.8003231726882,1141.0,1025.8003231726882,1169.0,1088.8003231726882,1169.0,1088.8003231726882,1141.0,1
245,11,24.60000000000008,1981.707211531625,465.71306598324685,1996.2830491864352,434.4753490906726,1968.2877664934529,433.9613968166112,1967.131373876815,496.9507828758211,1995.1266565697972,497.4647351498825,1
245,12,24.60000000000008,1983.744190623475,354.75761662717764,1998.320028278285,323.5198997346033,1970.324745585303,323.0059474605421,1969.1683529686652,385.99533351975197,1997.1636356616473,386.5092857938132,1
245,13,24.60000000000008,3504.166763350784,1117.1107914541108,3535.4497837866243,1131.5891419268273,3535.876428942178,1103.5923925813902,3472.883742914944,1102.6324409813942,3472.4570977593903,1130.6291903268313,1
245,14,24.60000000000008,61.11088704636927,1168.726320631495,29.801626909438305,1154.3048009585207,29.42582183652737,1182.3022788904195,92.42014718330023,1183.1478403044691,92.79595225621117,1155.1503623725703,1
246,1,24.70000000000008,1809.8455793403737,1157.9084450073838,1778.1908461291544,1144.2619119192132,1778.504259329265,1172.2601577958033,1841.500312551593,1171.5549780955544,1841.1868993514822,1143.5567322189643,1
246,3,24.70000000000008,2009.0913993635347,944.6558420155242,2023.7509026232508,913.4573009570328,1995.7570978755982,912.8683223917974,1994.4318961038186,975.8543830740156,2022.4257008514712,976.443361639251,1
246,4,24.70000000000008,1701.3850423521217,1089.6380274451978,1732.6680627879616,1104.1163779179146,1733.0947079435155,1076.1196285724773,1670.1020219162817,1075.159676972481,1669.6753767607279,1103.1564263179184,1
246,5,24.70000000000008,2095.081053860091,855.2586849102295,2080.63778723502,886.5579189135899,2108.6349973406304,886.9531736444926,2109.5243204851618,823.959450906869,2081.5271103795512,823.5641961759663,1
246,6,24.70000000000008,2552.2741347903348,1068.3011936672428,2583.5318746356515,1082.8340426571174,2584.007312287413,1054.8380793938309,2521.016394945018,1053.7683446773683,2520.5409572932567,1081.7643079406548,1
246,7,24.70000000000008,2728.6844353180227,1105.2931416837744,2759.9674557538633,1119.7714921564896,2760.394100909416,1091.7747428110522,2697.401414882182,1090.8147912110592,2696.9747697266293,1118.8115405564965,1
246,8,24.70000000000008,996.8479981817086,1182.909622675164,965.5780019310532,1168.4031643036662,965.1261965421164,1196.399518921554,1028.117994432364,1197.4160810466617,1028.5697998213006,1169.4197264287739,1
246,9,24.70000000000008,676.1226006772288,1179.260645733635,645.0352867883009,1164.3667236453712,644.2356131191328,1192.3553020662707,707.2099145661566,1194.154567821899,708.0095882353247,1166.1659894009995,1
246,10,24.70000000000008,1069.3041548255312,1155.0,1037.8041548255312,1141.0,1037.8041548255312,1169.0,1100.8041548255312,1169.0,1100.8041548255312,1141.0,1
246,11,24.70000000000008,1981.586193054967,472.3050135941513,1996.1620307097771,441.06729670157705,1968.1667480167948,440.5533444275157,1967.0103554001569,503.5427304867256,1995.0056380931392,504.05668276078694,1
246,12,24.70000000000008,1983.7060770499072,356.83368539916773,1998.2819147047173,325.59596850659347,1970.286632011735,325.0820162325321,1969.130239395097,388.071402291742,1997.1255220880794,388.58535456580336,1
246,13,24.70000000000008,3492.345704909357,1116.9306492077621,3523.6287253451974,1131.4089996804787,3524.055370500751,1103.4122503350413,3461.062684473517,1102.4522987350456,3460.6360393179634,1130.449048080483,1
246,14,24.70000000000008,66.34641187074021,1168.796596132493,35.037151733809246,1154.3750764595188,34.66134666089831,1182.3725543914177,97.65567200767117,1183.2181158054673,98.0314770805821,1155.2206378735684,1
247,1,24.800000000000082,1809.8455793403737,1157.9084450073838,1778.1908461291544,1144.2619119192132,1778.504259329265,1172.2601577958033,1841.500312551593,1171.5549780955544,1841.1868993514822,1143.5567322189643,1
247,3,24.800000000000082,2009.0913993635347,944.6558420155242,2023.7509026232508,913.4573009570328,1995.7570978755982,912.8683223917974,1994.4318961038186,975.8543830740156,2022.4257008514712,976.443361639251,1
247,4,24.800000000000082,1691.1304322575847,1089.4817564558434,1722.4134526934256,1103.9601069285586,1722.8400978489778,1075.9633575831213,1659.847411821744,1075.0034059831282,1659.4207666661916,1103.0001553285656,1
247,5,24.800000000000082,2095.2176526465137,845.5829375386068,2080.7743860214428,876.8821715419672,2108.7715961270533,877.2774262728699,2109.6609192715846,814.2837035352463,2081.663709165974,813.8884488043436,1
247,6,24.800000000000082,2544.750549873367,1068.1734254060793,2576.0082897186844,1082.7062743959523,2576.4837273704443,1054.7103111326658,2513.49281002805,1053.6405764162064,2513.01737237629,1081.636539679493,1
247,7,24.800000000000082,2721.389647586675,1105.1819757120406,2752.672668022515,1119.6603261847572,2753.0993131780688,1091.66357683932,2690.106627150835,1090.703625239324,2689.679981995281,1118.7003745847612,1
247,8,24.800000000000082,1004.3679042797744,1183.0309789783603,973.0979080291183,1168.5245206068641,972.6461026401829,1196.5208752247518,1035.6379005304304,1197.5374373498564,1036.089705919366,1169.5410827319688,1
247,9,24.800000000000082,680.5189273007265,1179.386255065735,649.4316134117987,1164.492332977471,648.6319397426306,1192.4809113983706,711.6062411896544,1194.280177153999,712.4059148588225,1166.2915987330994,1
247,10,24.800000000000082,1081.3079864783742,1155.0,1049.8079864783742,1141.0,1049.8079864783742,1169.0,1112.8079864783742,1169.0,1112.8079864783742,1141.0,1
247,11,24.800000000000082,1981.465174578309,478.89696120505585,1996.041012233119,447.6592443124816,1968.0457295401368,447.1452920384202,1966.8893369234988,510.1346780976301,1994.8846196164811,510.64863037169147,1
247,12,24.800000000000082,1983.6659565315754,359.01907363301086,1998.2417941863853,327.78135674043654,1970.2465114934032,327.2674044663753,1969.0901188767655,390.2567905255852,1997.0854015697475,390.7707427996464,1
247,13,24.800000000000082,3480.5246464679303,1116.7505069614135,3511.807666903771,1131.2288574341287,3512.2343120593237,1103.2321080886913,3449.2416260320897,1102.2721564886983,3448.814980876537,1130.2689058341357,1
247,14,24.800000000000082,71.6936878199408,1168.8683716485898,40.3844276830105,1154.446851975614,40.008622610098286,1182.444329907513,103.00294795687111,1183.2898913215656,103.37875302978333,1155.2924133896665,1
248,1,24.900000000000084,1809.8455793403737,1157.9084450073838,1778.1908461291544,1144.2619119192132,1778.504259329265,1172.2601577958033,1841.500312551593,1171.5549780955544,1841.1868993514822,1143.5567322189643,1
248,3,24.900000000000084,2009.0913993635347,944.6558420155242,2023.7509026232508,913.4573009570328,1995.7570978755982,912.8683223917974,1994.4318961038186,975.8543830740156,2022.4257008514712,976.443361639251,1
248,4,24.900000000000084,1680.875822163048,1089.3254854664888,1712.1588425988882,1103.8038359392053,1712.5854877544418,1075.807086593768,1649.5928017272079,1074.8471349937722,1649.1661565716543,1102.8438843392096,1
248,5,24.900000000000084,2095.3542514329365,835.907190166984,2080.9109848078656,867.2064241703445,2108.908194913476,867.6016789012472,2109.7975180580074,804.6079561636236,2081.800307952397,804.2127014327209,1
248,6,24.900000000000084,2537.2269649564,1068.045657144916,2568.484704801717,1082.5785061347904,2568.960142453478,1054.5825428715038,2505.9692251110832,1053.5128081550417,2505.493787459322,1081.5087714183283,1
248,7,24.900000000000084,2714.0948598553277,1105.0708097403071,2745.3778802911684,1119.5491602130223,2745.804525446721,1091.552410867585,2682.811839419487,1090.592459267592,2682.3851942639344,1118.5892086130293,1
248,8,24.900000000000084,1011.8870655074682,1183.1523232608329,980.6170692568121,1168.6458648893365,980.1652638678767,1196.6422195072244,1043.1570617581242,1197.6587816323292,1043.6088671470598,1169.6624270144414,1
248,9,24.900000000000084,685.0252735954111,1179.5150078170118,653.9379597064833,1164.6210857287479,653.1382860373152,1192.6096641496474,716.112587484339,1194.4089299052757,716.9122611535071,1166.4203514843762,1
248,10,24.900000000000084,1093.3118181312173,1155.0,1061.8118181312173,1141.0,1061.8118181312173,1169.0,1124.8118181312173,1169.0,1124.8118181312173,1141.0,1
248,11,24.900000000000084,1981.344156101651,485.4889088159603,1995.919993756461,454.25119192338605,1967.9247110634788,453.7372396493247,1966.7683184468408,516.7266257085346,1994.763601139823,517.2405779825959,1
248,12,24.900000000000084,1983.6238290684794,361.3137813287068,1998.1996667232895,330.0760644361325,1970.2043840303072,329.5621121620712,1969.0479914136693,392.55149822128107,1997.0432741066516,393.0654504953424,1
248,13,24.900000000000084,3468.703588026503,1116.570364715065,3499.9866084623436,1131.04871518778,3500.4132536178963,1103.0519658423427,3437.4205675906624,1102.0920142423497,3436.9939224351097,1130.088763587787,1
248,14,24.900000000000084,77.15271489397105,1168.941647179785,45.843454757040746,1154.520127506809,45.46764968412853,1182.5176054387082,108.46197503090136,1183.3631668527607,108.83778010381357,1155.3656889208617,1
249,1,25.000000000000085,1809.8455793403737,1157.9084450073838,1778.1908461291544,1144.2619119192132,1778.504259329265,1172.2601577958033,1841.500312551593,1171.5549780955544,1841.1868993514822,1143.5567322189643,1
249,3,25.000000000000085,2009.0913993635347,944.6558420155242,2023.7509026232508,913.4573009570328,1995.7570978755982,912.8683223917974,1994.4318961038186,975.8543830740156,2022.4257008514712,976.443361639251,1
249,4,25.000000000000085,1670.621977279345,1089.169226138256,1701.9049977151851,1103.6475766109725,1702.3316428707387,1075.650827265535,1639.3389568435048,1074.6908756655394,1638.9123116879512,1102.6876250109767,1
249,5,25.000000000000085,2095.49085021936,826.2314427953614,2081.047583594289,857.530676798722,2109.0447936998994,857.9259315296246,2109.9341168444307,794.9322087920009,2081.93690673882,794.5369540610983,1
249,6,25.000000000000085,2529.7033800394324,1067.9178888837525,2560.961119884749,1082.450737873627,2561.4365575365105,1054.4547746103406,2498.4456401941156,1053.385039893878,2497.9702025423544,1081.3810031571645,1
249,7,25.000000000000085,2706.8000721239805,1104.9596437685736,2738.0830925598207,1119.4379942412902,2738.5097377153743,1091.4412448958528,2675.5170516881403,1090.481293295857,2675.0904065325867,1118.4780426412945,1
249,8,25.000000000000085,1019.4069716055342,1183.2736795640292,988.1369753548788,1168.7672211925315,987.685169965942,1196.7635758104193,1050.6769678561895,1197.780137935527,1051.1287732451262,1169.783783317639,1
249,9,25.000000000000085,689.6416395612825,1179.6469039874653,658.5543256723547,1164.7529818992014,657.7546520031866,1192.741560320101,720.7289534502104,1194.5408260757292,721.5286271193785,1166.5522476548297,1
249,10,25.000000000000085,1105.3156497840603,1155.0,1073.8156497840603,1141.0,1073.8156497840603,1169.0,1136.8156497840603,1169.0,1136.8156497840603,1141.0,1
249,11,25.000000000000085,1981.2231376249927,492.0808564268649,1995.7989752798026,460.8431395342906,1967.8036925868205,460.32918726022933,1966.6472999701828,523.3185733194392,1994.6425826631648,523.8325255935005,1
249,12,25.000000000000085,1983.5796946606195,363.7178084862556,1998.1555323154296,332.4800915936813,1970.1602496224473,331.96613931961997,1969.0038570058093,394.95552537882986,1996.9991396987916,395.4694776528912,1
249,13,25.000000000000085,3456.8825295850756,1116.3902224687163,3488.165550020916,1130.8685729414328,3488.5921951764694,1102.8718235959957,3425.5995091492355,1101.9118719959997,3425.172863993682,1129.9086213414369,1
249,14,25.000000000000085,82.7234930928314,1169.0164227260784,51.41423295590044,1154.5949030531042,51.0384278829895,1182.592380985003,114.03275322976236,1183.4379423990526,114.4085583026733,1155.4404644671538,1
250,1,25.100000000000087,1809.8455793403737,1157.9084450073838,1778.1908461291544,1144.2619119192132,1778.504259329265,1172.2601577958033,1841.500312551593,1171.5549780955544,1841.1868993514822,1143.5567322189643,1
250,3,25.100000000000087,2009.0913993635347,944.6558420155242,2023.7509026232508,913.4573009570328,1995.7570978755982,912.8683223917974,1994.4318961038186,975.8543830740156,2022.4257008514712,976.443361639251,1
250,4,25.100000000000087,1660.3673671848078,1089.0129551489013,1691.6503876206484,1103.4913056216164,1692.077032776201,1075.494556276179,1629.0843467489672,1074.534604676186,1628.6577015934147,1102.5313540216234,1
250,5,25.100000000000087,2095.6274490057826,816.5556954237387,2081.1841823807117,847.8549294270993,2109.1813924863222,848.2501841580018,2110.0707156308536,785.2564614203782,2082.073505525243,784.8612066894756,1
250,6,25.100000000000087,2522.179795122465,1067.7901206225893,2553.4375349677816,1082.3229696124636,2553.912972619543,1054.3270063491773,2490.922055277148,1053.257271632715,2490.446617625387,1081.2532348960012,1
250,7,25.100000000000087,2699.5052843926333,1104.84847779684,2730.788304828474,1119.326828269555,2731.2149499840266,1091.3300789241177,2668.2222639567926,1090.3701273241247,2667.79561880124,1118.366876669562,1
250,8,25.100000000000087,1026.9268777035998,1183.3950358672255,995.6568814529444,1168.8885774957278,995.2050760640076,1196.8849321136156,1058.1968739542551,1197.9014942387232,1058.6486793431918,1169.9051396208354,1
250,9,25.100000000000087,694.3680251983405,1179.7819435770953,663.2807113094134,1164.88802148883,662.481037640244,1192.8765999097295,725.4553390872677,1194.6758656653606,726.255012756437,1166.687287244461,1
250,10,25.100000000000087,1117.3194814369033,1155.0,1085.8194814369033,1141.0,1085.8194814369033,1169.0,1148.8194814369033,1169.0,1148.8194814369033,1141.0,1
250,11,25.100000000000087,1981.1021191483346,498.67280403776937,1995.6779568031448,467.4350871451951,1967.6826741101625,466.92113487113375,1966.5262814935245,529.9105209303436,1994.5215641865068,530.424473204405,1
250,12,25.100000000000087,1983.5335533079956,366.2311551056573,1998.1093909628057,334.99343821308304,1970.1141082698234,334.4794859390217,1968.9577156531855,397.4688719982316,1996.9529983461678,397.98282427229293,1
250,13,25.100000000000087,3445.0614711436488,1116.2100802223677,3476.344491579489,1130.6884306950842,3476.7711367350425,1102.6916813496468,3413.7784507078086,1101.731729749651,3413.351805552255,1129.7284790950885,1
250,14,25.100000000000087,88.40602241652164,1169.09269828747,57.09676227959136,1154.6711786144942,56.72095720667909,1182.6686565463933,119.71528255345191,1183.5142179604459,120.09108762636419,1155.5167400285468,1
251,1,25.200000000000088,1809.8455793403737,1157.9084450073838,1778.1908461291544,1144.2619119192132,1778.504259329265,1172.2601577958033,1841.500312551593,1171.5549780955544,1841.1868993514822,1143.5567322189643,1
251,3,25.200000000000088,2009.0913993635347,944.6558420155242,2023.7509026232508,913.4573009570328,1995.7570978755982,912.8683223917974,1994.4318961038186,975.8543830740156,2022.4257008514712,976.443361639251,1
251,4,25.200000000000088,1650.1127570902709,1088.856684159547,1681.395777526111,1103.3350346322636,1681.8224226816646,1075.3382852868262,1618.8297366544307,1074.3783336868305,1618.403091498877,1102.3750830322679,1
251,5,25.200000000000088,2095.7640477922055,806.879948052116,2081.3207811671346,838.1791820554765,2109.317991272745,838.5744367863791,2110.2073144172764,775.5807140487555,2082.210104311666,775.1854593178529,1
251,6,25.200000000000088,2514.6562102054972,1067.6623523614257,2545.913950050814,1082.1952013513003,2546.3893877025753,1054.1992380880138,2483.3984703601805,1053.1295033715512,2482.923032708419,1081.1254666348377,1
251,7,25.200000000000088,2692.2117582488436,1104.7373310505604,2723.4947786846838,1119.215681523277,2723.9214238402374,1091.2189321778396,2660.9287378130034,1090.2589805778439,2660.50209265745,1118.2557299232813,1
251,8,25.200000000000088,1034.445262149869,1183.5163676139935,1003.1752658992136,1169.0099092424957,1002.7234605102768,1197.0062638603836,1065.7152584005244,1198.0228259854912,1066.167063789461,1170.0264713676033,1
251,9,25.200000000000088,699.2044305065854,1179.9201265859024,668.1171166176575,1165.0262044976384,667.3174429484894,1193.014782918538,730.2917443955132,1194.8140486741663,731.0914180646813,1166.8254702532668,1
251,10,25.200000000000088,1129.3233130897463,1155.0,1097.8233130897463,1141.0,1097.8233130897463,1169.0,1160.8233130897463,1169.0,1160.8233130897463,1141.0,1
251,11,25.200000000000088,1980.9811006716766,505.26475164867395,1995.5569383264865,474.0270347560996,1967.5616556335044,473.5130824820384,1966.4052630168667,536.5024685412483,1994.4005457098488,537.0164208153095,1
251,12,25.200000000000088,1983.4854050106073,368.8538211869119,1998.0612426654172,337.6161042943375,1970.0659599724352,337.1021520202763,1968.9095673557974,400.09153807948627,1996.9048500487795,400.60549035354745,1
251,13,25.200000000000088,3433.240412702222,1116.029937976019,3464.5234331380625,1130.5082884487342,3464.950078293615,1102.5115391032969,3401.9573922663812,1101.5515875033038,3401.5307471108285,1129.5483368487412,1
251,14,25.200000000000088,94.2003028650413,1169.1704738639603,62.891042728110364,1154.7489541909858,62.51523765519936,1182.746432122885,125.50956300197223,1183.5919935369348,125.88536807488323,1155.5945156050357,1
252,1,25.30000000000009,1809.8455793403737,1157.9084450073838,1778.1908461291544,1144.2619119192132,1778.504259329265,1172.2601577958033,1841.500312551593,1171.5549780955544,1841.1868993514822,1143.5567322189643,1
252,3,25.30000000000009,2009.0913993635347,944.6558420155242,2023.7509026232508,913.4573009570328,1995.7570978755982,912.8683223917974,1994.4318961038186,975.8543830740156,2022.4257008514712,976.443361639251,1
252,4,25.30000000000009,1639.8593645238311,1088.7004317242202,1671.1423849596713,1103.1787821969367,1671.569030115225,1075.1820328514993,1608.576344087991,1074.2220812515036,1608.1496989324373,1102.218830596941,1
252,5,25.30000000000009,2095.9006465786283,797.2042006804934,2081.4573799535574,828.5034346838538,2109.454590059168,828.8986894147565,2110.3439132036992,765.904966677133,2082.3467030980887,765.5097119462303,1
252,6,25.30000000000009,2507.1326252885297,1067.5345841002622,2538.390365133847,1082.0674330901352,2538.865802785607,1054.0714698268487,2475.8748854432124,1053.0017351103893,2475.3994477914525,1080.9976983736758,1
252,7,25.30000000000009,2684.9169705174963,1104.6261650788267,2716.199990953337,1119.104515551542,2716.6266361088897,1091.1077662061045,2653.6339500816557,1090.1478146061115,2653.207304926103,1118.144563951549,1
252,8,25.30000000000009,1041.9651682479348,1183.6377239171898,1010.6951719972794,1169.131265545692,1010.2433666083426,1197.1276201635799,1073.2351644985902,1198.1441822886875,1073.6869698875269,1170.1478276707996,1
252,9,25.30000000000009,704.033656228079,1179.297007723627,669.6882909155959,1176.3566197301689,678.8361646730233,1202.8201116712971,738.3790215405622,1182.2373957170853,729.2311477831348,1155.773903775957,1
252,10,25.30000000000009,1141.3271447425893,1155.0,1109.8271447425893,1141.0,1109.8271447425893,1169.0,1172.8271447425893,1169.0,1172.8271447425893,1141.0,1
252,11,25.30000000000009,1980.8600821950185,511.85669925957836,1995.4359198498287,480.61898236700404,1967.4406371568464,480.1050300929428,1966.2842445402084,543.0944161521527,1994.2795272331907,543.6083684262139,1
252,12,25.30000000000009,1983.4352497684554,371.5858067300194,1998.0110874232653,340.348089837445,1970.0158047302832,339.8341375633839,1968.8594121136455,402.82352362259377,1996.8546948066275,403.3374758966549,1
252,13,25.30000000000009,3421.4193542607945,1115.8497957296704,3452.702374696635,1130.3281462023856,3453.129019852188,1102.3313968569482,3390.136333824954,1101.3714452569552,3389.709688669401,1129.3681946023926,1
252,14,25.30000000000009,100.10633443839083,1169.249749455549,68.79707430145987,1154.8282297825747,68.42126922854894,1182.8257077144735,131.4155945753218,1183.6712691285231,131.79139964823273,1155.6737911966243,1
253,1,25.40000000000009,1809.8455793403737,1157.9084450073838,1778.1908461291544,1144.2619119192132,1778.504259329265,1172.2601577958033,1841.500312551593,1171.5549780955544,1841.1868993514822,1143.5567322189643,1
253,3,25.40000000000009,2009.0913993635347,944.6558420155242,2023.7509026232508,913.4573009570328,1995.7570978755982,912.8683223917974,1994.4318961038186,975.8543830740156,2022.4257008514712,976.443361639251,1
253,4,25.40000000000009,1629.6047544292937,1088.5441607348657,1660.887774865134,1103.0225112075823,1661.3144200206875,1075.0257618621451,1598.3217339934536,1074.0658102621492,1597.8950888379,1102.0625596075863,1
253,5,25.40000000000009,2096.037245365051,787.5284533088707,2081.5939787399802,818.8276873122311,2109.5911888455908,819.2229420431338,2110.480511990122,756.2292193055102,2082.4833018845115,755.8339645746075,1
253,6,25.40000000000009,2499.609040371562,1067.4068158390992,2530.866780216879,1081.9396648289735,2531.34221786864,1053.943701565687,2468.3513005262453,1052.8739668492249,2467.875862874484,1080.8699301125114,1
253,7,25.40000000000009,2677.622182786149,1104.5149991070932,2708.9052032219893,1118.9933495798098,2709.331848377543,1090.9966002343724,2646.339162350309,1090.0366486343767,2645.9125171947553,1118.033397979814,1
253,8,25.40000000000009,1049.4850743460006,1183.7590802203863,1018.2150780953446,1169.25262184889,1017.7632727064091,1197.2489764667778,1080.7550705966567,1198.2655385918827,1081.2068759855922,1170.2691839739948,1
253,9,25.40000000000009,708.81457722557,1177.6443436751115,674.4692119130868,1174.7039556816521,683.6170856705136,1201.1674476227809,743.1599425380532,1180.5847316685708,734.0120687806265,1154.1212397274421,1
253,10,25.40000000000009,1153.3309763954323,1155.0,1121.8309763954323,1141.0,1121.8309763954323,1169.0,1184.8309763954323,1169.0,1184.8309763954323,1141.0,1
253,11,25.40000000000009,1980.7390637183605,518.448646870483,1995.3149013731704,487.2109299779087,1967.3196186801883,486.69697770384744,1966.1632260635506,549.6863637630573,1994.1585087565327,550.2003160371186,1
253,12,25.40000000000009,1983.3830875815393,374.4271117349798,1997.9589252363492,343.1893948424055,1969.963642543367,342.67544256834424,1968.8072499267294,405.66482862755413,1996.8025326197114,406.17878090161537,1
253,13,25.40000000000009,3409.599397256934,1115.6696702682348,3440.882417692774,1130.1480207409513,3441.309062848328,1102.151271395514,3378.316376821094,1101.1913197955182,3377.8897316655402,1129.1880691409556,1
253,14,25.40000000000009,106.12411713657025,1169.330525062236,74.81485699963932,1154.9090053892614,74.43905192672831,1182.9064833211605,137.43337727350118,1183.7520447352103,137.80918234641217,1155.7545668033113,1
254,1,25.500000000000092,1809.8455793403737,1157.9084450073838,1778.1908461291544,1144.2619119192132,1778.504259329265,1172.2601577958033,1841.500312551593,1171.5549780955544,1841.1868993514822,1143.5567322189643,1
254,3,25.500000000000092,2009.0913993635347,944.6558420155242,2023.7509026232508,913.4573009570328,1995.7570978755982,912.8683223917974,1994.4318961038186,975.8543830740156,2022.4257008514712,976.443361639251,1
254,4,25.500000000000092,1619.3501443347568,1088.3878897455113,1650.633164770597,1102.8662402182279,1651.0598099261506,1074.8694908727905,1588.0671238989166,1073.9095392727947,1587.640478743363,1101.906288618232,1
254,5,25.500000000000092,2096.173844151474,777.852705937248,2081.730577526403,809.1519399406084,2109.7277876320136,809.5471946715112,2110.617110776545,746.5534719338875,2082.6199006709344,746.1582172029847,1
254,6,25.500000000000092,2492.085987275047,1067.2790566095043,2523.3437271203643,1081.8119055993773,2523.819164772124,1053.8159423360908,2460.82824742973,1052.7462076196314,2460.35280977797,1080.742170882918,1
254,7,25.500000000000092,2670.3273950548014,1104.4038331353595,2701.610415490642,1118.8821836080747,2702.0370606461947,1090.8854342626373,2639.044374618961,1089.9254826626443,2638.617729463408,1117.9222320080817,1
254,8,25.500000000000092,1057.0046455301572,1183.8804311187391,1025.7346492795018,1169.3739727472414,1025.2828438905651,1197.3703273651292,1088.2746417808125,1198.3868894902369,1088.7264471697492,1170.390534872349,1
254,9,25.500000000000092,713.699522966227,1175.955720456119,679.354157653744,1173.0153324626583,688.5020314111696,1199.4788244037873,748.0448882787101,1178.8961084495797,738.8970145212845,1152.4326165084508,1
254,10,25.500000000000092,1165.3348080482756,1155.0,1133.8348080482756,1141.0,1133.8348080482756,1169.0,1196.8348080482756,1169.0,1196.8348080482756,1141.0,1
254,11,25.500000000000092,1980.6180452417025,525.0405944813874,1995.1938828965124,493.8028775888131,1967.1986002035303,493.28892531475185,1966.0422075868926,556.2783113739617,1994.0374902798746,556.792263648023,1
254,12,25.500000000000092,1983.328918449859,377.377736201793,1997.9047561046689,346.1400193092187,1969.9094734116868,345.62606703515746,1968.753080795049,408.61545309436735,1996.7483634880311,409.1294053684286,1
254,13,25.500000000000092,3397.7783388155067,1115.4895280218861,3429.0613592513473,1129.9678784946013,3429.4880044069,1101.971129149164,3366.495318379666,1101.011177549171,3366.0686732241134,1129.0079268946083,1
254,14,25.500000000000092,112.25365095957909,1169.412800684021,80.94439082264813,1154.9912810110468,80.5685857497372,1182.9887589429457,143.56291109651005,1183.8343203569952,143.93871616942099,1155.8368424250964,1
254,15,25.500000000000092,3821.740696398626,1154.888518789418,3840.0,1169.3123809882063,3840.0,1141.3149312524968,3790.432515370812,1140.4646565906296,3790.054615521093,1168.4621063263392,1
255,1,25.600000000000094,1809.8455793403737,1157.9084450073838,1778.1908461291544,1144.2619119192132,1778.504259329265,1172.2601577958033,1841.500312551593,1171.5549780955544,1841.1868993514822,1143.5567322189643,1
255,3,25.600000000000094,2009.0913993635347,944.6558420155242,2023.7509026232508,913.4573009570328,1995.7570978755982,912.8683223917974,1994.4318961038186,975.8543830740156,2022.4257008514712,976.443361639251,1
255,4,25.600000000000094,1609.0955342402199,1088.2316187561569,1640.3785546760607,1102.709969228872,1640.805199831613,1074.7132198834347,1577.812513804379,1073.7532682834417,1577.3858686488268,1101.750017628879,1
255,5,25.600000000000094,2096.3104429378973,768.1769585656252,2081.8671763128264,799.4761925689857,2109.864386418437,799.8714472998885,2110.753709562968,736.8777245622648,2082.7564994573577,736.482469831362,1
255,6,25.600000000000094,2484.5624023580795,1067.151288348341,2515.8201422033962,1081.6841373382154,2516.2955798551575,1053.688174074929,2453.3046625127627,1052.6184393584667,2452.8292248610014,1080.614402621753,1
255,7,25.600000000000094,2663.032607323454,1104.292667163626,2694.3156277592943,1118.7710176363425,2694.742272914848,1090.7742682909054,2631.749586887614,1089.8143166909094,2631.3229417320604,1117.8110660363466,1
255,8,25.600000000000094,1064.5245516282225,1184.0017874219357,1033.2545553775672,1169.495329050438,1032.8027499886305,1197.4916836683258,1095.794547878878,1198.5082457934334,1096.2463532678146,1170.5118911755455,1
255,9,25.600000000000094,718.6884934500501,1174.2311380666492,684.343128137567,1171.2907500731899,693.4910018949937,1197.7542420143186,753.0338587625333,1177.1715260601086,743.8859850051066,1150.7080341189799,1
255,10,25.600000000000094,1177.3386397011186,1155.0,1145.8386397011186,1141.0,1145.8386397011186,1169.0,1208.8386397011186,1169.0,1208.8386397011186,1141.0,1
255,11,25.600000000000094,1980.4970496186093,531.6312972451659,1995.0728872734194,500.39358035259164,1967.077604580437,499.8796280785303,1965.9212119637991,562.8690141377402,1993.9164946567814,563.3829664118015,1
255,12,25.600000000000094,1983.272742373415,380.43768013045917,1997.848580028225,349.19996323788484,1969.8532973352428,348.6860109638236,1968.696904718605,411.6753970230335,1996.6921874115872,412.18934929709474,1
255,13,25.600000000000094,3385.9572803740793,1115.3093857755375,3417.24030080992,1129.7877362482527,3417.6669459654727,1101.7909869028153,3354.6742599382387,1100.8310353028223,3354.247614782686,1128.8277846482597,1
255,14,25.600000000000094,118.49493590741804,1169.496576320905,87.18567577048708,1155.0750566479308,86.80987069757614,1183.0725345798296,149.804196044349,1183.9180959938792,150.18000111725993,1155.9206180619803,1
255,15,25.600000000000094,3813.391592470677,1154.7758254852263,3840.0,1169.1996876840146,3840.0,1141.202237948305,3782.083411442863,1140.351963286438,3781.7055115931444,1168.3494130221475,1
256,1,25.700000000000095,1809.8455793403737,1157.9084450073838,1778.1908461291544,1144.2619119192132,1778.504259329265,1172.2601577958033,1841.500312551593,1171.5549780955544,1841.1868993514822,1143.5567322189643,1
256,3,25.700000000000095,2009.0913993635347,944.6558420155242,2023.7509026232508,913.4573009570328,1995.7570978755982,912.8683223917974,1994.4318961038186,975.8543830740156,2022.4257008514712,976.443361639251,1
256,4,25.700000000000095,1598.8409241456827,1088.0753477668022,1630.1239445815227,1102.553698239519,1630.5505897370765,1074.5569488940816,1567.5579037098428,1073.5969972940854,1567.131258554289,1101.5937466395228,1
256,5,25.700000000000095,2096.44704172432,758.5012111940025,2082.003775099249,789.8004451973629,2110.0009852048597,790.1956999282658,2110.890308349391,727.2019771906421,2082.8930982437805,726.8067224597393,1
256,6,25.700000000000095,2477.038817441112,1067.0235200871775,2508.2965572864287,1081.556369077052,2508.77199493819,1053.5604058137656,2445.781077595795,1052.490671097303,2445.305639944034,1080.4866343605895,1
256,7,25.700000000000095,2655.737819592107,1104.1815011918923,2687.020840027947,1118.6598516646088,2687.4474851835007,1090.6631023191715,2624.4547991562667,1089.7031507191757,2624.028154000713,1117.699900064613,1
256,8,25.700000000000095,1072.0444577262886,1184.1231437251322,1040.7744614756332,1169.6166853536345,1040.3226560866965,1197.6130399715223,1103.314453976944,1198.62960209663,1103.7662593658806,1170.633247478742,1
256,9,25.700000000000095,723.7803054772319,1172.4710055140433,689.4349401647486,1169.5306175205856,698.5828139221765,1195.9941094617138,758.1256707897152,1175.411393507501,748.9777970322873,1148.9479015663728,1
256,10,25.700000000000095,1189.3424713539616,1155.0,1157.8424713539616,1141.0,1157.8424713539616,1169.0,1220.8424713539616,1169.0,1220.8424713539616,1141.0,1
256,11,25.700000000000095,1980.3760311419512,538.2232448560704,1994.9518687967611,506.9855279634961,1966.956586103779,506.47157568943487,1965.8001934871413,569.4609617486448,1993.7954761801234,569.974914022706,1
256,12,25.700000000000095,1983.2145593522066,383.60694352097823,1997.7903970070165,352.36922662840385,1969.7951143140344,351.8552743543427,1968.6387216973967,414.8446604135526,1996.6340043903788,415.35861268761374,1
256,13,25.700000000000095,3374.136221932652,1115.1292435291891,3405.419242368492,1129.6075940019057,3405.845887524046,1101.6108446564683,3342.853201496812,1100.6508930564726,3342.426556341258,1128.64764240191,1
256,14,25.700000000000095,124.7721585301058,1169.580834342686,93.46289839317487,1155.1593146697116,93.08709332026386,1183.1567926016107,156.08141866703673,1184.0023540156606,156.45722373994772,1156.0048760837615,1
256,15,25.700000000000095,3804.9526882161526,1154.6619200874247,3836.2608692439658,1169.0857822862147,3836.638769093686,1141.0883325505051,3773.6445071883395,1140.2380578886348,3773.2666073386195,1168.2355076243443,1
257,1,25.800000000000097,1809.8455793403737,1157.9084450073838,1778.1908461291544,1144.2619119192132,1778.504259329265,1172.2601577958033,1841.500312551593,1171.5549780955544,1841.1868993514822,1143.5567322189643,1
257,3,25.800000000000097,2009.0913993635347,944.6558420155242,2023.7509026232508,913.4573009570328,1995.7570978755982,912.8683223917974,1994.4318961038186,975.8543830740156,2022.4257008514712,976.443361639251,1
257,4,25.800000000000097,1588.5863140511456,1087.9190767774478,1619.8693344869864,1102.397427250163,1620.2959796425387,1074.4006779047256,1557.3032936153047,1073.4407263047326,1556.8766484597525,1101.43747565017,1
257,5,25.800000000000097,2096.583640510743,748.8254638223798,2082.140373885672,780.1246978257402,2110.1375839912826,780.519952556643,2111.026907135814,717.5262298190194,2083.0296970302034,717.1309750881165,1
257,6,25.800000000000097,2469.5152325241443,1066.895751826014,2500.7729723694615,1081.428600815887,2501.2484100212214,1053.4326375526005,2438.257492678827,1052.362902836141,2437.782055027067,1080.3588660994276,1
257,7,25.800000000000097,2648.4430318607597,1104.0703352201585,2679.7260522966003,1118.5486856928737,2680.152697452153,1090.5519363474364,2617.160011424919,1089.5919847474433,2616.7333662693663,1117.5887340928807,1
257,8,25.800000000000097,1079.5643638243546,1184.2445000283283,1048.2943675736992,1169.7380416568305,1047.8425621847625,1197.7343962747184,1110.83436007501,1198.750958399826,1111.2861654639466,1170.7546037819382,1
257,9,25.800000000000097,728.9761422475794,1170.67491379096,694.6307769350963,1167.7345257975019,703.7786506925237,1194.1980177386301,763.3215075600626,1173.6153017844183,754.1736338026352,1147.15180984329,1
257,10,25.800000000000097,1201.3463030068046,1155.0,1169.8463030068046,1141.0,1169.8463030068046,1169.0,1232.8463030068046,1169.0,1232.8463030068046,1141.0,1
257,11,25.800000000000097,1980.2550126652932,544.8151924669748,1994.8308503201033,513.5774755744005,1966.835567627121,513.0635233003393,1965.679175010483,576.0529093595492,1993.6744577034654,576.5668616336104,1
257,12,25.800000000000097,1983.1543693862343,386.8855263733501,1997.7302070410442,355.6478094807757,1969.7349243480621,355.1338572067146,1968.5785317314244,418.1232432659245,1996.5738144244065,418.6371955399856,1
257,13,25.800000000000097,3362.315163491225,1114.9491012828405,3393.5981839270653,1129.427451755557,3394.024829082619,1101.43070241012,3331.032143055385,1100.470750810124,3330.6054978998313,1128.467500155561,1
257,14,25.800000000000097,131.0493811527931,1169.665092364467,99.74012101586214,1155.2435726914928,99.36431594295121,1183.2410506233916,162.35864128972406,1184.0866120374412,162.734446362635,1156.0891341055424,1
257,15,25.800000000000097,3796.4239836350525,1154.546802596013,3827.7321646628666,1168.9706647948015,3828.1100645125853,1140.973215059092,3765.1158026072385,1140.1229403972247,3764.73790275752,1168.1203901329343,1
258,1,25.900000000000098,1809.8455793403737,1157.9084450073838,1778.1908461291544,1144.2619119192132,1778.504259329265,1172.2601577958033,1841.500312551593,1171.5549780955544,1841.1868993514822,1143.5567322189643,1
258,3,25.900000000000098,2009.0913993635347,944.6558420155242,2023.7509026232508,913.4573009570328,1995.7570978755982,912.8683223917974,1994.4318961038186,975.8543830740156,2022.4257008514712,976.443361639251,1
258,4,25.900000000000098,1578.331703956609,1087.7628057880934,1609.6147243924493,1102.24115626081,1610.0413695480029,1074.2444069153726,1547.048683520769,1073.2844553153768,1546.6220383652153,1101.2812046608142,1
258,5,25.900000000000098,2096.720239297166,739.1497164507572,2082.276972672095,770.4489504541176,2110.2741827777054,770.8442051850204,2111.1635059222367,707.8504824473968,2083.166295816626,707.4552277164939,1
258,6,25.900000000000098,2461.9916476071767,1066.767983564851,2493.2493874524935,1081.3008325547253,2493.7248251042547,1053.3048692914388,2430.73390776186,1052.2351345749767,2430.2584701100986,1080.2310978382632,1
258,7,25.900000000000098,2641.1495852605035,1103.9591896860506,2672.4326056963437,1118.4375401587672,2672.8592508518973,1090.4407908133298,2609.8665648246633,1089.480839213334,2609.4399196691097,1117.4775885587715,1
258,8,25.900000000000098,1087.0842699224204,1184.3658563315248,1055.814273671765,1169.859397960027,1055.3624682828283,1197.855752577915,1118.3542661730758,1198.8723147030225,1118.8060715620124,1170.8759600851347,1
258,9,25.900000000000098,734.2760037610931,1168.8428628974,699.9306384486099,1165.9024749039418,709.0785122060373,1192.36596684507,768.6213690735763,1171.7832508908582,759.4734953161488,1145.31975894973,1
258,10,25.900000000000098,1213.3501346596477,1155.0,1181.8501346596477,1141.0,1181.8501346596477,1169.0,1244.8501346596477,1169.0,1244.8501346596477,1141.0,1
258,11,25.900000000000098,1980.1339941886351,551.4071400778795,1994.709831843445,520.1694231853052,1966.714549150463,519.6554709112439,1965.5581565338252,582.6448569704538,1993.5534392268073,583.158809244515,1
258,12,25.900000000000098,1983.092172475498,390.2734286875749,1997.6680101303082,359.0357117950006,1969.6727274373259,358.52175952093927,1968.516334820688,421.51114558014916,1996.5116175136702,422.0250978542105,1
258,13,25.900000000000098,3350.4941050497982,1114.7689590364919,3381.777125485639,1129.247309509207,3382.2037706411916,1101.2505601637697,3319.2110846139576,1100.2906085637767,3318.784439458405,1128.287357909214,1
258,14,25.900000000000098,137.32660377548063,1169.749350386248,106.01734363855033,1155.327830713272,105.64153856563811,1183.3253086451712,168.63586391241094,1184.1708700592237,169.01166898532315,1156.1733921273246,1
258,15,25.900000000000098,3787.805478727378,1154.4304730109916,3819.1136597551913,1168.8543352097815,3819.4915596049113,1140.856885474072,3756.497297699565,1140.0066108122016,3756.119397849845,1168.0040605479112,1
259,1,26.0000000000001,1809.8455793403737,1157.9084450073838,1778.1908461291544,1144.2619119192132,1778.504259329265,1172.2601577958033,1841.500312551593,1171.5549780955544,1841.1868993514822,1143.5567322189643,1
259,3,26.0000000000001,2009.0913993635347,944.6558420155242,2023.7509026232508,913.4573009570328,1995.7570978755982,912.8683223917974,1994.4318961038186,975.8543830740156,2022.4257008514712,976.443361639251,1
259,4,26.0000000000001,1568.0770938620715,1087.6065347987387,1599.360114297912,1102.084885271454,1599.7867594534648,1074.0881359260168,1536.7940734262309,1073.1281843260235,1536.3674282706781,1101.1249336714607,1
259,5,26.0000000000001,2096.8568380835886,729.4739690791345,2082.4135714585177,760.7732030824949,2110.4107815641282,761.1684578133977,2111.3001047086595,698.174735075774,2083.302894603049,697.7794803448712,1
259,6,26.0000000000001,2454.468062690209,1066.6402153036875,2485.7258025355263,1081.1730642935604,2486.201240187286,1053.177101030274,2423.210322844892,1052.1073663138145,2422.734885193132,1080.103329577101,1
259,7,26.0000000000001,2633.8547975291563,1103.8480237143172,2665.137817964997,1118.3263741870323,2665.5644631205496,1090.329624841595,2602.5717770933156,1089.369673241602,2602.145131937763,1117.3664225870393,1
259,8,26.0000000000001,1094.6041760204862,1184.4872126347213,1063.3341797698308,1169.9807542632236,1062.8823743808941,1197.9771088811115,1125.8741722711416,1198.993671006219,1126.3259776600783,1170.9973163883312,1
259,9,26.0000000000001,739.6798900177725,1166.9748528333625,705.3345247052894,1164.0344648399032,714.4823984627161,1190.497956781032,774.0252553302557,1169.915240826822,764.877381572829,1143.4517488856932,1
259,10,26.0000000000001,1225.3539663124907,1155.0,1193.8539663124907,1141.0,1193.8539663124907,1169.0,1256.8539663124907,1169.0,1256.8539663124907,1141.0,1
259,11,26.0000000000001,1980.0129757119769,557.9990876887839,1994.5888133667868,526.7613707962096,1966.5935306738047,526.2474185221483,1965.437138057167,589.2368045813582,1993.432420750149,589.7507568554195,1
259,12,26.0000000000001,1983.0279686199979,393.7706504636526,1997.603806274808,362.53293357107833,1969.6085235818257,362.018981297017,1968.4521309651877,425.00836735622687,1996.44741365817,425.5223196302882,1
259,13,26.0000000000001,3338.6740295503305,1114.5888317692902,3369.9570499861707,1129.0671822420068,3370.3836951417243,1101.0704328965694,3307.3910091144903,1100.1104812965737,3306.9643639589367,1128.107230642011,1
259,14,26.0000000000001,143.60382639816794,1169.8336084080292,112.29456626123698,1155.412088735055,111.91876118832604,1183.4095666669539,174.9130865350989,1184.2551280810035,175.28889160800983,1156.2576501491046,1
259,15,26.0000000000001,3779.097173493128,1154.3129313323602,3810.4053545209413,1168.7367935311502,3810.7832543706613,1140.7393437954406,3747.788992465315,1139.8890691335703,3747.411092615595,1167.8865188692798,1
260,1,26.1000000000001,1809.8455793403737,1157.9084450073838,1778.1908461291544,1144.2619119192132,1778.504259329265,1172.2601577958033,1841.500312551593,1171.5549780955544,1841.1868993514822,1143.5567322189643,1
260,3,26.1000000000001,2009.0913993635347,944.6558420155242,2023.7509026232508,913.4573009570328,1995.7570978755982,912.8683223917974,1994.4318961038186,975.8543830740156,2022.4257008514712,976.443361639251,1
260,4,26.1000000000001,1557.8224837675348,1087.4502638093845,1589.105504203375,1101.928614282101,1589.5321493589286,1073.9318649366637,1526.5394633316946,1072.971913336668,1526.112818176141,1100.9686626821053,1
260,5,26.1000000000001,2096.9934368700115,719.7982217075117,2082.5501702449405,751.0974557108722,2110.547380350551,751.492710441775,2111.4367034950824,688.4989877041513,2083.439493389472,688.1037329732485,1
260,6,26.1000000000001,2446.944477773242,1066.512447042524,2478.2022176185587,1081.0452960323983,2478.67765527032,1053.049332769112,2415.686737927925,1051.9795980526496,2415.211300276164,1079.975561315936,1
260,7,26.1000000000001,2626.560009797809,1103.7368577425834,2657.8430302336496,1118.2152082152986,2658.2696753892023,1090.2184588698613,2595.2769893619684,1089.2585072698682,2594.8503442064157,1117.2552566153056,1
260,8,26.1000000000001,1102.124082118552,1184.6085689379177,1070.854085867896,1170.1021105664215,1070.4022804789604,1198.0984651843091,1133.394078369208,1199.1150273094138,1133.8458837581436,1171.1186726915262,1
260,9,26.1000000000001,745.1872475963173,1165.0710749049767,710.8418822838341,1162.1306869115174,719.9897560412609,1188.594178852646,779.5326129088005,1168.011462898436,770.3847391513738,1141.5479709573074,1
260,10,26.1000000000001,1237.3577979653337,1155.0,1205.8577979653337,1141.0,1205.8577979653337,1169.0,1268.8577979653337,1169.0,1268.8577979653337,1141.0,1
260,11,26.1000000000001,1979.8919572353188,564.5910352996885,1994.4677948901287,533.3533184071142,1966.4725121971467,532.839366133053,1965.316119580509,595.8287521922629,1993.311402273491,596.3427044663241,1
260,12,26.1000000000001,1982.9617578197333,397.37719170158323,1997.5375954745434,366.13947480900896,1969.5423127815611,365.6255225349476,1968.3859201649232,428.6149085941575,1996.3812028579055,429.12886086821885,1
260,13,26.1000000000001,3326.853247673136,1114.4086937375305,3358.1362681089768,1128.8870442102457,3358.5629132645295,1100.8902948648083,3295.5702272372955,1099.9303432648153,3295.143582081743,1127.9270926102527,1
260,14,26.1000000000001,149.8810490208557,1169.9178664298101,118.57178888392477,1155.4963467568357,118.19598381101376,1183.4938246887348,181.19030915778663,1184.3393861027846,181.56611423069762,1156.3419081708855,1
260,15,26.1000000000001,3770.2990679323034,1154.194177560119,3801.6072489601165,1168.618039758909,3801.9851488098366,1140.6205900231994,3738.9908869044903,1139.770315361329,3738.61298705477,1167.7677650970386,1
261,1,26.200000000000102,1809.8455793403737,1157.9084450073838,1778.1908461291544,1144.2619119192132,1778.504259329265,1172.2601577958033,1841.500312551593,1171.5549780955544,1841.1868993514822,1143.5567322189643,1
261,3,26.200000000000102,2009.0913993635347,944.6558420155242,2023.7509026232508,913.4573009570328,1995.7570978755982,912.8683223917974,1994.4318961038186,975.8543830740156,2022.4257008514712,976.443361639251,1
261,4,26.200000000000102,1547.5678736729978,1087.2939928200299,1578.850894108838,1101.7723432927464,1579.2775392643916,1073.775593947309,1516.2848532371577,1072.8156423473133,1515.858208081604,1100.8123916927507,1
261,5,26.200000000000102,2097.1300356564343,710.1224743358891,2082.6867690313634,741.4217083392496,2110.683979136974,741.8169630701524,2111.573302281505,678.8232403325287,2083.5760921758947,678.4279856016259,1
261,6,26.200000000000102,2439.420892856274,1066.3846787813607,2470.6786327015907,1080.9175277712352,2471.154070353352,1052.9215645079487,2408.163153010957,1051.8518297914861,2407.687715359196,1079.8477930547726,1
261,7,26.200000000000102,2619.2652220664613,1103.62569177085,2650.5482425023015,1118.1040422435665,2650.974887657855,1090.1072928981293,2587.982201630621,1089.1473412981334,2587.5555564750675,1117.1440906435705,1
261,8,26.200000000000102,1109.6422937019825,1184.7298978950234,1078.372297451327,1170.2234395235257,1077.9204920623904,1198.2197941414136,1140.9122899526378,1199.2363562665212,1141.3640953415745,1171.2400016486333,1
261,9,26.200000000000102,750.7986299180284,1163.1313378061136,716.4532646055452,1160.1909498126554,725.6011383629726,1186.6544417537837,785.1439952305116,1166.0717257995718,775.9961214730841,1139.6082338584436,1
261,10,26.200000000000102,1249.3616296181767,1155.0,1217.8616296181767,1141.0,1217.8616296181767,1169.0,1280.8616296181767,1169.0,1280.8616296181767,1141.0,1
261,11,26.200000000000102,1979.7709387586608,571.182982910593,1994.346776413471,539.9452660180186,1966.3514937204886,539.4313137439574,1965.1951011038507,602.4206998031673,1993.190383796833,602.9346520772285,1
261,12,26.200000000000102,1982.893540074705,401.0930524013667,1997.469377729515,369.85533550879234,1969.4740950365328,369.34138323473115,1968.317702419895,432.3307692939411,1996.3129851128772,432.8447215680023,1
261,13,26.200000000000102,3315.032189231709,1114.228551491182,3346.315209667549,1128.7069019638986,3346.7418548231026,1100.7101526184613,3283.7491687958686,1099.7502010184655,3283.322523640315,1127.746950363903,1
261,14,26.200000000000102,156.15827803975503,1170.0015775219908,124.79937042924246,1155.6883349307632,124.52031452169611,1183.6869443212393,187.5171856502676,1184.3148201132185,187.79624155781397,1156.3162107227424,1
261,15,26.200000000000102,3761.4111620449034,1154.074211694268,3792.7193430727175,1168.4980738930562,3793.097242922436,1140.5006241573467,3730.1029810170894,1139.6503494954795,3729.7250811673707,1167.647799231189,1
262,1,26.300000000000104,1809.8455793403737,1157.9084450073838,1778.1908461291544,1144.2619119192132,1778.504259329265,1172.2601577958033,1841.500312551593,1171.5549780955544,1841.1868993514822,1143.5567322189643,1
262,3,26.300000000000104,2009.0913993635347,944.6558420155242,2023.7509026232508,913.4573009570328,1995.7570978755982,912.8683223917974,1994.4318961038186,975.8543830740156,2022.4257008514712,976.443361639251,1
262,4,26.300000000000104,1537.3132635784607,1087.1377218306754,1568.5962840143013,1101.6160723033906,1569.0229291698538,1073.6193229579533,1506.03024314262,1072.6593713579603,1505.6035979870676,1100.6561207033976,1
262,5,26.300000000000104,2097.2666344428576,700.4467269642664,2082.8233678177867,731.7459609676268,2110.820577923397,732.1412156985297,2111.7099010679285,669.147492960906,2083.712690962318,668.7522382300032,1
262,6,26.300000000000104,2431.8973079393063,1066.2569105201972,2463.1550477846235,1080.78975951007,2463.6304854363834,1052.7937962467836,2400.639568093989,1051.7240615303242,2400.164130442229,1079.7200247936107,1
262,7,26.300000000000104,2611.9704343351145,1103.5145257991162,2643.253454770955,1117.9928762718314,2643.680099926508,1089.996126926394,2580.687413899274,1089.036175326401,2580.260768743721,1117.0329246718384,1
262,8,26.300000000000104,1117.1621998000483,1184.85125419822,1085.892203549393,1170.3447958267222,1085.4403981604562,1198.34115044461,1148.4321960507036,1199.3577125697177,1148.8840014396403,1171.3613579518299,1
262,9,26.300000000000104,756.5140369829053,1161.1556415367736,722.1686716704221,1158.2152535433154,731.3165454278495,1184.6787454844437,790.8594022953885,1164.0960295302318,781.711528537961,1137.6325375891035,1
262,10,26.300000000000104,1261.3654612710197,1155.0,1229.8654612710197,1141.0,1229.8654612710197,1169.0,1292.8654612710197,1169.0,1292.8654612710197,1141.0,1
262,11,26.300000000000104,1979.6499202820028,577.7749305214975,1994.2257579368127,546.5372136289232,1966.2304752438304,546.0232613548619,1965.0740826271929,609.0126474140718,1993.0693653201752,609.526599688133,1
262,12,26.300000000000104,1982.8233153849126,404.918232563003,1997.3991530397227,373.68051567042875,1969.4038703467404,373.1665633963674,1968.2474777301024,436.1559494555773,1996.2427604230847,436.66990172963864,1
262,13,26.300000000000104,3303.211130790282,1114.0484092448335,3334.494151226122,1128.52675971755,3334.9207963816757,1100.5300103721127,3271.9281103544417,1099.570058772117,3271.501465198888,1127.5668081175543,1
262,14,26.300000000000104,162.43575434305603,1170.064143730994,131.07684673254346,1155.7509011397663,130.7977908249971,1183.7495105302423,193.7946619535686,1184.3773863222216,194.07371786111497,1156.3787769317455,1
262,15,26.300000000000104,3752.4334558309283,1153.9530337348071,3783.7416368587424,1168.3768959335955,3784.119536708461,1140.379446197886,3721.1252748031143,1139.5291715360188,3720.7473749533956,1167.5266212717283,1
263,1,26.400000000000105,1809.8455793403737,1157.9084450073838,1778.1908461291544,1144.2619119192132,1778.504259329265,1172.2601577958033,1841.500312551593,1171.5549780955544,1841.1868993514822,1143.5567322189643,1
263,3,26.400000000000105,2009.0913993635347,944.6558420155242,2023.7509026232508,913.4573009570328,1995.7570978755982,912.8683223917974,1994.4318961038186,975.8543830740156,2022.4257008514712,976.443361639251,1
263,4,26.400000000000105,1527.0586534839235,1086.981450841321,1558.3416739197637,1101.4598013140376,1558.7683190753173,1073.4630519686002,1495.7756330480834,1072.5031003686045,1495.3489878925297,1100.4998497140418,1
263,5,26.400000000000105,2097.4032332292804,690.7709795926437,2082.9599666042095,722.0702135960041,2110.95717670982,722.465468326907,2111.8464998543514,659.4717455892833,2083.849289748741,659.0764908583805,1
263,6,26.400000000000105,2424.3737230223387,1066.1291422590339,2455.6314628676555,1080.6619912489082,2456.1069005194167,1052.666027985622,2393.115983177022,1051.5962932691596,2392.6405455252607,1079.5922565324458,1
263,7,26.400000000000105,2604.675646603767,1103.4033598273827,2635.958667039607,1117.8817103000993,2636.3853121951606,1089.884960954662,2573.3926261679267,1088.9250093546661,2572.965981012373,1116.9217587001035,1
263,8,26.400000000000105,1124.682105898114,1184.9726105014165,1093.4121096474587,1170.4661521299188,1092.960304258522,1198.4625067478066,1155.9521021487694,1199.4790688729142,1156.4039075377061,1171.4827142550264,1
263,9,26.400000000000105,762.3334687909482,1159.1439860969563,727.9881034784651,1156.203598103498,737.1359772358925,1182.6670900446263,796.6788341034314,1162.0843740904145,787.530960346004,1135.6208821492862,1
263,10,26.400000000000105,1273.3692929238628,1155.0,1241.8692929238628,1141.0,1241.8692929238628,1169.0,1304.8692929238628,1169.0,1304.8692929238628,1141.0,1
263,11,26.400000000000105,1979.5289018053447,584.366878132402,1994.1047394601546,553.1291612398277,1966.1094567671726,552.6152089657664,1964.9530641505348,615.6045950249763,1992.948346843517,616.1185472990376,1
263,12,26.400000000000105,1982.751114550426,408.8510544885525,1997.3269522052362,377.61333759597824,1969.331669512254,377.0993853219169,1968.175276895616,440.0887713811268,1996.1705595885983,440.60272365518813,1
263,13,26.400000000000105,3291.390072348855,1113.8682669984848,3322.6730927846957,1128.3466174712,3323.0997379402484,1100.3498681257627,3260.1070519130144,1099.3899165257696,3259.6804067574617,1127.386665871207,1
263,14,26.400000000000105,168.71323064635703,1170.126709939997,137.35432303584446,1155.8134673487693,137.0752671282981,1183.8120767392454,200.0721382568696,1184.4399525312247,200.35119416441597,1156.4413431407486,1
263,15,26.400000000000105,3743.367086742135,1153.8306590346651,3774.6752677699483,1168.2545212334549,3775.0531676196683,1140.2570714977453,3712.058905714322,1139.4067968358754,3711.681005864602,1167.404246571585,1
264,1,26.500000000000107,1809.8455793403737,1157.9084450073838,1778.1908461291544,1144.2619119192132,1778.504259329265,1172.2601577958033,1841.500312551593,1171.5549780955544,1841.1868993514822,1143.5567322189643,1
264,3,26.500000000000107,2009.0913993635347,944.6558420155242,2023.7509026232508,913.4573009570328,1995.7570978755982,912.8683223917974,1994.4318961038186,975.8543830740156,2022.4257008514712,976.443361639251,1
264,4,26.500000000000107,1516.8040433893866,1086.8251798519664,1548.0870638252275,1101.3035303246816,1548.5137089807797,1073.3067809792442,1485.5210229535458,1072.3468293792512,1485.0943777979935,1100.3435787246885,1
264,5,26.500000000000107,2097.5398320157033,681.095232221021,2083.0965653906323,712.3944662243814,2111.093775496243,712.7897209552842,2111.983098640774,649.7959982176606,2083.9858885351637,649.4007434867577,1
264,6,26.500000000000107,2416.8501381053716,1066.0013739978704,2448.107877950689,1080.5342229877433,2448.5833156024487,1052.5382597244568,2385.5923982600543,1051.4685250079974,2385.1169606082944,1079.464488271284,1
264,7,26.500000000000107,2597.3808588724196,1103.292193855649,2628.66387930826,1117.7705443283642,2629.090524463813,1089.7737949829268,2566.097838436579,1088.8138433829338,2565.6711932810263,1116.8105927283711,1
264,8,26.500000000000107,1132.2020119961799,1185.0939668046128,1100.9320157455238,1170.5875084331165,1100.4802103565883,1198.5838630510043,1163.472008246836,1199.6004251761092,1163.9238136357715,1171.6040705582213,1
264,9,26.500000000000107,768.2569253421573,1157.0963714866616,733.9115600296741,1154.1559834932034,743.0594337871015,1180.6194754343317,802.6022906546405,1160.0367594801198,793.454416897213,1133.5732675389916,1
264,10,26.500000000000107,1285.3731245767058,1155.0,1253.8731245767058,1141.0,1253.8731245767058,1169.0,1316.8731245767058,1169.0,1316.8731245767058,1141.0,1
264,11,26.500000000000107,1979.4078833286867,590.9588257433065,1993.9837209834966,559.7211088507322,1965.9884382905145,559.207156576671,1964.8320456738768,622.1965426358809,1992.8273283668589,622.7104949099421,1
264,12,26.500000000000107,1982.6769067711757,412.8931958759548,1997.2527444259856,381.6554789833804,1969.2574617330035,381.1415267093193,1968.1010691163658,444.1309127685292,1996.0963518093479,444.6448650425903,1
264,13,26.500000000000107,3279.570655667727,1113.6881497710792,3310.8536761035675,1128.1665002437944,3311.2803212591202,1100.169750898357,3248.2876352318863,1099.209799298364,3247.8609900763336,1127.2065486438014,1
264,14,26.500000000000107,174.9907069496578,1170.1892761489999,143.63179933914458,1155.8760335577736,143.3527434315995,1183.8746429482499,206.34961456017103,1184.5025187402262,206.62867046771612,1156.5039093497498,1
264,15,26.500000000000107,3734.2109173267672,1153.707072240913,3765.5190983545813,1168.1309344397014,3765.8969982043,1140.1334847039918,3702.902736298953,1139.2832100421247,3702.5248364492345,1167.2806597778342,1
265,1,26.600000000000108,1809.8455793403737,1157.9084450073838,1778.1908461291544,1144.2619119192132,1778.504259329265,1172.2601577958033,1841.500312551593,1171.5549780955544,1841.1868993514822,1143.5567322189643,1
265,3,26.600000000000108,2009.0913993635347,944.6558420155242,2023.7509026232508,913.4573009570328,1995.7570978755982,912.8683223917974,1994.4318961038186,975.8543830740156,2022.4257008514712,976.443361639251,1
265,4,26.600000000000108,1506.5494332948495,1086.6689088626122,1537.8324537306896,1101.1472593353287,1538.2590988862432,1073.1505099898916,1475.2664128590093,1072.1905583898956,1474.8397677034557,1100.1873077353328,1
265,5,26.600000000000108,2097.676430802126,671.4194848493983,2083.233164177055,702.7187188527587,2111.2303742826657,703.1139735836615,2112.119697427197,640.1202508460378,2084.1224873215865,639.724996115135,1
265,6,26.600000000000108,2409.3265531884035,1065.873605736707,2440.5842930337203,1080.4064547265816,2441.0597306854816,1052.410491463295,2378.0688133430867,1051.3407567468325,2377.5933756913255,1079.336720010119,1
265,7,26.600000000000108,2590.0873427549827,1103.181047262162,2621.370363190823,1117.6593977348787,2621.7970083463765,1089.6626483894413,2558.8043223191426,1088.7026967894456,2558.377677163589,1116.699446134883,1
265,8,26.600000000000108,1139.7213517908117,1185.2153139687998,1108.4513555401563,1170.708855597302,1107.9995501512196,1198.70521021519,1170.991348041467,1199.7217723402975,1171.4431534304038,1171.7254177224097,1
265,9,26.600000000000108,774.2844066365324,1155.01279770589,739.9390413240492,1152.0724097124319,749.0869150814766,1178.5359016535601,808.6297719490155,1157.9531856993483,799.4818981915881,1131.48969375822,1
265,10,26.600000000000108,1297.3769562295488,1155.0,1265.8769562295488,1141.0,1265.8769562295488,1169.0,1328.8769562295488,1169.0,1328.8769562295488,1141.0,1
265,11,26.600000000000108,1979.2868648520284,597.5507733542111,1993.8627025068383,566.3130564616367,1965.8674198138563,565.7991041875755,1964.7110271972185,628.7884902467854,1992.7063098902006,629.3024425208466,1
265,12,26.600000000000108,1982.6006920471614,417.0446567252101,1997.1765297019715,385.8069398326358,1969.1812470089892,385.29298755857445,1968.0248543923512,448.28237361778434,1996.0201370853335,448.7963258918457,1
265,13,26.600000000000108,3267.7506953123457,1113.5080242585695,3299.033715748186,1127.986374731286,3299.4603609037395,1099.9896253858487,3236.4676748765055,1099.029673785853,3236.041029720952,1127.0264231312904,1
265,14,26.600000000000108,181.2681832529588,1170.251842358003,149.90927564244623,1155.9385997667753,149.63021973489987,1183.9372091572513,212.62709086347138,1184.5650849492306,212.90614677101775,1156.5664755587545,1
265,15,26.600000000000108,3724.964947584824,1153.582273353551,3756.273128612638,1168.0061355523394,3756.651028462357,1140.0086858166298,3693.65676655701,1139.1584111547627,3693.2788667072914,1167.1558608904722,1
266,1,26.70000000000011,1809.8455793403737,1157.9084450073838,1778.1908461291544,1144.2619119192132,1778.504259329265,1172.2601577958033,1841.500312551593,1171.5549780955544,1841.1868993514822,1143.5567322189643,1
266,3,26.70000000000011,2009.0913993635347,944.6558420155242,2023.7509026232508,913.4573009570328,1995.7570978755982,912.8683223917974,1994.4318961038186,975.8543830740156,2022.4257008514712,976.443361639251,1
266,4,26.70000000000011,1496.2948232003125,1086.5126378732575,1527.5778436361527,1100.990988345974,1528.0044887917063,1072.9942390005367,1465.0118027644723,1072.034287400541,1464.5851576089187,1100.0310367459783,1
266,5,26.70000000000011,2097.813029588549,661.7437374777757,2083.369762963478,693.0429714811361,2111.3669730690885,693.4382262120389,2112.25629621362,630.4445034744152,2084.2590861080093,630.0492487435124,1
266,6,26.70000000000011,2401.8029682714364,1065.7458374755438,2433.060708116753,1080.2786864654183,2433.5361457685144,1052.2827232021318,2370.5452284261196,1051.2129884856693,2370.0697907743584,1079.2089517489558,1
266,7,26.70000000000011,2582.7925550236355,1103.0698812904284,2614.0755754594757,1117.548231763145,2614.5022206150293,1089.5514824177078,2551.5095345877953,1088.5915308177118,2551.0828894322417,1116.588280163149,1
266,8,26.70000000000011,1147.2412578888775,1185.3366702719964,1115.9712616382221,1170.8302119004986,1115.5194562492854,1198.8265665183865,1178.5112541395329,1199.843128643494,1178.9630595284696,1171.8467740256062,1
266,9,26.70000000000011,780.4159126740733,1152.8932647546412,746.0705473615901,1149.9528767611819,755.2184211190169,1176.4163687023106,814.7612779865565,1155.8336527481006,805.6134042291297,1129.3701608069719,1
266,10,26.70000000000011,1309.3807878823918,1155.0,1277.8807878823918,1141.0,1277.8807878823918,1169.0,1340.8807878823918,1169.0,1340.8807878823918,1141.0,1
266,11,26.70000000000011,1979.1658463753704,604.1427209651155,1993.7416840301803,572.9050040725411,1965.746401337198,572.3910517984799,1964.5900087205605,635.3804378576898,1992.5852914135428,635.894390131751,1
266,12,26.70000000000011,1982.5224703783829,421.30543703631827,1997.098308033193,390.067720143744,1969.1030253402107,389.55376786968264,1967.9466327235727,452.54315392889254,1995.941915416555,453.0571062029539,1
266,13,26.70000000000011,3255.9296368709183,1113.327882012221,3287.212657306759,1127.8062324849361,3287.6393024623117,1099.8094831394988,3224.6466164350777,1098.8495315395057,3224.219971279525,1126.846280884943,1
266,14,26.70000000000011,187.5456595562598,1170.314408567006,156.18675194574723,1156.0011659757783,155.90769603820087,1183.9997753662544,218.90456716677238,1184.6276511582337,219.18362307431875,1156.6290417677576,1
266,15,26.70000000000011,3715.629177516306,1153.4562623725792,3746.93735854412,1167.8801245713676,3747.3152583938386,1139.882674835658,3684.320996488492,1139.0324001737908,3683.943096638773,1167.0298499095004,1
267,1,26.80000000000011,1809.8455793403737,1157.9084450073838,1778.1908461291544,1144.2619119192132,1778.504259329265,1172.2601577958033,1841.500312551593,1171.5549780955544,1841.1868993514822,1143.5567322189643,1
267,3,26.80000000000011,2009.0913993635347,944.6558420155242,2023.7509026232508,913.4573009570328,1995.7570978755982,912.8683223917974,1994.4318961038186,975.8543830740156,2022.4257008514712,976.443361639251,1
267,4,26.80000000000011,1486.0402131057756,1086.356366883903,1517.3232335416158,1100.8347173566196,1517.7498786971694,1072.8379680111823,1454.7571926699354,1071.8780164111865,1454.3305475143818,1099.874765756624,1
267,5,26.80000000000011,2097.949628374972,652.0679901061529,2083.506361749901,683.3672241095134,2111.5035718555114,683.7624788404162,2112.3928950000427,620.7687561027925,2084.395684894432,620.3735013718897,1
267,6,26.80000000000011,2394.279383354469,1065.6180692143803,2425.537123199786,1080.1509182042532,2426.012560851546,1052.1549549409667,2363.0216435091515,1051.0852202245073,2362.5462058573917,1079.0811834877939,1
267,7,26.80000000000011,2575.4977672922882,1102.9587153186949,2606.780787728129,1117.43706579141,2607.2074328836816,1089.4403164459727,2544.2147468564476,1088.4803648459797,2543.788101700895,1116.477114191417,1
267,8,26.80000000000011,1154.7602822484796,1185.4580123456906,1123.4902859978235,1170.9515539741942,1123.038480608888,1198.947908592082,1186.0302784991356,1199.964470717187,1186.4820838880712,1171.968116099299,1
267,9,26.80000000000011,786.8587259920887,1152.1910260392124,756.0894759446098,1136.650651155841,754.7050327478735,1164.616403729927,817.6279760395676,1167.7314009225838,819.0124192363039,1139.7656483484977,1
267,10,26.80000000000011,1321.3846195352348,1155.0,1289.8846195352348,1141.0,1289.8846195352348,1169.0,1352.8846195352348,1169.0,1352.8846195352348,1141.0,1
267,11,26.80000000000011,1979.0448278987124,610.73466857602,1993.6206655535223,579.4969516834457,1965.6253828605402,578.9829994093844,1964.4689902439025,641.9723854685943,1992.4642729368845,642.4863377426556,1
267,12,26.80000000000011,1982.4422652967905,425.674255010112,1997.0181029516004,394.4365381175376,1969.0228202586184,393.9225858434765,1967.8664276419806,456.9119719026864,1995.8617103349627,457.4259241767475,1
267,13,26.80000000000011,3244.108578429491,1113.1477397658723,3275.3915988653316,1127.6260902385875,3275.8182440208843,1099.6293408931501,3212.8255579936504,1098.669389293157,3212.3989128380977,1126.6661386385945,1
267,14,26.80000000000011,193.8231358595608,1170.3769747760089,162.46422824904823,1156.0637321847812,162.18517234150187,1184.0623415752573,225.18204347007338,1184.6902173672365,225.46109937761975,1156.6916079767605,1
267,15,26.80000000000011,3706.2036071212124,1153.3290392979975,3737.5117881490264,1167.7529014967859,3737.889687998745,1139.7554517610763,3674.8954260933983,1138.9051770992091,3674.5175262436796,1166.9026268349187,1
268,1,26.900000000000112,1809.8455793403737,1157.9084450073838,1778.1908461291544,1144.2619119192132,1778.504259329265,1172.2601577958033,1841.500312551593,1171.5549780955544,1841.1868993514822,1143.5567322189643,1
268,3,26.900000000000112,2009.0913993635347,944.6558420155242,2023.7509026232508,913.4573009570328,1995.7570978755982,912.8683223917974,1994.4318961038186,975.8543830740156,2022.4257008514712,976.443361639251,1
268,4,26.900000000000112,1475.7856030112384,1086.2000958945487,1507.0686234470786,1100.6784463672652,1507.4952686026322,1072.681697021828,1444.5025825753983,1071.721745421832,1444.0759374198446,1099.7184947672692,1
268,5,26.900000000000112,2098.086227161395,642.3922427345302,2083.642960536324,673.6914767378906,2111.6401706419347,674.0867314687935,2112.529493786466,611.0930087311698,2084.5322836808555,610.697754000267,1
268,6,26.900000000000112,2386.755798437501,1065.4903009532168,2418.013538282818,1080.0231499430913,2418.4889759345792,1052.0271866798048,2355.4980585921844,1050.9574519633422,2355.022620940423,1078.9534152266287,1
268,7,26.900000000000112,2568.202979560941,1102.8475493469614,2599.485999996781,1117.325899819678,2599.912645152335,1089.3291504742406,2536.919959125101,1088.3691988742448,2536.493313969547,1116.3659482196822,1
268,8,26.900000000000112,1162.2801883465454,1185.5793686488869,1131.01019209589,1171.0729102773892,1130.5583867069533,1199.069264895277,1193.5501845972008,1200.0858270203846,1194.0019899861375,1172.0894724024968,1
268,9,26.900000000000112,793.5576649459938,1152.5226566804947,762.7884148985149,1136.9822817971233,761.4039717017786,1164.9480343712094,824.3269149934727,1168.0630315638662,825.711358190209,1140.09727898978,1
268,10,26.900000000000112,1333.3871387750992,1155.156975564801,1302.1256231503364,1140.6322504093046,1301.657461179168,1168.6283362851684,1364.648654399862,1169.6817007202976,1365.1168163710304,1141.6856148444338,1
268,11,26.900000000000112,1978.9238094220543,617.3266161869245,1993.4996470768642,586.0888992943502,1965.5043643838821,585.574947020289,1964.3479717672444,648.5643330794989,1992.3432544602265,649.0782853535601,1
268,12,26.900000000000112,1982.360069350608,430.1515165492318,1996.935907005418,398.91379965665743,1968.9406243124358,398.3998473825963,1967.784231695798,461.3892334418062,1995.7795143887802,461.9031857158673,1
268,13,26.900000000000112,3232.287519988064,1112.9675975195237,3263.5705404239043,1127.4459479922402,3263.997185579458,1099.4491986468029,3201.004499552224,1098.4892470468071,3200.5778543966703,1126.4859963922445,1
268,14,26.900000000000112,200.10061216286158,1170.439540985012,168.741704552349,1156.1262983937843,168.46264864480264,1184.1249077842604,231.45951977337415,1184.7527835762396,231.73857568092052,1156.7541741857635,1
268,15,26.900000000000112,3696.6882363995437,1153.200604129806,3727.996417427357,1167.6244663285959,3728.374317277077,1139.6270165928863,3665.3800553717306,1138.776741931016,3665.0021555220105,1166.7741916667255,1
269,1,27.000000000000114,1809.8455793403737,1157.9084450073838,1778.1908461291544,1144.2619119192132,1778.504259329265,1172.2601577958033,1841.500312551593,1171.5549780955544,1841.1868993514822,1143.5567322189643,1
269,3,27.000000000000114,2009.0913993635347,944.6558420155242,2023.7509026232508,913.4573009570328,1995.7570978755982,912.8683223917974,1994.4318961038186,975.8543830740156,2022.4257008514712,976.443361639251,1
269,4,27.000000000000114,1465.5309929167015,1086.043824905194,1496.8140133525424,1100.5221753779092,1497.2406585080946,1072.5254260324718,1434.2479724808607,1071.5654744324788,1433.8213273253084,1099.5622237779162,1
269,5,27.000000000000114,2098.222825947818,632.7164953629075,2083.779559322747,664.0157293662679,2111.7767694283575,664.4109840971707,2112.666092572889,601.4172613595471,2084.6688824672783,601.0220066286442,1
269,6,27.000000000000114,2379.2322135205336,1065.3625326920535,2410.489953365851,1079.8953816819264,2410.9653910176107,1051.89941841864,2347.9744736752164,1050.8296837021805,2347.4990360234565,1078.825646965467,1
269,7,27.000000000000114,2560.9081918295938,1102.7363833752274,2592.1912122654344,1117.2147338479426,2592.617857420987,1089.2179845025053,2529.625171393753,1088.2580329025122,2529.1985262382004,1116.2547822479496,1
269,8,27.000000000000114,1169.8000944446112,1185.7007249520834,1138.5300981939558,1171.1942665805857,1138.0782928050191,1199.1906211984735,1201.0700906952666,1200.2071833235811,1201.5218960842033,1172.2108287056933,1
269,9,27.000000000000114,800.3665338454794,1152.8597293982912,769.5972837980013,1137.3193545149181,768.2128406012636,1165.2851070890044,831.1357838929574,1168.4001042816642,832.5202270896951,1140.434351707578,1
269,10,27.000000000000114,1345.3892924105426,1155.3576804750928,1314.1277767857798,1140.832955319596,1313.6596148146114,1168.8290411954601,1376.6508080353053,1169.8824056305896,1377.1189700064738,1141.8863197547255,1
269,11,27.000000000000114,1978.8027909453963,623.918563797829,1993.3786286002062,592.6808469052547,1965.383345907224,592.1668946311935,1964.2269532905864,655.1562806904034,1992.2222359835685,655.6702329644646,1
269,12,27.000000000000114,1982.2758664596615,434.73809755020454,1996.8517041144714,403.5003806576302,1968.8564214214894,402.986428383569,1967.7000288048516,465.97581444277887,1995.6953114978337,466.4897667168401,1
269,13,27.000000000000114,3220.4664615466368,1112.787455273175,3251.749481982477,1127.2658057458916,3252.1761271380306,1099.2690564004545,3189.1834411107966,1098.3091048004585,3188.756795955243,1126.3058541458956,1
269,14,27.000000000000114,206.37808846616258,1170.502107194015,175.01918085565,1156.1888646027874,174.74012494810364,1184.1874739932634,237.73699607667515,1184.8153497852427,238.01605198422152,1156.8167403947666,1
269,15,27.000000000000114,3687.0830653513003,1153.0709568680045,3718.3912463791144,1167.4948190667928,3718.769146228833,1139.4973693310833,3655.7748843234863,1138.6470946692161,3655.3969844737676,1166.6445444049257,1
270,1,27.100000000000115,1809.8455793403737,1157.9084450073838,1778.1908461291544,1144.2619119192132,1778.504259329265,1172.2601577958033,1841.500312551593,1171.5549780955544,1841.1868993514822,1143.5567322189643,1
270,3,27.100000000000115,2009.0913993635347,944.6558420155242,2023.7509026232508,913.4573009570328,1995.7570978755982,912.8683223917974,1994.4318961038186,975.8543830740156,2022.4257008514712,976.443361639251,1
270,4,27.100000000000115,1455.2763828221646,1085.8875539158396,1486.5594032580047,1100.3659043885561,1486.9860484135584,1072.3691550431188,1423.9933623863244,1071.409203443123,1423.5667172307708,1099.4059527885604,1
270,5,27.100000000000115,2098.3594247342407,623.0407479912849,2083.91615810917,654.3399819946453,2111.9133682147803,654.7352367255481,2112.8026913593117,591.7415139879245,2084.805481253701,591.3462592570216,1
270,6,27.100000000000115,2371.7086286035656,1065.2347644308902,2402.9663684488823,1079.7676134207647,2403.4418061006436,1051.7716501574782,2340.4508887582488,1050.7019154410157,2339.9754511064875,1078.6978787043022,1
270,7,27.100000000000115,2553.6134040982465,1102.625217403494,2584.8964245340867,1117.1035678762105,2585.3230696896403,1089.1068185307731,2522.3303836624063,1088.1468669307774,2521.9037385068527,1116.1436162762147,1
270,8,27.100000000000115,1177.3200005426772,1185.8220812552797,1146.0500042920212,1171.3156228837834,1145.5981989030856,1199.3119775016712,1208.5899967933333,1200.328539626776,1209.0418021822688,1172.3321850088882,1
270,9,27.100000000000115,807.285332690546,1153.2022441926013,776.5160826430672,1137.6618693092298,775.131639446331,1165.6276218833161,838.0545827380249,1168.7426190759727,839.4390259347612,1140.7768665018864,1
270,10,27.100000000000115,1357.3914460459855,1155.5583853853843,1326.1299304212228,1141.0336602298876,1325.6617684500543,1169.0297461057517,1388.6529616707483,1170.083110540881,1389.1211236419167,1142.087024665017,1
270,11,27.100000000000115,1978.6817724687382,630.5105114087337,1993.2576101235481,599.2727945161594,1965.262327430566,598.7588422420981,1964.1059348139283,661.748228301308,1992.1012175069104,662.2621805753693,1
270,12,27.100000000000115,1982.189656623951,439.43399801303013,1996.7654942787608,408.19628112045575,1968.7702115857787,407.68232884639457,1967.613818969141,470.6717149056045,1995.609101662123,471.1856671796657,1
270,13,27.100000000000115,3208.64540310521,1112.6073130268264,3239.9284235410505,1127.0856634995416,3240.355068696603,1099.0889141541043,3177.3623826693693,1098.1289625541112,3176.9357375138165,1126.1257118995486,1
270,14,27.100000000000115,212.65556476946358,1170.5646734030179,181.296657158951,1156.2514308117902,181.01760125140464,1184.2500402022663,244.01447237997616,1184.8779159942455,244.29352828752252,1156.8793066037695,1
270,15,27.100000000000115,3677.3893052748977,1152.9401138622786,3708.697486302711,1167.3639760610686,3709.075386152431,1139.366526325359,3646.0811242470845,1138.5162516634887,3645.7032243973645,1166.5137013991982,1
271,1,27.200000000000117,1809.8455793403737,1157.9084450073838,1778.1908461291544,1144.2619119192132,1778.504259329265,1172.2601577958033,1841.500312551593,1171.5549780955544,1841.1868993514822,1143.5567322189643,1
271,3,27.200000000000117,2009.0913993635347,944.6558420155242,2023.7509026232508,913.4573009570328,1995.7570978755982,912.8683223917974,1994.4318961038186,975.8543830740156,2022.4257008514712,976.443361639251,1
271,4,27.200000000000117,1445.0217727276272,1085.7312829264852,1476.3047931634678,1100.2096333992004,1476.7314383190203,1072.212884053763,1413.7387522917866,1071.25293245377,1413.312107136234,1099.2496817992073,1
271,5,27.200000000000117,2098.4960235206636,613.3650006196622,2084.0527568955927,644.6642346230226,2112.049967001203,645.0594893539254,2112.9392901457345,582.0657666163017,2084.942080040124,581.6705118853989,1
271,6,27.200000000000117,2364.1850436865984,1065.1069961697267,2395.442783531915,1079.6398451596012,2395.9182211836765,1051.6438818963147,2332.9273038412816,1050.5741471798522,2332.4518661895204,1078.5701104431387,1
271,7,27.200000000000117,2546.3186163668993,1102.5140514317604,2577.60163680274,1116.9924019044756,2578.0282819582926,1088.9956525590383,2515.0355959310587,1088.0357009590452,2514.608950775506,1116.0324503044826,1
271,8,27.200000000000117,1184.839906640743,1185.943437558476,1153.5699103900877,1171.4369791869783,1153.118105001151,1199.4333338048662,1216.1099028913984,1200.4498959299738,1216.561708280335,1172.453541312086,1
271,9,27.200000000000117,814.3140614811932,1153.5502010634254,783.5448114337144,1138.009826180054,782.160368236978,1165.97557875414,845.0833115286721,1169.090575946797,846.4677547254084,1141.1248233727108,1
271,10,27.200000000000117,1369.3935996814287,1155.759090295676,1338.132084056666,1141.2343651401793,1337.6639220854975,1169.2304510160434,1400.6551153061914,1170.2838154511728,1401.1232772773599,1142.2877295753087,1
271,11,27.200000000000117,1978.56075399208,637.102459019638,1993.1365916468899,605.8647421270637,1965.1413089539076,605.3507898530024,1963.98491633727,668.3401759122123,1991.9801990302524,668.8541281862736,1
271,12,27.200000000000117,1982.101439843476,444.23921793770853,1996.6772774982862,413.00150104513426,1968.681994805304,412.4875487710729,1967.525602188666,475.4769348302828,1995.5208848816483,475.99088710434415,1
271,13,27.200000000000117,3196.8243446637825,1112.4271707804778,3228.107365099623,1126.905521253193,3228.534010255176,1098.9087719077556,3165.541324227942,1097.9488203077626,3165.114679072389,1125.9455696532,1
271,14,27.200000000000117,218.93304107276435,1170.6272396120207,187.57413346225178,1156.313997020793,187.29507755470541,1184.3126064112691,250.29194868327693,1184.9404822032484,250.5710045908233,1156.9418728127723,1
271,15,27.200000000000117,3667.6060142813076,1152.808062399337,3698.9141953091216,1167.2319245981253,3699.2920951588403,1139.2344748624157,3636.2978332534935,1138.3842002005485,3635.919933403775,1166.381649936258,1
272,1,27.300000000000118,1809.8455793403737,1157.9084450073838,1778.1908461291544,1144.2619119192132,1778.504259329265,1172.2601577958033,1841.500312551593,1171.5549780955544,1841.1868993514822,1143.5567322189643,1
272,3,27.300000000000118,2009.0913993635347,944.6558420155242,2023.7509026232508,913.4573009570328,1995.7570978755982,912.8683223917974,1994.4318961038186,975.8543830740156,2022.4257008514712,976.443361639251,1
272,4,27.300000000000118,1434.7671626330903,1085.5750119371305,1466.0501830689304,1100.053362409847,1466.476828224484,1072.0566130644097,1403.48414219725,1071.096661464414,1403.0574970416965,1099.0934108098513,1
272,5,27.300000000000118,2098.6326223070864,603.6892532480394,2084.1893556820155,634.9884872513999,2112.186565787626,635.3837419823027,2113.0758889321573,572.390019244679,2085.078678826547,571.9947645137762,1
272,6,27.300000000000118,2356.661458769631,1064.9792279085632,2387.919198614948,1079.5120768984361,2388.394636266708,1051.5161136351496,2325.4037189243136,1050.4463789186902,2324.9282812725537,1078.4423421819768,1
272,7,27.300000000000118,2539.02535794653,1102.402908765344,2570.308378382371,1116.881259238059,2570.7350235379236,1088.8845098926217,2507.7423375106896,1087.9245582926287,2507.315692355137,1115.921307638066,1
272,8,27.300000000000118,1192.359812738809,1186.0647938616726,1161.0898164881537,1171.5583354901748,1160.638011099217,1199.5546901080627,1223.6298089894644,1200.5712522331703,1224.0816143784011,1172.5748976152825,1
272,9,27.300000000000118,821.4525163221228,1153.9035899169367,790.6832662746448,1138.3632150335636,789.2988230779071,1166.32896760765,852.2217663696009,1169.4439648003097,853.6062095663386,1141.4782122262234,1
272,10,27.300000000000118,1381.3957533168718,1155.9597952059678,1350.134237692109,1141.435070050471,1349.6660757209406,1169.4311559263351,1412.6572689416346,1170.4845203614645,1413.125430912803,1142.4884344856005,1
272,11,27.300000000000118,1978.4397583646478,643.6931620197719,1993.0155960194577,612.4554451271975,1965.0203133264756,611.9414928531363,1963.8639207098379,674.9308789123462,1991.85920340282,675.4448311864074,1
272,12,27.300000000000118,1982.0112161182376,449.1537573242399,1996.5870537730475,417.9160404316655,1968.5917710800654,417.4020881576044,1967.4353784634277,480.3914742168143,1995.4306611564098,480.9054264908754,1
272,13,27.300000000000118,3185.004306116874,1112.2470440764,3216.2873265527146,1126.7253945491152,3216.7139717082673,1098.7286452036778,3153.7212856810334,1097.7686936036848,3153.2946405254806,1125.7654429491222,1
272,14,27.300000000000118,225.21038249729895,1170.6898044767172,193.85147488678638,1156.3765618854895,193.57241897924,1184.3751712759656,256.5692901078115,1185.0030470679449,256.8483460153579,1157.0044376774688,1
272,15,27.300000000000118,3657.7329229611423,1152.6747988427853,3689.0411039889564,1167.0986610415737,3689.419003838675,1139.1012113058641,3626.4247419333283,1138.250936643997,3626.0468420836096,1166.2483863797065,1
273,1,27.40000000000012,1809.8455793403737,1157.9084450073838,1778.1908461291544,1144.2619119192132,1778.504259329265,1172.2601577958033,1841.500312551593,1171.5549780955544,1841.1868993514822,1143.5567322189643,1
273,3,27.40000000000012,2009.0913993635347,944.6558420155242,2023.7509026232508,913.4573009570328,1995.7570978755982,912.8683223917974,1994.4318961038186,975.8543830740156,2022.4257008514712,976.443361639251,1
273,4,27.40000000000012,1424.5125525385529,1085.418740947776,1455.7955729743935,1099.8970914204913,1456.222218129946,1071.900342075054,1393.2295321027123,1070.940390475061,1392.8028869471598,1098.9371398204983,1
273,5,27.40000000000012,2098.7692210935093,594.0135058764167,2084.3259544684383,625.3127398797772,2112.323164574049,625.70799461068,2113.21248771858,562.7142718730563,2085.2152776129697,562.3190171421535,1
273,6,27.40000000000012,2349.1378738526632,1064.8514596474,2380.39561369798,1079.3843086372744,2380.8710513497413,1051.388345373988,2317.8801340073464,1050.3186106575254,2317.404696355585,1078.3145739208119,1
273,7,27.40000000000012,2531.730570215183,1102.2917427936104,2563.013590651023,1116.770093266327,2563.4402358065768,1088.7733439208896,2500.447549779343,1087.8133923208939,2500.020904623789,1115.8101416663312,1
273,8,27.40000000000012,1199.8797188368749,1186.1861501648689,1168.6097225862195,1171.6796917933711,1168.1579171972828,1199.676046411259,1231.1497150875302,1200.6926085363666,1231.601520476467,1172.6962539184788,1
273,9,27.40000000000012,828.7009011086334,1154.262420846962,797.9316510611553,1138.722045963589,796.5472078644176,1166.6877985376752,859.4701511561115,1169.802795730335,860.8545943528492,1141.8370431562487,1
273,10,27.40000000000012,1393.397906952315,1156.1605001162593,1362.1363913275522,1141.6357749607625,1361.6682293563838,1169.6318608366266,1424.6594225770777,1170.685225271756,1425.1275845482462,1142.689139395892,1
273,11,27.40000000000012,1978.3187398879898,650.2851096306763,1992.8945775427999,619.047392738102,1964.8992948498176,618.5334404640407,1963.7429022331796,681.5228265232506,1991.738184926162,682.0367787973119,1
273,12,27.40000000000012,1981.9190148824864,454.1760128716262,1996.4948525372963,422.9382959790519,1968.4995698443142,422.42434370499063,1967.3431772276765,485.4137297642005,1995.3384599206586,485.92768203826176,1
273,13,27.40000000000012,3173.183247675447,1112.0669018300514,3204.4662681112873,1126.545252302768,3204.892913266841,1098.5485029573306,3141.900227239607,1097.5885513573348,3141.4735820840533,1125.5853007027722,1
273,14,27.40000000000012,231.48785880059995,1170.7523706857203,200.12895119008738,1156.4391280944926,199.849895282541,1184.4377374849687,262.8467664111125,1185.065613276948,263.1258223186589,1157.0670038864719,1
273,15,27.40000000000012,3647.770031314402,1152.5403231926239,3679.078212342216,1166.9641853914122,3679.4561121919346,1138.9667356557027,3616.461850286588,1138.1164609938355,3616.083950436869,1166.113910729545,1
274,1,27.50000000000012,1809.8455793403737,1157.9084450073838,1778.1908461291544,1144.2619119192132,1778.504259329265,1172.2601577958033,1841.500312551593,1171.5549780955544,1841.1868993514822,1143.5567322189643,1
274,3,27.50000000000012,2009.0913993635347,944.6558420155242,2023.7509026232508,913.4573009570328,1995.7570978755982,912.8683223917974,1994.4318961038186,975.8543830740156,2022.4257008514712,976.443361639251,1
274,4,27.50000000000012,1414.257942444016,1085.2624699584217,1445.5409628798561,1099.7408204311382,1445.9676080354097,1071.744071085701,1382.9749220081758,1070.784119485705,1382.5482768526222,1098.7808688311422,1
274,5,27.50000000000012,2098.905819879932,584.3377585047941,2084.462553254861,615.6369925081545,2112.4597633604717,616.0322472390574,2113.349086505003,553.0385245014337,2085.3518763993925,552.6432697705309,1
274,6,27.50000000000012,2341.6142889356956,1064.7236913862366,2372.872028781013,1079.2565403761096,2373.3474664327728,1051.260577112823,2310.3565490903784,1050.1908423963637,2309.8811114386185,1078.1868056596502,1
274,7,27.50000000000012,2524.4357824838357,1102.1805768218765,2555.718802919676,1116.658927294593,2556.1454480752295,1088.6621779491556,2493.1527620479956,1087.70222634916,2492.726116892442,1115.6989756945973,1
274,8,27.50000000000012,1207.3996249349407,1186.3075064680652,1176.1296286842846,1171.8010480965688,1175.677823295349,1199.7974027144567,1238.6696211855967,1200.8139648395615,1239.1214265745323,1172.8176102216737,1
274,9,27.50000000000012,836.0592158407246,1154.6266938535014,805.2899657932458,1139.08631897013,803.9055225965095,1167.0520715442162,866.8284658882035,1170.1670687368728,868.2129090849397,1142.2013161627865,1
274,10,27.50000000000012,1405.4000605877582,1156.361205026551,1374.1385449629947,1141.8364798710559,1373.6703829918274,1169.8325657469197,1436.6615762125216,1170.8859301820462,1437.129738183689,1142.8898443061823,1
274,11,27.50000000000012,1978.1977214113317,656.8770572415808,1992.7735590661416,625.6393403490065,1964.7782763731595,625.1253880749452,1963.6218837565218,688.1147741341551,1991.6171664495039,688.6287264082164,1
274,12,27.50000000000012,1981.824806701971,459.30758788086536,1996.4006443567812,428.0698709882911,1968.4053616637989,427.55591871422973,1967.248969047161,490.5453047734396,1995.2442517401432,491.059257047501,1
274,13,27.50000000000012,3161.3621892340198,1111.8867595837028,3192.64520966986,1126.3651100564193,3193.0718548254135,1098.368360710982,3130.0791687981796,1097.4084091109862,3129.652523642626,1125.4051584564236,1
274,14,27.50000000000012,237.76533510390095,1170.8149368947234,206.40642749338838,1156.5016943034957,206.127371585842,1184.5003036939718,269.1242427144135,1185.128179485951,269.4032986219599,1157.129570095475,1
274,15,27.50000000000012,3637.7173393410862,1152.4046354488528,3669.0255203689003,1166.8284976476411,3669.403420218619,1138.8310479119316,3606.409158313272,1137.9807732500644,3606.0312584635535,1165.978222985774,1
274,16,27.50000000000012,3823.0934272941827,1089.8827100650874,3840.0,1104.415559054962,3840.0,1076.4195957916754,3791.835687448866,1075.3498610752129,3791.3602497971046,1103.3458243384994,1
275,1,27.600000000000122,1809.8455793403737,1157.9084450073838,1778.1908461291544,1144.2619119192132,1778.504259329265,1172.2601577958033,1841.500312551593,1171.5549780955544,1841.1868993514822,1143.5567322189643,1
275,3,27.600000000000122,2009.0913993635347,944.6558420155242,2023.7509026232508,913.4573009570328,1995.7570978755982,912.8683223917974,1994.4318961038186,975.8543830740156,2022.4257008514712,976.443361639251,1
275,4,27.600000000000122,1404.003332349479,1085.1061989690672,1435.2863527853192,1099.5845494417838,1435.7129979408728,1071.5878000963464,1372.7203119136389,1070.6278484963507,1372.2936667580852,1098.624597841788,1
275,5,27.600000000000122,2099.0424186663554,574.6620111331714,2084.5991520412845,605.9612451365318,2112.596362146895,606.3564998674345,2113.4856852914263,543.362777129811,2085.488475185816,542.9675223989083,1
275,6,27.600000000000122,2334.090704018728,1064.595923125073,2365.348443864045,1079.1287721149477,2365.823881515806,1051.1328088516611,2302.8329641734113,1050.0630741351986,2302.35752652165,1078.059037398485,1
275,7,27.600000000000122,2517.1409947524885,1102.069410850143,2548.424015188329,1116.5477613228582,2548.850660343882,1088.5510119774208,2485.857974316648,1087.5910603774278,2485.431329161095,1115.5878097228651,1
275,8,27.600000000000122,1214.9195310330067,1186.4288627712617,1183.6495347823513,1171.922404399764,1183.1977293934146,1199.9187590176518,1246.189527283662,1200.9353211427594,1246.6413326725988,1172.9389665248716,1
275,9,27.600000000000122,843.5274605183968,1154.9964089365544,812.7582104709186,1139.4560340531816,811.3737672741811,1167.4217866272677,874.296710565875,1170.5367838199272,875.6811537626124,1142.5710312458411,1
275,10,27.600000000000122,1417.4022142232013,1156.5619099368428,1386.140698598438,1142.0371847813476,1385.6725366272706,1170.0332706572115,1448.6637298479648,1171.086635092338,1449.131891819132,1143.090549216474,1
275,11,27.600000000000122,1978.0767302498812,663.4675169770658,1992.652567904691,632.2298000844914,1964.657285211709,631.7158478104302,1963.5008925950713,694.7052338696401,1991.4961752880533,695.2191861437013,1
275,12,27.600000000000122,1981.7286134971994,464.5472883290252,1996.3044511520093,433.3095714364508,1968.3091684590272,432.7956191623897,1967.1527758423895,495.7850052215996,1995.1480585353715,496.2989574956607,1
275,13,27.600000000000122,3149.5411307925924,1111.7066173373541,3180.824151228433,1126.1849678100693,3181.2507963839857,1098.188218464632,3118.258110356752,1097.228266864639,3117.831465201199,1125.2250162100763,1
275,14,27.600000000000122,244.04281140720173,1170.8775031037262,212.68390379668915,1156.5642605124985,212.4048478891428,1184.5628699029746,275.4017190177143,1185.1907456949539,275.68077492526066,1157.1921363044778,1
275,15,27.600000000000122,3627.5762504335726,1152.267754553974,3658.8844314613866,1166.6916167527625,3659.2623313111053,1138.694167017053,3596.2680694057585,1137.8438923551857,3595.89016955604,1165.8413420908953,1
275,16,27.600000000000122,3816.0907822456365,1089.7637885946351,3840.0,1104.2966375845097,3840.0,1076.3006743212231,3784.8330424003198,1075.2309396047606,3784.3576047485585,1103.226902868047,1
276,1,27.700000000000124,1809.8455793403737,1157.9084450073838,1778.1908461291544,1144.2619119192132,1778.504259329265,1172.2601577958033,1841.500312551593,1171.5549780955544,1841.1868993514822,1143.5567322189643,1
276,3,27.700000000000124,2009.0913993635347,944.6558420155242,2023.7509026232508,913.4573009570328,1995.7570978755982,912.8683223917974,1994.4318961038186,975.8543830740156,2022.4257008514712,976.443361639251,1
276,4,27.700000000000124,1393.7487222549416,1084.9499279797128,1425.0317426907823,1099.428278452428,1425.4583878463347,1071.4315291069906,1362.465701819101,1070.4715775069976,1362.0390566635485,1098.468326852435,1
276,5,27.700000000000124,2099.179017452778,564.9862637615487,2084.7357508277073,596.2854977649091,2112.732960933318,596.6807524958118,2113.622284077849,533.6870297581883,2085.6250739722386,533.2917750272856,1
276,6,27.700000000000124,2326.5671191017605,1064.4681548639096,2357.8248589470772,1079.0010038537841,2358.3002965988385,1051.0050405904976,2295.3093792564437,1049.935305874035,2294.8339416046824,1077.9312691373216,1
276,7,27.700000000000124,2509.847000845075,1101.9582569755685,2541.130021280915,1116.436607448285,2541.5566664364687,1088.4398581028477,2478.563980409235,1087.479906502852,2478.137335253681,1115.4766558482893,1
276,8,27.700000000000124,1222.4394371310725,1186.550219074458,1191.1694408804171,1172.0437607029603,1190.7176354914805,1200.0401153208481,1253.7094333817279,1201.0566774459558,1254.1612387706646,1173.060322828068,1
276,9,27.700000000000124,851.1056351416494,1155.3715660961211,820.3363850941713,1139.831191212748,818.9519418974336,1167.7969437868344,881.8748851891274,1170.9119409794941,883.2593283858652,1142.9461884054078,1
276,10,27.700000000000124,1429.4043678586445,1156.7626148471345,1398.1428522338817,1142.2378896916377,1397.6746902627133,1170.2339755675018,1460.6658834834072,1171.2873400026313,1461.1340454545757,1143.2912541267672,1
276,11,27.700000000000124,1977.9557274525919,670.0586105235308,1992.531565107402,638.8208936309564,1964.5362824144197,638.3069413568952,1963.3798897977817,701.2963274161051,1991.375172490764,701.8102796901663,1
276,12,27.700000000000124,1981.6304133476635,469.8963082390381,1996.2062510024734,438.6585913464637,1968.2109683094914,438.1446390724026,1967.0545756928536,501.1340251316125,1995.0498583858357,501.6479774056736,1
276,13,27.700000000000124,3137.7200723511655,1111.5264750910055,3169.003092787006,1126.0048255637207,3169.429737942559,1098.0080762182833,3106.437051915325,1097.0481246182903,3106.010406759772,1125.0448739637277,1
276,14,27.700000000000124,250.32028771050273,1170.940069312729,218.96138009999015,1156.6268267215014,218.6823241924438,1184.6254361119775,281.6791953210153,1185.2533119039567,281.95825122856166,1157.2547025134807,1
276,15,27.700000000000124,3617.345361199484,1152.129661565486,3648.653542227298,1166.5535237642744,3649.031442077017,1138.5560740285648,3586.03718017167,1137.7057993666976,3585.6592803219514,1165.7032491024072,1
276,16,27.700000000000124,3808.992064854363,1089.6432355886436,3840.0,1104.1760845785166,3840.0,1076.18012131523,3777.7343250090457,1075.1103865987707,3777.258887357286,1103.1063498620572,1
277,1,27.800000000000125,1809.8455793403737,1157.9084450073838,1778.1908461291544,1144.2619119192132,1778.504259329265,1172.2601577958033,1841.500312551593,1171.5549780955544,1841.1868993514822,1143.5567322189643,1
277,3,27.800000000000125,2009.0913993635347,944.6558420155242,2023.7509026232508,913.4573009570328,1995.7570978755982,912.8683223917974,1994.4318961038186,975.8543830740156,2022.4257008514712,976.443361639251,1
277,4,27.800000000000125,1383.4941121604047,1084.7936569903582,1414.7771325962447,1099.272007463075,1415.2037777517985,1071.2752581176376,1352.2110917245648,1070.3153065176414,1351.784446569011,1098.3120558630787,1
277,5,27.800000000000125,2099.315616239201,555.310516389926,2084.87234961413,586.6097503932864,2112.8695597197407,587.0050051241892,2113.758882864272,524.0112823865655,2085.7616727586615,523.6160276556627,1
277,6,27.800000000000125,2319.043534184793,1064.3403866027463,2350.30127403011,1078.8732355926193,2350.77671168187,1050.8772723293328,2287.7857943394756,1049.8075376128734,2287.3103566877157,1077.80350087616,1
277,7,27.800000000000125,2502.5522131137277,1101.847091003835,2533.835233549568,1116.3254414765515,2534.2618787051215,1088.3286921311144,2471.2691926778875,1087.3687405311184,2470.842547522334,1115.3654898765556,1
277,8,27.800000000000125,1229.9593432291383,1186.6715753776543,1198.6893469784823,1172.165117006158,1198.2375415895467,1200.1614716240458,1261.2293394797944,1201.1780337491507,1261.68114486873,1173.1816791312629,1
277,9,27.800000000000125,858.7937397104829,1155.7521653322021,828.0244896630047,1140.2117904488293,826.6400464662672,1168.1775430229154,889.5629897579611,1171.292540215575,890.9474329546986,1143.3267876414889,1
277,10,27.800000000000125,1441.4065214940874,1156.9633197574262,1410.1450058693247,1142.4385946019295,1409.6768438981562,1170.4346804777936,1472.6680371188502,1171.488044912923,1473.1361990900186,1143.491959037059,1
277,11,27.800000000000125,1977.8347089759336,676.6505581344353,1992.4105466307435,645.412841241861,1964.4152639377614,644.8988889677997,1963.2588713211237,707.8882750270096,1991.2541540141058,708.4022273010709,1
277,12,27.800000000000125,1981.5302062533635,475.3546476109037,1996.1060439081734,444.1169307183294,1968.1107612151914,443.60297844426816,1966.9543685985536,506.59236450347805,1994.9496512915357,507.1063167775393,1
277,13,27.800000000000125,3125.8990139097386,1111.3463328446571,3157.182034345579,1125.8246833173737,3157.6086795011324,1097.8279339719365,3094.6159934738985,1096.8679823719406,3094.189348318345,1124.8647317173777,1
277,14,27.800000000000125,256.5977640138037,1171.0026355217324,225.23885640329115,1156.6893929305047,224.9598004957448,1184.6880023209808,287.9566716243163,1185.31587811296,288.23572753186266,1157.317268722484,1
277,15,27.800000000000125,3607.02467163882,1151.9903564833878,3638.332852666634,1166.4142186821762,3638.710752516353,1138.4167689464666,3575.716490611006,1137.5664942845995,3575.3385907612874,1165.563944020309,1
277,16,27.800000000000125,3801.7972751203606,1089.5210510471125,3833.0550149656774,1104.053900036987,3833.5304526174386,1076.0579367737005,3770.539535275044,1074.988202057238,3770.0640976232826,1102.9841653205244,1
278,1,27.900000000000126,1809.8455793403737,1157.9084450073838,1778.1908461291544,1144.2619119192132,1778.504259329265,1172.2601577958033,1841.500312551593,1171.5549780955544,1841.1868993514822,1143.5567322189643,1
278,3,27.900000000000126,2009.0913993635347,944.6558420155242,2023.7509026232508,913.4573009570328,1995.7570978755982,912.8683223917974,1994.4318961038186,975.8543830740156,2022.4257008514712,976.443361639251,1
278,4,27.900000000000126,1373.2395020658678,1084.6373860010037,1404.5225225017086,1099.115736473719,1404.949167657261,1071.1189871282816,1341.956481630027,1070.1590355282885,1341.5298364744747,1098.155784873726,1
278,5,27.900000000000126,2099.452215025624,545.6347690183034,2085.008948400553,576.9340030216638,2113.0061585061635,577.3292577525665,2113.895481650695,514.3355350149429,2085.8982715450843,513.9402802840402,1
278,6,27.900000000000126,2311.5199492678253,1064.212618341583,2342.777689113142,1078.7454673314576,2343.2531267649033,1050.749504068171,2280.2622094225085,1049.6797693517085,2279.7867717707472,1077.675732614995,1
278,7,27.900000000000126,2495.2574253823805,1101.7359250321015,2526.5404458182206,1116.214275504818,2526.9670909737742,1088.2175261593807,2463.9744049465403,1087.257574559385,2463.5477597909867,1115.2543239048223,1
278,8,27.900000000000126,1237.4792493272043,1186.7929316808509,1206.209253076549,1172.2864733093531,1205.7574476876123,1200.282827927241,1268.7492455778597,1201.2993900523486,1269.2010509667964,1173.3030354344608,1
278,9,27.900000000000126,866.5917742248971,1156.1382066447968,835.8225241774182,1140.5978317614254,834.4380809806819,1168.5635843355115,897.361024272376,1171.6785815281683,898.7454674691123,1143.7128289540822,1
278,10,27.900000000000126,1453.4086751295304,1157.164024667718,1422.1471595047676,1142.6392995122212,1421.6789975335992,1170.6353853880853,1484.6701907542931,1171.6887498232147,1485.1383527254616,1143.6926639473506,1
278,11,27.900000000000126,1977.7137034008124,683.2418029910492,1992.2895410556223,652.0040860984749,1964.2942583626402,651.4901338244136,1963.1378657460025,714.4795198836235,1991.1331484389846,714.9934721576848,1
278,12,27.900000000000126,1981.4279922142996,480.9223064446222,1996.0038298691097,449.68458955204795,1968.0085471761274,449.1706372779866,1966.8521545594895,512.1600233371965,1994.8474372524718,512.6739756112578,1
278,13,27.900000000000126,3114.0779554683113,1111.1661905983085,3145.3609759041515,1125.644541071025,3145.787621059705,1097.6477917255877,3082.794935032471,1096.687840125592,3082.3682898769175,1124.6845894710293,1
278,14,27.900000000000126,262.8752403171045,1171.0652017307352,231.51633270659192,1156.7519591395076,231.23727679904556,1184.7505685299836,294.2341479276171,1185.378444321963,294.51320383516344,1157.3798349314868,1
278,15,27.900000000000126,3596.614665492877,1151.8498458370518,3627.922846520691,1166.2737080358402,3628.30074637041,1138.2762583001306,3565.306484465063,1137.4259836382635,3564.9285846153443,1165.423433373973,1
278,16,27.900000000000126,3794.5064130436303,1089.397234970042,3825.764152888947,1103.9300839599166,3826.2395905407084,1075.93412069663,3763.2486731983136,1074.8643859801675,3762.7732355465523,1102.860349243454,1
279,1,28.000000000000128,1809.8455793403737,1157.9084450073838,1778.1908461291544,1144.2619119192132,1778.504259329265,1172.2601577958033,1841.500312551593,1171.5549780955544,1841.1868993514822,1143.5567322189643,1
279,3,28.000000000000128,2009.0913993635347,944.6558420155242,2023.7509026232508,913.4573009570328,1995.7570978755982,912.8683223917974,1994.4318961038186,975.8543830740156,2022.4257008514712,976.443361639251,1
279,4,28.000000000000128,1362.9848919713306,1084.4811150116493,1394.2679124071706,1098.959465484366,1394.6945575627244,1070.9627161389287,1331.7018715354907,1070.0027645389325,1331.2752263799368,1097.99951388437,1
279,5,28.000000000000128,2099.5888138120467,535.9590216466806,2085.145547186976,567.2582556500411,2113.1427572925863,567.6535103809438,2114.0320804371177,504.65978764332016,2086.034870331507,504.26453291241745,1
279,6,28.000000000000128,2303.997897915269,1064.0848761239693,2335.2556377605865,1078.6177251138422,2335.731075412346,1050.6217618505557,2272.740158069951,1049.5520271340963,2272.2647204181917,1077.5479903973828,1
279,7,28.000000000000128,2487.962637651033,1101.6247590603678,2519.245658086874,1116.103109533083,2519.6723032424266,1088.1063601876456,2456.6796172151926,1087.1464085876526,2456.25297205964,1115.14315793309,1
279,8,28.000000000000128,1244.9991554252701,1186.9142879840472,1213.7291591746148,1172.4078296125494,1213.277353785678,1200.4041842304373,1276.2691516759255,1201.420746355545,1276.7209570648622,1173.424391737657,1
279,9,28.000000000000128,874.499738684892,1156.5296900339056,843.7304886374131,1140.9893151505341,842.3460454406768,1168.9550677246202,905.2689887323709,1172.070064917277,906.6534319291072,1144.104312343191,1
279,10,28.000000000000128,1465.4108287649733,1157.3647295780097,1434.1493131402106,1142.840004422513,1433.681151169042,1170.836090298377,1496.672344389736,1171.8894547335065,1497.1405063609045,1143.8933688576424,1
279,11,28.000000000000128,1977.5926849241541,689.8337506019536,1992.1685225789643,658.5960337093793,1964.173239885982,658.0820814353181,1963.016847269344,721.071467494528,1991.0121299623263,721.5854197685892,1
279,12,28.000000000000128,1981.3237712304717,486.5992847401937,1995.8996088852819,455.3615678476194,1967.9043261922995,454.8476155735581,1966.7479335756616,517.837001632768,1994.743216268644,518.3509539068293,1
279,13,28.000000000000128,3102.256897026884,1110.9860483519599,3133.5399174627246,1125.464398824675,3133.9665626182773,1097.4676494792377,3070.9738765910433,1096.5076978792447,3070.5472314354906,1124.504447224682,1
279,14,28.000000000000128,269.1527166204055,1171.1277679397383,237.79380900989293,1156.8145253485106,237.51475310234656,1184.8131347389867,300.5116242309181,1185.441010530966,300.79068013846444,1157.44240114049,1
279,15,28.000000000000128,3586.1148590203593,1151.7081230971057,3617.4230400481724,1166.1319852958957,3617.8009398978925,1138.1345355601861,3554.806677992546,1137.2842608983158,3554.428778142826,1165.2817106340253,1
279,16,28.000000000000128,3787.1194786241717,1089.271787357432,3818.3772184694885,1103.8046363473063,3818.8526561212498,1075.8086730840198,3755.861738778855,1074.7389383675577,3755.3863011270937,1102.7349016308442,1
280,1,28.10000000000013,1809.8455793403737,1157.9084450073838,1778.1908461291544,1144.2619119192132,1778.504259329265,1172.2601577958033,1841.500312551593,1171.5549780955544,1841.1868993514822,1143.5567322189643,1
280,3,28.10000000000013,2009.0913993635347,944.6558420155242,2023.7509026232508,913.4573009570328,1995.7570978755982,912.8683223917974,1994.4318961038186,975.8543830740156,2022.4257008514712,976.443361639251,1
280,4,28.10000000000013,1352.7302818767937,1084.3248440222947,1384.0133023126343,1098.8031944950098,1384.439947468187,1070.8064451495727,1321.447261440953,1069.8464935495795,1321.0206162854004,1097.8432428950166,1
280,5,28.10000000000013,2099.7254125984696,526.2832742750579,2085.2821459733987,557.5825082784183,2113.279356079009,557.977763009321,2114.1686792235405,494.98404027169744,2086.17146911793,494.58878554079473,1
280,6,28.10000000000013,2296.6248403398313,1063.1400283989046,2321.477039442985,1087.027644431845,2331.009389783921,1060.70020063307,2271.7726412366774,1039.2524123659643,2262.2402908957415,1065.5798561647393,1
280,7,28.10000000000013,2480.667849919686,1101.513593088634,2511.950870355526,1115.9919435613506,2512.3775155110798,1087.9951942159132,2449.384829483846,1087.0352426159175,2448.958184328292,1115.0319919613548,1
280,8,28.10000000000013,1252.519061523336,1187.0356442872435,1221.2490652726806,1172.5291859157458,1220.797259883744,1200.5255405336336,1283.7890577739913,1201.5421026587412,1284.240863162928,1173.5457480408534,1
280,9,28.10000000000013,882.5176330904676,1156.926615499528,851.5993512468942,1141.6849014278969,850.4857595544912,1169.6627482632523,913.435914934041,1172.1683295711591,914.549506626444,1144.1904827358037,1
280,10,28.10000000000013,1477.4129824004162,1157.5654344883012,1446.1514667756535,1143.0407093328045,1445.683304804485,1171.0367952086685,1508.674498025179,1172.090159643798,1509.1426599963474,1144.0940737679339,1
280,11,28.10000000000013,1977.471666447496,696.4256982128583,1992.047504102306,665.1879813202839,1964.052221409324,664.6740290462227,1962.8958287926862,727.6634151054326,1990.8911114856683,728.1773673794938,1
280,12,28.10000000000013,1981.2175433018797,492.3855824976179,1995.7933809566898,461.14786560504365,1967.7980982637075,460.6339133309823,1966.6417056470696,523.6232993901922,1994.6369883400519,524.1372516642535,1
280,13,28.10000000000013,3090.435838585457,1110.8059061056113,3121.7188590212977,1125.2842565783264,3122.1455041768504,1097.287507232889,3059.1528181496165,1096.327555632896,3058.7261729940637,1124.3243049783334,1
280,14,28.10000000000013,275.4301929237065,1171.1903341487414,244.07128531319393,1156.8770915575137,243.79222940564756,1184.8757009479898,306.7891005342191,1185.503576739969,307.06815644176544,1157.504967349493,1
280,15,28.10000000000013,3575.525252221266,1151.5651882635498,3606.83343324908,1165.9890504623381,3607.2113330987986,1137.9916007266286,3544.217071193452,1137.1413260647614,3543.839171343733,1165.138775800471,1
280,16,28.10000000000013,3779.636471861985,1089.1447082092825,3810.894211707302,1103.6775571991554,3811.369649359062,1075.681593935869,3748.3787320166675,1074.6118592194096,3747.9032943649077,1102.607822482696,1
281,1,28.20000000000013,1809.8455793403737,1157.9084450073838,1778.1908461291544,1144.2619119192132,1778.504259329265,1172.2601577958033,1841.500312551593,1171.5549780955544,1841.1868993514822,1143.5567322189643,1
281,3,28.20000000000013,2009.0913993635347,944.6558420155242,2023.7509026232508,913.4573009570328,1995.7570978755982,912.8683223917974,1994.4318961038186,975.8543830740156,2022.4257008514712,976.443361639251,1
281,4,28.20000000000013,1342.475671782257,1084.1685730329405,1373.7586922180972,1098.646923505657,1374.1853373736508,1070.6501741602196,1311.1926513464168,1069.690222560224,1310.7660061908632,1097.6869719056613,1
281,5,28.20000000000013,2099.862011384893,516.6075269034352,2085.418744759822,547.9067609067956,2113.4159548654325,548.3020156376983,2114.305278009964,485.3082929000747,2086.3080679043533,484.91303816917207,1
281,6,28.20000000000013,2289.549650348904,1060.5783216780515,2314.401849452058,1084.465937710992,2323.9341997929937,1058.138493912217,2264.69745124575,1036.690705645111,2255.165100904814,1063.018149443886,1
281,7,28.20000000000013,2473.3730621883383,1101.4024271169005,2504.656082624179,1115.8807775896157,2505.0827277797316,1087.8840282441784,2442.0900417524977,1086.9240766441853,2441.663396596945,1114.9208259896227,1
281,8,28.20000000000013,1260.038967621402,1187.15700059044,1228.768971370746,1172.6505422189437,1228.3171659818104,1200.6468968368315,1291.308963872058,1201.6634589619364,1291.7607692609936,1173.6671043440485,1
281,9,28.20000000000013,890.652979871546,1156.909483267054,858.9654363551635,1143.339310611654,859.3463534823329,1171.336719458585,922.3405233879284,1170.479655922454,921.9596062607591,1142.4822470755228,1
281,10,28.20000000000013,1489.4151360358592,1157.766139398593,1458.1536204110957,1143.2414142430978,1457.6854584399284,1171.2375001189616,1520.6766516606226,1172.290864554088,1521.14481363179,1144.2947786782242,1
281,11,28.20000000000013,1977.350647970838,703.0176458237627,1991.926485625648,671.7799289311884,1963.9312029326659,671.2659766571271,1962.7748103160282,734.255362716337,1990.7700930090102,734.7693149903982,1
281,12,28.20000000000013,1981.1093084285235,498.2811997168952,1995.6851460833334,467.0434828243208,1967.6898633903513,466.5295305502596,1966.5334707737136,529.5189166094696,1994.5287534666957,530.0328688835307,1
281,13,28.20000000000013,3078.61478014403,1110.6257638592626,3109.8978005798704,1125.1041143319792,3110.324445735424,1097.1073649865418,3047.33175970819,1096.147413386546,3046.9051145526364,1124.1441627319834,1
281,14,28.20000000000013,281.7076692270075,1171.2529003577442,250.34876161649493,1156.9396577665166,250.06970570894856,1184.9382671569927,313.0665768375201,1185.566142948972,313.34563274506644,1157.5675335584958,1
281,15,28.20000000000013,3564.8458450955977,1151.4210413363842,3596.1540261234118,1165.8449035351725,3596.5319259731305,1137.847453799463,3533.5376640677837,1136.9971791375958,3533.159764218065,1164.9946288733054,1
281,16,28.20000000000013,3772.0573927570695,1089.0159975255938,3803.3151326023863,1103.5488465154683,3803.7905702541475,1075.5528832521818,3740.7996529117527,1074.4831485357192,3740.3242152599914,1102.4791117990058,1
282,1,28.300000000000132,1809.8455793403737,1157.9084450073838,1778.1908461291544,1144.2619119192132,1778.504259329265,1172.2601577958033,1841.500312551593,1171.5549780955544,1841.1868993514822,1143.5567322189643,1
282,3,28.300000000000132,2009.0913993635347,944.6558420155242,2023.7509026232508,913.4573009570328,1995.7570978755982,912.8683223917974,1994.4318961038186,975.8543830740156,2022.4257008514712,976.443361639251,1
282,4,28.300000000000132,1332.2210616877196,1084.0123020435858,1363.5040821235596,1098.4906525163026,1363.9307272791134,1070.4939031708652,1300.9380412518797,1069.533951570869,1300.5113960963258,1097.5307009163064,1
282,5,28.300000000000132,2099.9986101713157,506.93177953181254,2085.555343546245,538.231013535173,2113.5525536518553,538.6262682660757,2114.4418767963866,475.63254552845206,2086.444666690776,475.23729079754935,1
282,6,28.300000000000132,2282.475156741933,1058.016867096217,2307.327355845087,1081.9044831291576,2316.859706186023,1055.5770393303826,2257.622957638779,1034.1292510632766,2248.0906072978432,1060.4566948620516,1
282,7,28.300000000000132,2466.078274456991,1101.291261145167,2497.361294892831,1115.7696116178836,2497.787940048385,1087.7728622724464,2434.795254021151,1086.8129106724505,2434.3686088655973,1114.8096600178876,1
282,8,28.300000000000132,1267.5588737194676,1187.2783568936363,1236.2888774688122,1172.7718985221386,1235.8370720798755,1200.7682531400264,1298.828869970123,1201.784815265134,1299.2806753590596,1173.7884606472462,1
282,9,28.300000000000132,898.900059023638,1156.7972781085218,867.2125155072556,1143.2271054531218,867.593432634425,1171.224514300053,930.5876025400205,1170.3674507639219,930.2066854128511,1142.3700419169907,1
282,10,28.300000000000132,1501.4172896713021,1157.9668443088847,1470.1557740465387,1143.4421191533895,1469.6876120753714,1171.4382050292534,1532.6788052960655,1172.4915694643798,1533.1469672672329,1144.495483588516,1
282,11,28.300000000000132,1977.22962949418,709.6095934346673,1991.80546714899,678.371876542093,1963.8101844560078,677.8579242680318,1962.6537918393701,740.8473103272416,1990.6490745323522,741.3612626013029,1
282,12,28.300000000000132,1980.9990666104034,504.2861363980252,1995.5749042652135,473.04841950545085,1967.5796215722312,472.5344672313896,1966.4232289555932,535.5238532905995,1994.4185116485755,536.0378055646607,1
282,13,28.300000000000132,3066.793721702603,1110.445621612914,3098.076742138443,1124.9239720856306,3098.5033872939966,1096.9272227401932,3035.5107012667627,1095.9672711401975,3035.084056111209,1123.9640204856348,1
282,14,28.300000000000132,287.9851455303083,1171.315466566747,256.6262379197957,1157.0022239755194,256.34718201224933,1185.0008333659955,319.34405314082085,1185.6287091579748,319.6231090483672,1157.6300997674987,1
282,15,28.300000000000132,3554.0766376433544,1151.2756823156087,3585.3848186711684,1165.699544514397,3585.762718520887,1137.7020947786875,3522.7684566155403,1136.8518201168204,3522.3905567658217,1164.84926985253,1
282,16,28.300000000000132,3764.3822413094263,1088.8856553063652,3795.639981154743,1103.4185042962397,3796.1154188065043,1075.4225410329532,3733.1245014641095,1074.3528063164906,3732.6490638123482,1102.3487695797771,1
283,1,28.400000000000134,1809.8455793403737,1157.9084450073838,1778.1908461291544,1144.2619119192132,1778.504259329265,1172.2601577958033,1841.500312551593,1171.5549780955544,1841.1868993514822,1143.5567322189643,1
283,3,28.400000000000134,2009.0913993635347,944.6558420155242,2023.7509026232508,913.4573009570328,1995.7570978755982,912.8683223917974,1994.4318961038186,975.8543830740156,2022.4257008514712,976.443361639251,1
283,4,28.400000000000134,1321.9664515931827,1083.8560310542312,1353.2494720290235,1098.3343815269463,1353.6761171845758,1070.337632181509,1290.6834311573418,1069.377680581516,1290.2567860017896,1097.3744299269533,1
283,5,28.400000000000134,2100.1352089577385,497.2560321601898,2085.6919423326676,528.5552661635503,2113.689152438278,528.950520894453,2114.5784755828095,465.95679815682934,2086.581265477199,465.56154342592663,1
283,6,28.400000000000134,2275.3999667510056,1055.455160375364,2300.252165854161,1079.3427764083033,2309.7845161950954,1053.0153326095276,2250.5477676478504,1031.5675443424245,2241.015417306916,1057.8949881412002,1
283,7,28.400000000000134,2458.783486725644,1101.1800951734333,2490.066507161484,1115.6584456461499,2490.4931523170376,1087.6616963007127,2427.5004662898036,1086.7017447007167,2427.07382113425,1114.6984940461539,1
283,8,28.400000000000134,1275.0787798175336,1187.3997131968326,1243.8087835668782,1172.893254825335,1243.3569781779415,1200.8896094432228,1306.348776068189,1201.9061715683304,1306.8005814571256,1173.9098169504425,1
283,9,28.400000000000134,907.2561864244553,1156.6835893003476,875.5686429080729,1143.1134166449476,875.9495600352423,1171.1108254918788,938.9437299408378,1170.2537619557477,938.5628128136684,1142.2563531088165,1
283,10,28.400000000000134,1513.4194433067453,1158.1675492191762,1482.1579276819825,1143.6428240636794,1481.689765710814,1171.6389099395435,1544.680958931508,1172.692274374673,1545.1491209026765,1144.6961884988089,1
283,11,28.400000000000134,1977.108611017522,716.2015410455717,1991.6844486723319,684.9638241529974,1963.6891659793498,684.4498718789362,1962.532773362712,747.439257938146,1990.5280560556942,747.9532102122073,1
283,12,28.400000000000134,1980.8868178475193,510.4003925410082,1995.4626555023292,479.16267564843383,1967.4673728093471,478.64872337437265,1966.3109801927094,541.6381094335826,1994.3062628856915,542.1520617076437,1
283,13,28.400000000000134,3054.9726632611755,1110.2654793665654,3086.255683697016,1124.7438298392806,3086.682328852569,1096.7470804938432,3023.689642825335,1095.7871288938502,3023.262997669782,1123.7838782392876,1
283,14,28.400000000000134,294.2626218336093,1171.3780327757504,262.9037142230967,1157.0647901845227,262.62465831555033,1185.0633995749988,325.62152944412185,1185.691275366978,325.9005853516682,1157.692665976502,1
283,15,28.400000000000134,3543.242023827283,1151.1294404624573,3574.550204855097,1165.5533026612457,3574.9281047048157,1137.555852925536,3511.933842799469,1136.705578263669,3511.5559429497503,1164.7030279993785,1
283,16,28.400000000000134,3756.611017519055,1088.7536815515973,3787.868757364372,1103.2865305414718,3788.344195016133,1075.2905672781853,3725.3532776737384,1074.2208325617228,3724.877840021977,1102.2167958250093,1
284,1,28.500000000000135,1809.8455793403737,1157.9084450073838,1778.1908461291544,1144.2619119192132,1778.504259329265,1172.2601577958033,1841.500312551593,1171.5549780955544,1841.1868993514822,1143.5567322189643,1
284,3,28.500000000000135,2009.0913993635347,944.6558420155242,2023.7509026232508,913.4573009570328,1995.7570978755982,912.8683223917974,1994.4318961038186,975.8543830740156,2022.4257008514712,976.443361639251,1
284,4,28.500000000000135,1311.7118414986458,1083.699760064877,1342.994861934486,1098.1781105375935,1343.4215070900395,1070.1813611921561,1280.4288210628056,1069.2214095921604,1280.002175907252,1097.2181589375978,1
284,5,28.500000000000135,2100.2718077441614,487.5802847885671,2085.8285411190905,518.8795187919276,2113.825751224701,519.2747735228303,2114.7150743692323,456.2810507852066,2086.717864263622,455.8857960543039,1
284,6,28.500000000000135,2268.3247767600783,1052.8934536545112,2293.176975863232,1076.7810696874517,2302.709326204168,1050.4536258886767,2243.4725776569244,1029.0058376215707,2233.9402273159885,1055.3332814203457,1
284,7,28.500000000000135,2451.4886989942966,1101.0689292016998,2482.7717194301367,1115.5472796744164,2483.1983645856903,1087.550530328979,2420.2056785584564,1086.5905787289832,2419.7790334029028,1114.5873280744206,1
284,8,28.500000000000135,1282.5986859155996,1187.5210695000292,1251.3286896649436,1173.0146111285328,1250.876884276008,1201.0109657464207,1313.8686821662557,1202.0275278715255,1314.3204875551912,1174.0311732536377,1
284,9,28.500000000000135,915.7223682077818,1156.5684031536357,884.0348246913993,1142.9982304982357,884.4157418185687,1170.9956393451669,947.4099117241642,1170.1385758090357,947.0289945969948,1142.1411669621045,1
284,10,28.500000000000135,1525.4215969421882,1158.368254129468,1494.1600813174255,1143.8435289739712,1493.691919346257,1171.8396148498352,1556.683112566951,1172.8929792849647,1557.1512745381194,1144.8968934091006,1
284,11,28.500000000000135,1976.9875925408637,722.7934886564763,1991.5634301956736,691.5557717639019,1963.5681475026915,691.0418194898407,1962.4117548860538,754.0312055490506,1990.407037579036,754.5451578231118,1
284,12,28.500000000000135,1980.772562139871,516.6239681458441,1995.3483997946812,485.3862512532698,1967.353117101699,484.87229897920844,1966.196724485061,547.8616850384184,1994.1920071780432,548.3756373124796,1
284,13,28.500000000000135,3043.1516048197486,1110.085337120217,3074.434625255589,1124.5636875929335,3074.8612704111424,1096.5669382474962,3011.8685843839085,1095.6069866475004,3011.441939228355,1123.6037359929378,1
284,14,28.500000000000135,300.5400981369103,1171.4405989847533,269.1811905263977,1157.1273563935256,268.90213461885133,1185.1259657840017,331.89900574742285,1185.753841575981,332.1780616549692,1157.7552321855048,1
284,15,28.500000000000135,3532.4074100112116,1150.9831986093063,3563.7155910390256,1165.4070608080947,3564.0934908887443,1137.4096110723851,3501.0992289833976,1136.559336410518,3500.721329133679,1164.5567861462275,1
284,16,28.500000000000135,3748.7437213859553,1088.6200762612898,3780.0014612312725,1103.1529252511627,3780.4768988830324,1075.1569619878762,3717.485981540638,1074.0872272714169,3717.010543888878,1102.0831905347034,1
285,1,28.600000000000136,1809.8455793403737,1157.9084450073838,1778.1908461291544,1144.2619119192132,1778.504259329265,1172.2601577958033,1841.500312551593,1171.5549780955544,1841.1868993514822,1143.5567322189643,1
285,3,28.600000000000136,2009.0913993635347,944.6558420155242,2023.7509026232508,913.4573009570328,1995.7570978755982,912.8683223917974,1994.4318961038186,975.8543830740156,2022.4257008514712,976.443361639251,1
285,4,28.600000000000136,1301.4572314041086,1083.5434890755223,1332.7402518399492,1098.0218395482375,1333.1668969955017,1070.0250902028001,1270.174210968268,1069.065138602807,1269.7475658127155,1097.0618879482445,1
285,5,28.600000000000136,2100.408406530584,477.9045374169445,2085.9651399055133,509.203771420305,2113.962350011124,509.5990261512076,2114.851673155655,446.605303413584,2086.8544630500446,446.21004868268136,1
285,6,28.600000000000136,2261.249586769151,1050.331746933658,2286.101785872305,1074.2193629665983,2295.6341362132407,1047.8919191678233,2236.397387665997,1026.4441309007177,2226.865037325061,1052.7715746994927,1
285,7,28.600000000000136,2444.1939112629493,1100.957763229966,2475.4769316987895,1115.4361137026826,2475.903576854343,1087.4393643572453,2412.910890827109,1086.4794127572495,2412.4842456715555,1114.4761621026869,1
285,8,28.600000000000136,1290.117355146617,1187.6424058426555,1258.8473588959616,1173.1359474711578,1258.395553507025,1201.1323020890457,1321.3873513972724,1202.1488642141533,1321.839156786209,1174.1525095962654,1
285,9,28.600000000000136,924.2986043736173,1156.4517196683862,892.6110608572349,1142.8815470129862,892.9919779844042,1170.8789558599174,955.9861478899998,1170.0218923237862,955.6052307628304,1142.024483476855,1
285,10,28.600000000000136,1537.4237505776312,1158.5689590397596,1506.1622349528684,1144.0442338842631,1505.6940729817,1172.040319760127,1568.685266202394,1173.0936841952562,1569.1534281735624,1145.0975983193923,1
285,11,28.600000000000136,1976.8665740642057,729.3854362673808,1991.4424117190156,698.1477193748065,1963.4471290260335,697.6337671007452,1962.2907364093958,760.6231531599551,1990.2860191023778,761.1371054340163,1
285,12,28.600000000000136,1980.656299487459,522.9568632125328,1995.2321371422688,491.71914631995844,1967.2368544492867,491.2051940458972,1966.080461832649,554.1945801051071,1994.075744525631,554.7085323791683,1
285,13,28.600000000000136,3031.3305463783217,1109.9051948738684,3062.613566814162,1124.383545346585,3063.0402119697155,1096.3867960011476,3000.0475259424816,1095.4268444011518,2999.620880786928,1123.4235937465892,1
285,14,28.600000000000136,306.8175744402115,1171.503165193756,275.4586668296989,1157.1899226025282,275.17961092215256,1185.1885319930045,338.1764820507241,1185.816407784984,338.45553795827044,1157.8177983945077,1
285,15,28.600000000000136,3521.5727961951397,1150.836956756155,3552.880977222953,1165.2608189549446,3553.258877072673,1137.263369219235,3490.2646151673266,1136.4130945573652,3489.8867153176066,1164.4105442930747,1
285,16,28.600000000000136,3740.7803529101275,1088.484839435443,3772.0380927554443,1103.0176884253174,3772.5135304072055,1075.0217251620309,3709.5226130648107,1073.9519904455688,3709.0471754130494,1101.9479537088553,1
286,1,28.700000000000138,1809.8455793403737,1157.9084450073838,1778.1908461291544,1144.2619119192132,1778.504259329265,1172.2601577958033,1841.500312551593,1171.5549780955544,1841.1868993514822,1143.5567322189643,1
286,3,28.700000000000138,2009.0913993635347,944.6558420155242,2023.7509026232508,913.4573009570328,1995.7570978755982,912.8683223917974,1994.4318961038186,975.8543830740156,2022.4257008514712,976.443361639251,1
286,4,28.700000000000138,1291.2026213095717,1083.387218086168,1322.4856417454118,1097.8655685588847,1322.9122869009655,1069.8688192134473,1259.9196008737315,1068.9088676134515,1259.4929557181779,1096.905616958889,1
286,5,28.700000000000138,2100.545005317007,468.2287900453217,2086.101738691936,499.5280240486822,2114.0989487975467,499.92327877958485,2114.988271942078,436.92955604196123,2086.9910618364675,436.5343013110586,1
286,6,28.700000000000138,2254.1743967782236,1047.770040212805,2279.0265958813775,1071.6576562457456,2288.5589462223134,1045.3302124469706,2229.3221976750697,1023.8824241798645,2219.789847334134,1050.2098679786395,1
286,7,28.700000000000138,2436.899123531602,1100.8465972582326,2468.1821439674427,1115.3249477309478,2468.6087891229954,1087.3281983855104,2405.6161030957614,1086.3682467855174,2405.1894579402087,1114.3649961309548,1
286,8,28.700000000000138,1297.6372612446826,1187.7637621458518,1266.3672649940272,1173.257303774354,1265.9154596050905,1201.253658392242,1328.907257495338,1202.2702205173496,1329.3590628842746,1174.2738658994617,1
286,9,28.700000000000138,932.984894921962,1156.3335388445992,901.2973514055801,1142.7633661891975,901.6782685327483,1170.760775036129,964.6724384383439,1169.9037115000008,964.2915213111756,1141.9063026530694,1
286,10,28.700000000000138,1549.4259042130743,1158.7696639500514,1518.1643885883116,1144.2449387945546,1517.696226617143,1172.2410246704187,1580.687419837837,1173.2943891055481,1581.1555818090055,1145.298303229684,1
286,11,28.700000000000138,1976.7455555875476,735.9773838782853,1991.3213932423575,704.739666985711,1963.3261105493755,704.2257147116497,1962.1697179327377,767.2151007708596,1990.1650006257198,767.7290530449209,1
286,12,28.700000000000138,1980.5380298902826,529.3990777410744,1995.1138675450927,498.1613608485001,1967.1185848521104,497.64740857443877,1965.9621922354725,560.6367946336487,1993.9574749284548,561.15074690771,1
286,13,28.700000000000138,3019.5094879368944,1109.7250526275197,3050.7925083727346,1124.2034031002363,3051.219153528288,1096.206653754799,2988.2264675010542,1095.2467021548032,2987.7998223455006,1123.2434515002406,1
286,14,28.700000000000138,313.09505074351205,1171.5657314027592,281.7361431329995,1157.2524888115315,281.4570872254531,1185.2510982020076,344.4539583540246,1185.8789739939868,344.733014261571,1157.8803646035108,1
286,15,28.700000000000138,3510.7381823790683,1150.690714903004,3542.0463634068824,1165.1145771017923,3542.424263256601,1137.1171273660827,3479.4300013512543,1136.2668527042156,3479.0521015015356,1164.2643024399251,1
286,16,28.700000000000138,3732.7209120915713,1088.3479710740567,3763.978651936888,1102.880820063931,3764.4540895886494,1074.8848568006445,3701.4631722462545,1073.8151220841823,3700.9877345944933,1101.8110853474689,1
287,1,28.80000000000014,1809.8455793403737,1157.9084450073838,1778.1908461291544,1144.2619119192132,1778.504259329265,1172.2601577958033,1841.500312551593,1171.5549780955544,1841.1868993514822,1143.5567322189643,1
287,3,28.80000000000014,2009.0913993635347,944.6558420155242,2023.7509026232508,913.4573009570328,1995.7570978755982,912.8683223917974,1994.4318961038186,975.8543830740156,2022.4257008514712,976.443361639251,1
287,4,28.80000000000014,1280.9480112150347,1083.2309470968135,1312.2310316508756,1097.7092975695286,1312.6576768064278,1069.7125482240913,1249.6649907791939,1068.7525966240983,1249.2383456236416,1096.7493459695356,1
287,5,28.80000000000014,2100.681582840608,458.55454879026524,2086.238316215537,489.8537827936257,2114.2355263211475,490.2490375245284,2115.124849465679,427.25531478690476,2087.1276393600683,426.8600600560021,1
287,6,28.80000000000014,2247.099206787296,1045.208333491952,2271.95140589045,1069.0959495248924,2281.483756231386,1042.7685057261174,2222.2470076841423,1021.3207174590118,2212.7146573432065,1047.6481612577868,1
287,7,28.80000000000014,2429.604335800255,1100.7354312864989,2460.887356236095,1115.2137817592154,2461.3140013916486,1087.2170324137783,2398.3213153644147,1086.2570808137823,2397.894670208861,1114.2538301592194,1
287,8,28.80000000000014,1305.1571673427484,1187.8851184490482,1273.8871710920923,1173.378660077552,1273.4353657031568,1201.3750146954396,1336.4271635934044,1202.3915768205443,1336.87896898234,1174.3952222026567,1
287,9,28.80000000000014,941.7812398528158,1156.2138606822746,910.0936963364334,1142.6436880268745,910.4746134636027,1170.6410968738057,973.4687833691983,1169.7840333376746,973.0878662420289,1141.7866244907434,1
287,10,28.80000000000014,1561.4280578485173,1158.9703688603431,1530.1665422237545,1144.4456437048464,1529.698380252586,1172.4417295807104,1592.68957347328,1173.4950940158399,1593.1577354444485,1145.4990081399758,1
287,11,28.80000000000014,1976.6245371108896,742.5693314891898,1991.2003747656995,711.3316145966155,1963.2050920727174,710.8176623225543,1962.0486994560797,773.8070483817642,1990.0439821490618,774.3210006558254,1
287,12,28.80000000000014,1980.4177533483423,535.9506117314689,1994.9935910031525,504.7128948388946,1966.9983083101702,504.1989425648334,1965.8419156935322,567.1883286240433,1993.8371983865145,567.7022808981045,1
287,13,28.80000000000014,3007.688925857544,1109.5449179452805,3038.971946293384,1124.023268417997,3039.3985914489376,1096.02651907256,2976.4059054217037,1095.066567472564,2975.97926026615,1123.063316818001,1
287,14,28.80000000000014,319.37252704681305,1171.6282976117623,288.0136194363005,1157.3150550205346,287.7345635287541,1185.3136644110107,350.7314346573256,1185.94154020299,351.010490564872,1157.9429308125139,1
287,15,28.80000000000014,3499.903568562997,1150.5444730498525,3531.21174959081,1164.9683352486425,3531.58964944053,1136.970885512933,3468.595387535184,1136.1206108510626,3468.2174876854638,1164.1180605867721,1
287,16,28.80000000000014,3724.565398930287,1088.209471177131,3755.8231387756036,1102.7423201670056,3756.298576427365,1074.746356903719,3693.30765908497,1073.6766221872565,3692.832221433209,1101.672585450543,1
288,1,28.90000000000014,1809.8455793403737,1157.9084450073838,1778.1908461291544,1144.2619119192132,1778.504259329265,1172.2601577958033,1841.500312551593,1171.5549780955544,1841.1868993514822,1143.5567322189643,1
288,3,28.90000000000014,2009.0913993635347,944.6558420155242,2023.7509026232508,913.4573009570328,1995.7570978755982,912.8683223917974,1994.4318961038186,975.8543830740156,2022.4257008514712,976.443361639251,1
288,4,28.90000000000014,1270.6934011204976,1083.074676107459,1301.9764215563378,1097.5530265801756,1302.4030667118914,1069.5562772347384,1239.4103806846574,1068.5963256347425,1238.9837355291038,1096.5930749801796,1
288,5,28.90000000000014,2100.8181816270308,448.8788014186425,2086.37491500196,480.178035422003,2114.3721251075704,480.57329015290566,2115.2614482521017,417.57956741528204,2087.264238146491,417.1843126843794,1
288,6,28.90000000000014,2240.1639666500896,1042.3848056481793,2257.2377249273113,1072.3303692309707,2273.832779701434,1049.7781153071635,2223.090208372868,1012.4392420653879,2206.495153598745,1034.991495989195,1
288,7,28.90000000000014,2422.309548068907,1100.6242653147651,2453.5925685047478,1115.1026157874803,2454.0192136603005,1087.105866442043,2391.0265276330665,1086.14591484205,2390.599882477514,1114.1426641874873,1
288,8,28.90000000000014,1312.6770734408146,1188.0064747522447,1281.4070771901593,1173.500016380747,1280.9552718012226,1201.4963709986348,1343.94706969147,1202.5129331237424,1344.3988750804067,1174.5165785058546,1
288,9,28.90000000000014,950.6876391661788,1156.0926851814124,919.0000956497963,1142.5225125260124,919.3810127769657,1170.5199213729436,982.3751826825612,1169.6628578368125,981.9942655553918,1141.6654489898813,1
288,10,28.90000000000014,1573.4302114839602,1159.1710737706348,1542.1686958591968,1144.6463486151397,1541.7005338880294,1172.6424344910035,1604.6917271087236,1173.69579892613,1605.159889079891,1145.6997130502662,1
288,11,28.90000000000014,1976.5035186342316,749.1612791000942,1991.0793562890415,717.9235622075199,1963.0840735960594,717.4096099334587,1961.9276809794217,780.3989959926686,1989.9229636724037,780.9129482667298,1
288,12,28.90000000000014,1980.2954698616381,542.6114651837163,1994.871307516448,511.37374829114196,1966.876024823466,510.8597960170807,1965.7196322068282,573.8491820762906,1993.7149148998103,574.3631343503519,1
288,13,28.90000000000014,2995.867867416117,1109.364775698932,3027.1508878519576,1123.843126171647,3027.5775330075103,1095.8463768262097,2964.5848469802763,1094.8864252262167,2964.1582018247236,1122.883174571654,1
288,14,28.90000000000014,325.6500033501143,1171.6908638207651,294.2910957396017,1157.3776212295375,294.01203983205534,1185.3762306200135,357.00891096062685,1186.0041064119928,357.2879668681732,1158.0054970215167,1
288,15,28.90000000000014,3489.0689547469256,1150.3982311967015,3520.3771357747396,1164.82209339549,3520.7550356244583,1136.8246436597803,3457.7607737191115,1135.9743689979132,3457.382873869393,1163.9718187336227,1
288,16,28.90000000000014,3716.3138134262745,1088.0693397446657,3747.5715532715913,1102.6021887345403,3748.0469909233525,1074.6062254712538,3685.0560735809577,1073.5364907547912,3684.5806359291964,1101.5324540180777,1
289,1,29.000000000000142,1809.8455793403737,1157.9084450073838,1778.1908461291544,1144.2619119192132,1778.504259329265,1172.2601577958033,1841.500312551593,1171.5549780955544,1841.1868993514822,1143.5567322189643,1
289,3,29.000000000000142,2009.0913993635347,944.6558420155242,2023.7509026232508,913.4573009570328,1995.7570978755982,912.8683223917974,1994.4318961038186,975.8543830740156,2022.4257008514712,976.443361639251,1
289,4,29.000000000000142,1260.4387910259607,1082.9184051181046,1291.7218114618008,1097.3967555908212,1292.1484566173544,1069.4000062453838,1229.1557705901205,1068.440054645388,1228.7291254345669,1096.4368039908254,1
289,5,29.000000000000142,2100.954780413454,439.2030540470198,2086.511513788383,470.5022880503803,2114.5087238939936,470.897542781283,2115.398047038525,407.9038200436593,2087.4008369329144,407.5085653127566,1
289,6,29.000000000000142,2234.1033144100115,1037.9250804149142,2251.1770726872332,1067.8706439977057,2267.772127461356,1045.3183900738984,2217.02955613279,1007.9795168321228,2200.434501358667,1030.53177075593,1
289,7,29.000000000000142,2415.01476033756,1100.5130993430316,2446.2977807734,1114.9914498157482,2446.7244259289537,1086.994700470311,2383.7317399017197,1086.034748870315,2383.305094746166,1114.0314982157522,1
289,8,29.000000000000142,1320.1969795388804,1188.127831055441,1288.926983288225,1173.6213726839433,1288.4751778992884,1201.617727301831,1351.4669757895358,1202.6342894269387,1351.9187811784725,1174.6379348090509,1
289,9,29.000000000000142,959.7040928620509,1155.970012342013,928.0165493456684,1142.399839686613,928.3974664728378,1170.3972485335441,991.3916363784333,1169.540184997413,991.0107192512639,1141.5427761504818,1
289,10,29.000000000000142,1585.4323651194031,1159.3717786809266,1554.1708494946397,1144.8470535254314,1553.7026875234724,1172.8431394012953,1616.6938807441666,1173.8965038364217,1617.1620427153339,1145.900417960558,1
289,11,29.000000000000142,1976.3825001575735,755.7532267109988,1990.9583378123834,724.5155098184244,1962.9630551194011,724.0015575443632,1961.8066625027636,786.9909436035731,1989.801945195746,787.5048958776343,1
289,12,29.000000000000142,1980.1711794301696,549.3816380978166,1994.7470170849797,518.1439212052422,1966.7517343919974,517.629968931181,1965.5953417753594,580.6193549903909,1993.5906244683417,581.1333072644521,1
289,13,29.000000000000142,2984.04680897469,1109.1846334525833,3015.3298294105307,1123.6629839252985,3015.7564745660834,1095.666234579861,2952.7637885388494,1094.706282979868,2952.3371433832967,1122.7030323253055,1
289,14,29.000000000000142,331.9274796534148,1171.7534300297684,300.56857204290225,1157.4401874385408,300.2895161353559,1185.4387968290168,363.2863872639274,1186.066672620996,363.56544317147376,1158.06806323052,1
289,15,29.000000000000142,3478.234340930854,1150.2519893435501,3509.5425219586673,1164.67585154234,3509.9204218083873,1136.6784018066305,3446.926159903041,1135.8281271447602,3446.548260053321,1163.8255768804697,1
289,16,29.000000000000142,3707.9661555795337,1087.9275767766608,3739.2238954248505,1102.4604257665353,3739.6993330766118,1074.4644625032488,3676.708415734217,1073.3947277867862,3676.2329780824557,1101.3906910500727,1
290,1,29.100000000000144,1809.8455793403737,1157.9084450073838,1778.1908461291544,1144.2619119192132,1778.504259329265,1172.2601577958033,1841.500312551593,1171.5549780955544,1841.1868993514822,1143.5567322189643,1
290,3,29.100000000000144,2009.0913993635347,944.6558420155242,2023.7509026232508,913.4573009570328,1995.7570978755982,912.8683223917974,1994.4318961038186,975.8543830740156,2022.4257008514712,976.443361639251,1
290,4,29.100000000000144,1250.1843074906278,1082.762136057398,1281.467327926468,1097.2404865301146,1281.8939730820216,1069.2437371846775,1218.9012870547876,1068.2837855846815,1218.474641899234,1096.2805349301186,1
290,5,29.100000000000144,2101.091372403508,429.527788084833,2086.648105778437,460.8270220881934,2114.6453158840477,461.2222768190962,2115.534639028579,398.22855408147257,2087.5374289229685,397.8332993505698,1
290,6,29.100000000000144,2228.0427050460307,1033.4653867319848,2245.116463323254,1063.4109503147756,2261.711518097375,1040.858696390968,2210.9689467688077,1003.519823149194,2194.3738919946863,1026.0720770730018,1
290,7,29.100000000000144,2407.719972606213,1100.4019333712981,2439.0029930420533,1114.8802838440147,2439.429638197607,1086.8835344985773,2376.436952170373,1085.9235828985816,2376.0103070148193,1113.920332244019,1
290,8,29.100000000000144,1327.7168856369462,1188.2491873586373,1296.4468893862902,1173.742728987141,1295.9950839973546,1201.7390836050288,1358.9868818876023,1202.7556457301337,1359.4386872765378,1174.7592911122458,1
290,9,29.100000000000144,968.8306009404321,1155.8458421640757,937.1430574240496,1142.2756695086757,937.523974551219,1170.273078355607,1000.5181444568145,1169.4160148194758,1000.1372273296452,1141.4186059725446,1
290,10,29.100000000000144,1597.434518754846,1159.572483591218,1566.1730031300833,1145.0477584357213,1565.7048411589149,1173.0438443115854,1628.6960343796088,1174.0972087467148,1629.1641963507773,1146.1011228708508,1
290,11,29.100000000000144,1976.2614816809155,762.3451743219033,1990.8373193357254,731.107457429329,1962.842036642743,730.5935051552677,1961.6856440261056,793.5828912144776,1989.680926719088,794.0968434885389,1
290,12,29.100000000000144,1980.0448820539373,556.2611304737698,1994.6207197087474,525.0234135811954,1966.625437015765,524.5094613071342,1965.4690443991271,587.4988473663441,1993.4643270921094,588.0127996404053,1
290,13,29.100000000000144,2972.2257505332627,1109.0044912062347,3003.508770969103,1123.4828416789512,3003.9354161246565,1095.4860923335139,2940.9427300974226,1094.526140733518,2940.516084941869,1122.5228900789555,1
290,14,29.100000000000144,338.2049559567158,1171.8159962387713,306.84604834620325,1157.5027536475436,306.5669924386569,1185.5013630380197,369.5638635672284,1186.129238829999,369.84291947477476,1158.1306294395229,1
290,15,29.100000000000144,3467.3997271147828,1150.1057474903992,3498.707908142597,1164.5296096891875,3499.0858079923155,1136.532159953478,3436.0915460869687,1135.6818852916108,3435.71364623725,1163.6793350273203,1
290,16,29.100000000000144,3699.5224253900647,1087.7841822731166,3730.780165235382,1102.3170312629895,3731.255602887142,1074.321067999703,3668.2646855447474,1073.2513332832436,3667.7892478929875,1101.2472965465302,1
291,1,29.200000000000145,1809.8455793403737,1157.9084450073838,1778.1908461291544,1144.2619119192132,1778.504259329265,1172.2601577958033,1841.500312551593,1171.5549780955544,1841.1868993514822,1143.5567322189643,1
291,3,29.200000000000145,2009.0913993635347,944.6558420155242,2023.7509026232508,913.4573009570328,1995.7570978755982,912.8683223917974,1994.4318961038186,975.8543830740156,2022.4257008514712,976.443361639251,1
291,4,29.200000000000145,1239.929697396091,1082.6058650680434,1271.212717831931,1097.08421554076,1271.6393629874847,1069.0874661953226,1208.6466769602507,1068.1275145953268,1208.220031804697,1096.1242639407642,1
291,5,29.200000000000145,2101.227971189931,419.8520407132104,2086.78470456486,451.1512747165708,2114.7819146704705,451.5465294474736,2115.671237815002,388.55280670984996,2087.6740277093913,388.1575519789472,1
291,6,29.200000000000145,2221.982444769077,1029.0059499244153,2239.056203046299,1058.9515135072068,2255.6512578204215,1036.3992595833995,2204.9086864918554,999.0603863416239,2188.3136317177327,1021.612640265431,1
291,7,29.200000000000145,2400.4251848748654,1100.2907673995644,2431.708205310706,1114.7691178722796,2432.1348504662587,1086.7723685268422,2369.142164439025,1085.8124169268492,2368.715519283472,1113.8091662722866,1
291,8,29.200000000000145,1335.2367917350123,1188.3705436618338,1303.966795484357,1173.864085290336,1303.5149900954202,1201.860439908224,1366.5067879856676,1202.8770020333316,1366.9585933746043,1174.8806474154437,1
291,9,29.200000000000145,978.0671634013227,1155.720174647601,946.3796198849408,1142.1500019921993,946.7605370121089,1170.1474108391308,1009.7547069177045,1169.2903473030026,1009.3737897905364,1141.2929384560712,1
291,10,29.200000000000145,1609.436672390289,1159.7731885015098,1578.1751567655263,1145.248463346013,1577.7069947943578,1173.2445492218772,1640.6981880150518,1174.2979136570066,1641.1663499862202,1146.3018277811425,1
291,11,29.200000000000145,1976.1404632042572,768.9371219328077,1990.7163008590671,737.6994050402334,1962.721018166085,737.1854527661721,1961.5646255494473,800.174838825382,1989.5599082424294,800.6887910994433,1
291,12,29.200000000000145,1979.9165777329408,563.2499423115759,1994.4924153877507,532.0122254190015,1966.4971326947687,531.4982731449403,1965.340740078131,594.4876592041502,1993.336022771113,595.0016114782114,1
291,13,29.200000000000145,2960.4046920918354,1108.824348959886,2991.6877125276756,1123.3026994326026,2992.114357683229,1095.3059500871655,2929.121671655995,1094.3459984871695,2928.6950265004416,1122.3427478326066,1
291,14,29.200000000000145,344.48243226001705,1171.8785624477741,313.1235246495045,1157.5653198565465,312.8444687419581,1185.5639292470225,375.8413398705296,1186.1918050390018,376.120395778076,1158.1931956485257,1
291,15,29.200000000000145,3456.5651132987114,1149.9595056372477,3487.8732943265245,1164.3833678360375,3488.2511941762446,1136.3859181003281,3425.2569322708982,1135.535643438458,3424.879032421178,1163.5330931741673,1
291,16,29.200000000000145,3690.9826228578677,1087.639156234033,3722.2403627031845,1102.1720052239075,3722.7158003549457,1074.176041960621,3659.724883012551,1073.1063072441584,3659.2494453607897,1101.102270507445,1
292,1,29.300000000000146,1809.8455793403737,1157.9084450073838,1778.1908461291544,1144.2619119192132,1778.504259329265,1172.2601577958033,1841.500312551593,1171.5549780955544,1841.1868993514822,1143.5567322189643,1
292,3,29.300000000000146,2009.0913993635347,944.6558420155242,2023.7509026232508,913.4573009570328,1995.7570978755982,912.8683223917974,1994.4318961038186,975.8543830740156,2022.4257008514712,976.443361639251,1
292,4,29.300000000000146,1229.675087301554,1082.4495940786887,1260.9581077373948,1096.927944551404,1261.384752892947,1068.9311952059666,1198.392066865713,1067.9712436059735,1197.9654217101609,1095.967992951411,1
292,5,29.300000000000146,2101.3645699763542,410.1762933415877,2086.9213033512833,441.47552734494815,2114.918513456894,441.8707820758509,2115.807836601425,378.8770593382273,2087.8106264958146,378.48180460732453,1
292,6,29.300000000000146,2215.921792528999,1024.5462246911502,2232.9955508062208,1054.4917882739417,2249.5906055803434,1031.9395343501344,2198.8480342517773,994.6006611083588,2182.2529794776547,1017.1529150321659,1
292,7,29.300000000000146,2393.130397143518,1100.1796014278307,2424.4134175793583,1114.6579519005472,2424.840062734912,1086.6612025551099,2361.847376707678,1085.7012509551141,2361.4207315521244,1113.6980003005515,1
292,8,29.300000000000146,1342.7566978330779,1188.4918999650301,1311.4867015824225,1173.9854415935324,1311.0348961934858,1201.9817962114203,1374.0266940837332,1202.9983583365279,1374.47849947267,1175.00200371864,1
292,9,29.300000000000146,987.4137802447221,1155.5930097925889,955.7262367283397,1142.0228371371888,956.1071538555091,1170.02024598412,1019.1013237611046,1169.163182447989,1018.7204066339352,1141.1657736010577,1
292,10,29.300000000000146,1621.438826025732,1159.9738934118013,1590.1330409524285,1145.544831732533,1589.7504912765357,1173.5422183203107,1652.7446110990354,1174.4029550910695,1653.1271607749281,1146.405568503292,1
292,11,29.300000000000146,1976.0194447275992,775.5290695437122,1990.595282382409,744.2913526511379,1962.5999996894268,743.7774003770767,1961.4436070727893,806.7667864362866,1989.4388897657716,807.2807387103478,1
292,12,29.300000000000146,1979.7862664671804,570.3480736112348,1994.3621041219903,539.1103567186605,1966.3668214290083,538.5964044445992,1965.2104288123705,601.5857905038091,1993.2057115053526,602.0997427778703,1
292,13,29.300000000000146,2948.5836336504085,1108.6442067135374,2979.866654086249,1123.1225571862526,2980.293299241802,1095.1258078408152,2917.300613214568,1094.1658562408222,2916.873968059015,1122.1626055862596,1
292,14,29.300000000000146,350.7599085633176,1171.9411286567772,319.401000952805,1157.6278860655495,319.12194504525866,1185.6264954560256,382.11881617383017,1186.2543712480049,382.39787208137653,1158.2557618575288,1
292,15,29.300000000000146,3445.73049948264,1149.8132637840968,3477.038680510454,1164.2371259828851,3477.4165803601727,1136.2396762471756,3414.422318454826,1135.3894015853084,3414.0444186051072,1163.386851321018,1
292,16,29.300000000000146,3682.3467479829424,1087.4924986594099,3713.604487828259,1102.0253476492842,3714.0799254800204,1074.0293843859977,3651.0890081376256,1072.9596496695356,3650.6135704858643,1100.955612932822,1
293,1,29.400000000000148,1809.8455793403737,1157.9084450073838,1778.1908461291544,1144.2619119192132,1778.504259329265,1172.2601577958033,1841.500312551593,1171.5549780955544,1841.1868993514822,1143.5567322189643,1
293,3,29.400000000000148,2009.0913993635347,944.6558420155242,2023.7509026232508,913.4573009570328,1995.7570978755982,912.8683223917974,1994.4318961038186,975.8543830740156,2022.4257008514712,976.443361639251,1
293,4,29.400000000000148,1219.4204772070166,1082.2933230893345,1250.7034976428565,1096.7716735620513,1251.1301427984104,1068.774924216614,1188.1374567711766,1067.8149726166178,1187.7108116156228,1095.8117219620551,1
293,5,29.400000000000148,2101.501168762777,400.50054596996506,2087.057902137706,431.7997799733255,2115.0551122433167,432.19503470422825,2115.944435387848,369.20131196660464,2087.9472252822375,368.80605723570187,1
293,6,29.400000000000148,2209.861140288921,1020.0864994578853,2226.9348985661427,1050.0320630406768,2243.5299533402654,1027.4798091168695,2192.7873820116993,990.140935875094,2176.1923272375766,1012.693189798901,1
293,7,29.400000000000148,2385.835609412171,1100.0684354560972,2417.1186298480116,1114.5467859288124,2417.5452750035643,1086.550036583375,2354.5525889763303,1085.590084983382,2354.1259438207776,1113.5868343288194,1
293,8,29.400000000000148,1350.2756189717322,1188.613240372944,1319.0056227210769,1174.1067820014462,1318.5538173321402,1202.103136619334,1381.5456152223876,1203.1196987444416,1381.9974206113243,1175.1233441265538,1
293,9,29.400000000000148,996.8704514706308,1155.464347599039,965.1829079542483,1141.894174943639,965.5638250814177,1169.8915837905702,1028.5579949870132,1169.034520254439,1028.1770778598438,1141.0371114075078,1
293,10,29.400000000000148,1633.4417852210574,1159.8831143445404,1601.7870520098381,1146.2365812563698,1602.1004652099489,1174.23482713296,1665.0965184322768,1173.529647432711,1664.783105232166,1145.531401556121,1
293,11,29.400000000000148,1975.8984262509412,782.121017154617,1990.474263905751,750.8833002620427,1962.478981212769,750.3693479879814,1961.3225885961313,813.3587340471913,1989.3178712891133,813.8726863212526,1
293,12,29.400000000000148,1979.653948256656,577.5555243727465,1994.2297859114658,546.3178074801722,1966.2345032184837,545.8038552061109,1965.078110601846,608.7932412653208,1993.073393294828,609.3071935393821,1
293,13,29.400000000000148,2936.7625752089816,1108.4640644671888,2968.0455956448222,1122.942414939904,2968.472240800375,1094.9456655944666,2905.479554773141,1093.9857139944736,2905.0529096175883,1121.982463339911,1
293,14,29.400000000000148,357.0373848666186,1172.0036948657803,325.678477256106,1157.6904522745526,325.39942134855966,1185.6890616650287,388.39629247713117,1186.316937457008,388.67534838467753,1158.3183280665319,1
293,15,29.400000000000148,3434.8958856665686,1149.6670219309453,3466.2040666943826,1164.0908841297337,3466.5819665441013,1136.0934343940241,3403.5877046387545,1135.243159732157,3403.209804789036,1163.2406094678665,1
293,16,29.400000000000148,3673.6148007652882,1087.3442095492474,3704.8725406106055,1101.8770585391203,3705.3479782623654,1073.8810952758338,3642.357060919971,1072.8113605593744,3641.881623268211,1100.807323822661,1
294,1,29.50000000000015,1809.8455793403737,1157.9084450073838,1778.1908461291544,1144.2619119192132,1778.504259329265,1172.2601577958033,1841.500312551593,1171.5549780955544,1841.1868993514822,1143.5567322189643,1
294,3,29.50000000000015,2009.0913993635347,944.6558420155242,2023.7509026232508,913.4573009570328,1995.7570978755982,912.8683223917974,1994.4318961038186,975.8543830740156,2022.4257008514712,976.443361639251,1
294,4,29.50000000000015,1209.1658671124796,1082.1370520999799,1240.4488875483205,1096.615402572695,1240.8755327038728,1068.6186532272577,1177.8828466766388,1067.6587016272647,1177.4562015210865,1095.655450972702,1
294,5,29.50000000000015,2101.6377675492,390.82479859834234,2087.194500924129,422.12403260170277,2115.1917110297395,422.51928733260553,2116.081034174271,359.5255645949819,2088.0838240686603,359.13030986407915,1
294,6,29.50000000000015,2203.800488048843,1015.6267742246202,2220.874246326066,1045.5723378074108,2237.4693011001873,1023.0200838836031,2186.72672977162,985.6812106418296,2170.1316749974985,1008.2334645656374,1
294,7,29.50000000000015,2378.5408216808237,1099.9572694843637,2409.823842116664,1114.4356199570802,2410.2504872722175,1086.438870611643,2347.2578012449835,1085.4789190116471,2346.83115608943,1113.4756683570843,1
294,8,29.50000000000015,1357.7955250697983,1188.7345966761404,1326.525528819143,1174.2281383046427,1326.0737234302062,1202.2244929225305,1389.0655213204536,1203.2410550476382,1389.5173267093903,1175.2447004297503,1
294,9,29.50000000000015,1006.4371770790488,1155.3341880669518,974.7496335626663,1141.7640154115518,975.1305506898357,1169.761424258483,1038.1247205954312,1168.9043607223518,1037.7438034682618,1140.9069518754206,1
294,10,29.50000000000015,1645.444864866682,1159.7487515126863,1613.7901316554628,1146.1022184245157,1614.1035448555735,1174.1004643011058,1677.0995980779014,1173.395284600857,1676.7861848777907,1145.3970387242668,1
294,11,29.50000000000015,1975.7774077742831,788.7129647655213,1990.353245429093,757.475247872947,1962.3579627361107,756.9612955988857,1961.2015701194732,819.9506816580956,1989.1968528124555,820.4646339321569,1
294,12,29.50000000000015,1979.5196231013672,584.8722945961113,1994.095460756177,553.6345777035369,1966.1001780631948,553.1206254294757,1964.9437854465573,616.1100114886856,1992.9390681395396,616.6239637627468,1
294,13,29.50000000000015,2924.9415167675543,1108.2839222208404,2956.2245372033944,1122.762272693557,2956.651182358948,1094.7655233481196,2893.658496331714,1093.8055717481238,2893.2318511761605,1121.8023210935612,1
294,14,29.50000000000015,363.3148611699198,1172.0662610747831,331.95595355940725,1157.7530184835555,331.6768976518609,1185.7516278740316,394.6737687804324,1186.3795036660108,394.95282468797876,1158.3808942755347,1
294,15,29.50000000000015,3424.061271850497,1149.5207800777944,3455.369452878311,1163.9446422765827,3455.74735272803,1135.9471925408732,3392.753090822683,1135.096917879006,3392.3751909729644,1163.0943676147156,1
294,16,29.50000000000015,3664.7867812049067,1087.194288903545,3696.044521050224,1101.7271378934179,3696.519958701984,1073.7311746301314,3633.5290413595894,1072.661439913672,3633.0536037078296,1100.6574031769585,1
294,17,29.50000000000015,1948.9102875331891,18.201935881462475,1963.2167107083674,0.0,1935.2180412984103,0.0,1934.603864358011,49.56395520313117,1962.602533767968,49.83692273219757,1
295,1,29.60000000000015,1809.8455793403737,1157.9084450073838,1778.1908461291544,1144.2619119192132,1778.504259329265,1172.2601577958033,1841.500312551593,1171.5549780955544,1841.1868993514822,1143.5567322189643,1
295,3,29.60000000000015,2009.0913993635347,944.6558420155242,2023.7509026232508,913.4573009570328,1995.7570978755982,912.8683223917974,1994.4318961038186,975.8543830740156,2022.4257008514712,976.443361639251,1
295,4,29.60000000000015,1198.9112570179423,1081.9807811106255,1230.1942774537824,1096.459131583342,1230.620922609336,1068.4623822379049,1167.628236582102,1067.502430637909,1167.2015914265485,1095.499179983346,1
295,5,29.60000000000015,2101.7743651630876,381.14913428128733,2087.3310985380167,412.44836828464776,2115.328308643627,412.8436230155505,2116.2176317881585,349.8499002779269,2088.220421682548,349.45464554702414,1
295,6,29.60000000000015,2197.739835808765,1011.1670489913554,2214.8135940859866,1041.1126125741469,2231.408648860109,1018.5603586503397,2180.666077531543,981.221485408564,2164.0710227574205,1003.7737393323711,1
295,7,29.60000000000015,2371.246033949476,1099.84610351263,2402.5290543853166,1114.3244539853451,2402.9556995408693,1086.3277046399078,2339.9630135136354,1085.3677530399148,2339.5363683580827,1113.3645023853521,1
295,8,29.60000000000015,1365.3151340587683,1188.8559481845878,1334.045137808113,1174.34948981309,1333.5933324191762,1202.3458444309779,1396.5851303094237,1203.3624065560855,1397.0369356983604,1175.3660519381976,1
295,9,29.60000000000015,1016.1139570699759,1155.2025311963268,984.4264135535934,1141.6323585409268,984.8073306807628,1169.629767387858,1047.8015005863583,1168.7727038517269,1047.420583459189,1140.7752950047957,1
295,10,29.60000000000015,1657.4479445123068,1159.6143886808322,1625.793211301087,1145.9678555926632,1626.106624501199,1173.9661014692533,1689.1026777235265,1173.2609217690012,1688.7892645234147,1145.2626758924112,1
295,11,29.60000000000015,1975.656389297625,795.3049123764259,1990.232226952435,764.0671954838516,1962.236944259453,763.5532432097904,1961.0805516428152,826.5426292690003,1989.0758343357973,827.0565815430615,1
295,12,29.60000000000015,1979.3832910013148,592.2983842813289,1993.9591286561247,561.0606673887546,1965.9638459631426,560.5467151146934,1964.8074533465049,623.5361011739033,1992.802736039487,624.0500534479645,1
295,13,29.60000000000015,2913.1204583261274,1108.1037799744918,2944.4034787619676,1122.5821304472083,2944.830123917521,1094.585381101771,2881.837437890287,1093.6254295017752,2881.4107927347336,1121.6221788472126,1
295,14,29.60000000000015,369.59104395132454,1172.1288143915415,338.23213634081196,1157.8155718003138,337.9530804332656,1185.81418119079,400.9499515618371,1186.4420569827691,401.2290074693835,1158.443447592293,1
295,15,29.60000000000015,3413.226658034426,1149.374538224643,3444.53483906224,1163.7984004234313,3444.9127389119585,1135.8009506877218,3381.9184770066117,1134.9506760258546,3381.540577156893,1162.9481257615641,1
295,16,29.60000000000015,3655.8630921199,1087.0427435631073,3687.1208319652173,1101.5755925529802,3687.596269616977,1073.5796292896937,3624.605352274583,1072.5098945732343,3624.129914622823,1100.5058578365208,1
295,17,29.60000000000015,1948.8194521739053,27.519048447995885,1963.1258753490836,0.0,1935.1272059391265,0.0,1934.5130289987271,58.881067769664575,1962.5116984086842,59.15403529873099,1
296,1,29.700000000000152,1809.8455793403737,1157.9084450073838,1778.1908461291544,1144.2619119192132,1778.504259329265,1172.2601577958033,1841.500312551593,1171.5549780955544,1841.1868993514822,1143.5567322189643,1
296,3,29.700000000000152,2009.0913993635347,944.6558420155242,2023.7509026232508,913.4573009570328,1995.7570978755982,912.8683223917974,1994.4318961038186,975.8543830740156,2022.4257008514712,976.443361639251,1
296,4,29.700000000000152,1188.6566469234053,1081.824510121271,1219.939667359246,1096.3028605939862,1220.3663125147987,1068.306111248549,1157.3736264875647,1067.3461596485558,1156.946981332012,1095.342908993993,1
296,5,29.700000000000152,2101.9109639495105,371.47338690966455,2087.4676973244395,402.772620913025,2115.46490743005,403.16787564392774,2116.3542305745814,340.17415290630413,2088.357020468971,339.77889817540137,1
296,6,29.700000000000152,2191.679183568687,1006.7073237580904,2208.75294184591,1036.6528873408813,2225.3479966200316,1014.1006334170737,2174.6054252914646,976.7617601752995,2158.010370517343,999.3140140991071,1
296,7,29.700000000000152,2363.951246218129,1099.7349375408962,2395.2342666539694,1114.2132880136128,2395.660911809523,1086.2165386681754,2332.668225782289,1085.2565870681797,2332.2415806267354,1113.253336413617,1
296,8,29.700000000000152,1372.835040156834,1188.9773044877843,1341.5650439061787,1174.4708461162866,1341.113238517242,1202.4672007341744,1404.1050364074895,1203.483762859282,1404.5568417964262,1175.4874082413942,1
296,9,29.700000000000152,1025.9007914434121,1155.0693769871646,994.2132479270297,1141.4992043317645,994.594165054199,1169.4966131786957,1057.5883349597946,1168.6395496425646,1057.2074178326252,1140.6421407956334,1
296,10,29.700000000000152,1669.4510241579314,1159.4800258489784,1637.7962909467121,1145.8334927608078,1638.1097041468229,1173.8317386373978,1701.1057573691508,1173.126558937149,1700.79234416904,1145.1283130605589,1
296,11,29.700000000000152,1975.535370820967,801.8968599873303,1990.111208475777,770.659143094756,1962.1159257827949,770.1451908206948,1960.9595331661571,833.1345768799047,1988.9548158591392,833.6485291539659,1
296,12,29.700000000000152,1979.244951956498,599.8337934283993,1993.8207896113079,568.596076535825,1965.8255069183258,568.0821242617637,1964.669114301688,631.0715103209736,1992.6643969946701,631.5854625950349,1
296,13,29.700000000000152,2901.2993998847,1107.9236377281431,2932.5824203205407,1122.4019882008583,2933.0090654760934,1094.405238855421,2870.0163794488594,1093.445287255428,2869.5897342933067,1121.4420366008653,1
296,14,29.700000000000152,375.86852025462554,1172.1913806005446,344.50961264411296,1157.878138009317,344.2305567365666,1185.876747399793,407.2274278651381,1186.5046231917722,407.5064837726845,1158.5060138012961,1
296,15,29.700000000000152,3402.3920442183544,1149.228296371492,3433.7002252461684,1163.6521585702803,3434.078125095887,1135.6547088345708,3371.0838631905403,1134.8044341727036,3370.7059633408217,1162.8018839084132,1
296,16,29.700000000000152,3646.843330692165,1086.8895666871301,3678.101070537482,1101.4224156770044,3678.576508189243,1073.426452413718,3615.5855908468484,1072.3567176972558,3615.110153195087,1100.3526809605423,1
296,17,29.700000000000152,1948.7274885347963,36.95189028803992,1963.0339117099745,5.5898709663712225,1935.0352423000174,5.316903437304823,1934.421065359618,68.31390960970862,1962.4197347695751,68.58687713877501,1
297,1,29.800000000000153,1809.8455793403737,1157.9084450073838,1778.1908461291544,1144.2619119192132,1778.504259329265,1172.2601577958033,1841.500312551593,1171.5549780955544,1841.1868993514822,1143.5567322189643,1
297,3,29.800000000000153,2009.0913993635347,944.6558420155242,2023.7509026232508,913.4573009570328,1995.7570978755982,912.8683223917974,1994.4318961038186,975.8543830740156,2022.4257008514712,976.443361639251,1
297,4,29.800000000000153,1178.4020368288684,1081.6682391319166,1209.6850572647086,1096.1465896046332,1210.1117024202622,1068.1498402591958,1147.1190163930282,1067.1898886592,1146.6923712374746,1095.1866380046374,1
297,5,29.800000000000153,2102.0475627359338,361.79763953804184,2087.604296110863,393.09687354140226,2115.6015062164734,393.492128272305,2116.4908293610047,330.4984055346814,2088.493619255394,330.10315080377865,1
297,6,29.800000000000153,2186.324922283347,1001.5635233212316,2192.6339932654987,1035.4522474539306,2215.707167143081,1019.5894404130923,2180.015851301195,967.6747991885327,2156.942677423613,983.5376062293709,1
297,7,29.800000000000153,2356.6567406015,1099.623775868336,2387.9397610373408,1114.1021263410512,2388.3664061928935,1086.1053769956138,2325.3737201656595,1085.1454253956208,2324.947075010107,1113.1421747410582,1
297,8,29.800000000000153,1380.3549462549001,1189.0986607909806,1349.0849500042448,1174.5922024194829,1348.633144615308,1202.5885570373707,1411.6249425055555,1203.6051191624783,1412.0767478944922,1175.6087645445905,1
297,9,29.800000000000153,1035.7981242234398,1155.0,1004.2981242234398,1141.0,1004.2981242234398,1169.0,1067.2981242234398,1169.0,1067.2981242234398,1141.0,1
297,10,29.800000000000153,1681.4541038035559,1159.3456630171245,1649.7993705923366,1145.6991299289539,1650.1127837924473,1173.697375805544,1713.1088370147752,1172.992196105295,1712.7954238146644,1144.993950228705,1
297,11,29.800000000000153,1975.4143523443088,808.4888075982349,1989.9901899991187,777.2510907056605,1961.9949073061366,776.7371384315993,1960.8385146894989,839.7265244908092,1988.833797382481,840.2404767648704,1
297,12,29.800000000000153,1979.1046059669175,607.4785220373227,1993.6804436217274,576.2408051447484,1965.6851609287453,575.7268528706871,1964.5287683121076,638.716238929897,1992.5240510050896,639.2301912039583,1
297,13,29.800000000000153,2889.478341443273,1107.7434954817945,2920.7613618791133,1122.221845954511,2921.188007034667,1094.2250966090737,2858.195321007433,1093.265145009078,2857.7686758518794,1121.2618943545153,1
297,14,29.800000000000153,382.14522289272463,1172.2539390985985,350.78631528221206,1157.9406965073708,350.5072593746657,1185.939305897847,413.5041305032372,1186.5671816898262,413.78318641078357,1158.56857229935,1
297,15,29.800000000000153,3391.557430402283,1149.0820545183406,3422.865611430097,1163.505916717129,3423.2435112798157,1135.5084669814194,3360.249249374469,1134.6581923195522,3359.8713495247503,1162.6556420552618,1
297,16,29.800000000000153,3637.7274969217024,1086.7347582756133,3668.9852367670196,1101.2676072654863,3669.4606744187795,1073.2716440021998,3606.469757076385,1072.2019092857404,3605.9943194246252,1100.197872549027,1
297,17,29.800000000000153,1948.634396615862,46.500461401594805,1962.9408197910402,15.138442079926108,1934.9421503810831,14.865474550859709,1934.3279734406838,77.8624807232635,1962.3266428506408,78.1354482523299,1
298,1,29.900000000000155,1809.8455793403737,1157.9084450073838,1778.1908461291544,1144.2619119192132,1778.504259329265,1172.2601577958033,1841.500312551593,1171.5549780955544,1841.1868993514822,1143.5567322189643,1
298,3,29.900000000000155,2009.0913993635347,944.6558420155242,2023.7509026232508,913.4573009570328,1995.7570978755982,912.8683223917974,1994.4318961038186,975.8543830740156,2022.4257008514712,976.443361639251,1
298,4,29.900000000000155,1168.1474267343312,1081.5119681425622,1199.4304471701712,1095.990318615279,1199.857092325725,1067.9935692698416,1136.8644062984913,1067.0336176698454,1136.4377611429375,1095.0303670152828,1
298,5,29.900000000000155,2102.1841615223566,352.1218921664192,2087.7408948972857,383.4211261697796,2115.738105002896,383.81638090068236,2116.6274281474275,320.82265816305875,2088.630218041817,320.427403432156,1
298,6,29.900000000000155,2182.061979991601,995.3628799877838,2188.371050973753,1029.2516041204829,2211.444224851335,1013.3887970796449,2175.7529090094495,961.4741558550849,2152.6797351318673,977.3369628959227,1
298,7,29.900000000000155,2349.361952870153,1099.5126098966025,2380.644973305993,1113.990960369319,2381.0716184615467,1085.994211023882,2318.0789324343127,1085.034259423886,2317.652287278759,1113.031008769323,1
298,8,29.900000000000155,1387.8748523529657,1189.220017094177,1356.6048561023104,1174.7135587226792,1356.1530507133737,1202.709913340567,1419.144848603621,1203.7264754656746,1419.5966539925578,1175.7301208477868,1
298,9,29.900000000000155,1045.8059935019369,1155.0,1014.3059935019369,1141.0,1014.3059935019369,1169.0,1077.3059935019369,1169.0,1077.3059935019369,1141.0,1
298,10,29.900000000000155,1693.4571834491805,1159.2113001852704,1661.8024502379608,1145.5647670971014,1662.1158634380727,1173.5630129736915,1725.1119166604003,1172.8578332734394,1724.7985034602884,1144.8595873968493,1
298,11,29.900000000000155,1975.2933338676507,815.0807552091394,1989.8691715224609,783.8430383165651,1961.8738888294786,783.3290860425038,1960.7174962128406,846.3184721017137,1988.712778905823,846.832424375775,1
298,12,29.900000000000155,1978.9622530325728,615.232570108099,1993.5380906873827,583.9948532155247,1965.5428079944006,583.4809009414635,1964.386415377763,646.4702870006734,1992.381698070745,646.9842392747346,1
298,13,29.900000000000155,2877.657283001846,1107.563353235446,2908.940303437686,1122.0417037081625,2909.3669485932396,1094.044954362725,2846.3742625660057,1093.0850027627293,2845.947617410452,1121.0817521081667,1
298,14,29.900000000000155,388.4226991960252,1172.3165053076016,357.0637915855119,1158.0032627163753,356.78473567796686,1186.0018721068516,419.78160680653843,1186.6297478988279,420.0606627140835,1158.6311385083516,1
298,15,29.900000000000155,3380.7228165862116,1148.9358126651896,3412.0309976140256,1163.359674863978,3412.4088974637443,1135.3622251282684,3349.4146355583975,1134.5119504664012,3349.036735708679,1162.5094002021108,1
298,16,29.900000000000155,3628.5155908085108,1086.5783183285573,3659.773330653828,1101.1111673184303,3660.248768305588,1073.1152040551437,3597.2578509631935,1072.0454693386844,3596.7824133114336,1100.0414326019709,1
298,17,29.900000000000155,1948.5401928572232,56.163075501960634,1962.8466160324015,24.801056180291944,1934.8479466224444,24.52808865122553,1934.233769682045,87.52509482362933,1962.232439092002,87.79806235269574,1
299,1,30.000000000000156,1809.969888717161,1157.9070534845093,1778.3151555059417,1144.2605203963387,1778.6285687060524,1172.2587662729288,1841.6246219283803,1171.55358657268,1841.3112087282695,1143.5553406960898,1
299,3,30.000000000000156,2009.0913993635347,944.6558420155242,2023.7509026232508,913.4573009570328,1995.7570978755982,912.8683223917974,1994.4318961038186,975.8543830740156,2022.4257008514712,976.443361639251,1
299,4,30.000000000000156,1157.8928166397943,1081.3556971532075,1189.175837075635,1095.8340476259227,1189.6024822311877,1067.8372982804856,1126.6097962039537,1066.8773466804923,1126.183151048401,1094.8740960259295,1
299,5,30.000000000000156,2102.3207603087794,342.44614479479657,2087.8774936837085,373.745378798157,2115.874703789319,374.14063352905976,2116.7640269338503,311.14691079143614,2088.76681682824,310.7516560605334,1
299,6,30.000000000000156,2177.799037699856,989.1622366543359,2184.1081086820077,1023.0509607870348,2207.18128255959,1007.1881537461966,2171.489966717704,955.2735125216369,2148.416792840122,971.1363195624751,1
299,7,30.000000000000156,2342.0671651388056,1099.4014439248688,2373.350185574646,1113.8797943975853,2373.7768307301994,1085.8830450521482,2310.7841447029655,1084.9230934521522,2310.357499547412,1112.9198427975894,1
299,8,30.000000000000156,1395.394758451032,1189.3413733973734,1364.1247622003766,1174.8349150258757,1363.67295681144,1202.8312696437636,1426.6647547016873,1203.8478317688712,1427.116560090624,1175.8514771509833,1
299,9,30.000000000000156,1055.9239273484482,1155.0,1024.4239273484482,1141.0,1024.4239273484482,1169.0,1087.4239273484482,1169.0,1087.4239273484482,1141.0,1
299,10,30.000000000000156,1705.4602630948052,1159.0769373534163,1673.805529883586,1145.4304042652457,1674.1189430836966,1173.428650141836,1737.1149963060245,1172.7234704415869,1736.8015831059138,1144.7252245649966,1
299,11,30.000000000000156,1975.1723153909927,821.6727028200439,1989.7481530458026,790.4349859274696,1961.7528703528203,789.9210336534084,1960.5964777361828,852.9104197126182,1988.591760429165,853.4243719866795,1
299,12,30.000000000000156,1978.817893153464,623.095937640728,1993.393730808274,591.8582207481537,1965.3984481152918,591.3442684740925,1964.2420554986538,654.3336545333024,1992.2373381916361,654.8476068073636,1
299,13,30.000000000000156,2865.836224560419,1107.3832109890973,2897.119244996259,1121.8615614618138,2897.5458901518127,1093.8648121163765,2834.5532041245788,1092.9048605163807,2834.126558969025,1120.901609861818,1
299,14,30.000000000000156,394.7001754993264,1172.3790715166047,363.34126788881383,1158.065828925377,363.06221198126747,1186.064438315853,426.059083109839,1186.6923141078323,426.33813901738534,1158.6937047173562,1
299,15,30.000000000000156,3369.88820277014,1148.7895708120382,3401.1963837979542,1163.2134330108265,3401.574283647673,1135.215983275117,3338.580021742326,1134.3657086132498,3338.2021218926075,1162.3631583489594,1
299,16,30.000000000000156,3619.2076123525917,1086.4202468459616,3650.4653521979094,1100.9530958358346,3650.940789849669,1072.957132572548,3587.949872507274,1071.8873978560887,3587.4744348555146,1099.8833611193752,1
299,17,30.000000000000156,1948.4448608187593,65.94141887583714,1962.7512839939375,34.57939955416845,1934.7526145839804,34.30643202510205,1934.138437643581,97.30343819750584,1962.137107053538,97.57640572657223,1
